[2026-09-01 00:02:24.613 +00:00] [INF] [72] MediaBrowser.Controller.MediaEncoding.TranscodingJob: Stopping ffmpeg process with q command for "/transcode/dc850cdfc27aa2ca578b3d66c5ded1a6.m3u8"
[2026-09-01 00:02:25.291 +00:00] [INF] [70] MediaBrowser.MediaEncoding.Transcoding.TranscodeManager: FFmpeg exited with code 0
[2026-09-01 00:02:25.292 +00:00] [INF] [72] MediaBrowser.MediaEncoding.Transcoding.TranscodeManager: Deleting partial stream file(s) "/transcode/dc850cdfc27aa2ca578b3d66c5ded1a6.m3u8"
[2026-09-01 00:02:26.837 +00:00] [INF] [51] Emby.Server.Implementations.Session.SessionManager: Playback stopped reported by app "Jellyfin Web" "10.10.7" playing "The Empire Strikes Back". Stopped at "223498" ms
[2026-09-01 00:13:04.678 +00:00] [INF] [75] Jellyfin.Api.Helpers.MediaInfoHelper: User policy for "admin2". EnablePlaybackRemuxing: True EnableVideoPlaybackTranscoding: True EnableAudioPlaybackTranscoding: True
[2026-09-01 00:13:05.030 +00:00] [INF] [70] Jellyfin.Api.Controllers.DynamicHlsController: Current HLS implementation doesn't support non-keyframe breaks but one is requested, ignoring that request
[2026-09-01 00:13:05.031 +00:00] [INF] [70] MediaBrowser.MediaEncoding.Transcoding.TranscodeManager: "/usr/lib/jellyfin-ffmpeg/ffmpeg" "-analyzeduration 200M -probesize 1G -f mov,mp4,m4a,3gp,3g2,mj2 -init_hw_device rkmpp=rk -hwaccel rkmpp -hwaccel_output_format drm_prime -noautorotate -afbc rga -i file:\"/media/movies/Star Wars IV.mp4\" -noautoscale -map_metadata -1 -map_chapters -1 -threads 0 -map 0:0 -map 0:1 -map -0:s -codec:v:0 h264_rkmpp -b:v 592001 -maxrate 592001 -bufsize 1184002 -profile:v:0 high -level 40 -g:v:0 72 -keyint_min:v:0 72 -vf \"setparams=color_primaries=bt709:color_trc=bt709:colorspace=bt709,vpp_rkrga=w=960:h=408:format=nv12:afbc=1\" -codec:a:0 copy -copyts -avoid_negative_ts disabled -max_muxing_queue_size 2048 -f hls -max_delay 5000000 -hls_time 3 -hls_segment_type fmp4 -hls_fmp4_init_filename \"d2565fbd28baccf076584585d44aa220-1.mp4\" -start_number 0 -hls_segment_filename \"/transcode/d2565fbd28baccf076584585d44aa220%d.mp4\" -hls_playlist_type vod -hls_list_size 0 -hls_segment_options movflags=+frag_discont -y \"/transcode/d2565fbd28baccf076584585d44aa220.m3u8\""
[2026-09-01 00:13:09.630 +00:00] [INF] [77] MediaBrowser.Controller.MediaEncoding.TranscodingJob: Stopping ffmpeg process with q command for "/transcode/d2565fbd28baccf076584585d44aa220.m3u8"
[2026-09-01 00:13:09.717 +00:00] [INF] [77] MediaBrowser.MediaEncoding.Transcoding.TranscodeManager: FFmpeg exited with code 0
[2026-09-01 00:13:09.717 +00:00] [INF] [77] MediaBrowser.MediaEncoding.Transcoding.TranscodeManager: Deleting partial stream file(s) "/transcode/d2565fbd28baccf076584585d44aa220.m3u8"
[2026-09-01 00:13:11.225 +00:00] [INF] [91] Emby.Server.Implementations.Session.SessionManager: Playback stopped reported by app "Jellyfin Web" "10.10.7" playing "Star Wars". Stopped at "3924" ms
[2026-09-01 00:13:19.770 +00:00] [INF] [75] Jellyfin.Api.Helpers.MediaInfoHelper: User policy for "admin2". EnablePlaybackRemuxing: True EnableVideoPlaybackTranscoding: True EnableAudioPlaybackTranscoding: True
[2026-09-01 00:13:20.117 +00:00] [INF] [80] Jellyfin.Api.Controllers.DynamicHlsController: Current HLS implementation doesn't support non-keyframe breaks but one is requested, ignoring that request
[2026-09-01 00:13:20.118 +00:00] [INF] [80] MediaBrowser.MediaEncoding.Transcoding.TranscodeManager: "/usr/lib/jellyfin-ffmpeg/ffmpeg" "-analyzeduration 200M -probesize 1G -f matroska -init_hw_device rkmpp=rk -hwaccel rkmpp -hwaccel_output_format drm_prime -noautorotate -afbc rga -i file:\"/media/movies/Gravity.mkv\" -noautoscale -map_metadata -1 -map_chapters -1 -threads 0 -map 0:0 -map 0:1 -map -0:s -codec:v:0 h264_rkmpp -b:v 528000 -maxrate 528000 -bufsize 1056000 -profile:v:0 high -level 51 -g:v:0 72 -keyint_min:v:0 72 -vf \"setparams=color_primaries=bt709:color_trc=bt709:colorspace=bt709,vpp_rkrga=format=nv12:afbc=1\" -codec:a:0 copy -copyts -avoid_negative_ts disabled -max_muxing_queue_size 2048 -f hls -max_delay 5000000 -hls_time 3 -hls_segment_type fmp4 -hls_fmp4_init_filename \"e78132e3a90f68fca74c1fca42ed45a2-1.mp4\" -start_number 0 -hls_segment_filename \"/transcode/e78132e3a90f68fca74c1fca42ed45a2%d.mp4\" -hls_playlist_type vod -hls_list_size 0 -hls_segment_options movflags=+frag_discont -y \"/transcode/e78132e3a90f68fca74c1fca42ed45a2.m3u8\""
[2026-09-01 00:13:20.173 +00:00] [ERR] [69] MediaBrowser.MediaEncoding.Transcoding.TranscodeManager: FFmpeg exited with code 187
[2026-09-01 00:13:20.266 +00:00] [ERR] [80] Jellyfin.Api.Middleware.ExceptionMiddleware: Error processing request. URL "GET" "/videos/0c1360b2-acdb-8f0f-879f-2dae4b50b009/hls1/main/-1.mp4".
MediaBrowser.Common.FfmpegException: FFmpeg exited with code 187
   at MediaBrowser.MediaEncoding.Transcoding.TranscodeManager.StartFfMpeg(StreamState state, String outputPath, String commandLineArguments, Guid userId, TranscodingJobType transcodingJobType, CancellationTokenSource cancellationTokenSource, String workingDirectory)
   at Jellyfin.Api.Controllers.DynamicHlsController.GetDynamicSegment(StreamingRequestDto streamingRequest, Int32 segmentId)
   at Jellyfin.Api.Controllers.DynamicHlsController.GetHlsVideoSegment(Guid itemId, String playlistId, Int32 segmentId, String container, Int64 runtimeTicks, Int64 actualSegmentLengthTicks, Nullable`1 static, String params, String tag, String deviceProfileId, String playSessionId, String segmentContainer, Nullable`1 segmentLength, Nullable`1 minSegments, String mediaSourceId, String deviceId, String audioCodec, Nullable`1 enableAutoStreamCopy, Nullable`1 allowVideoStreamCopy, Nullable`1 allowAudioStreamCopy, Nullable`1 breakOnNonKeyFrames, Nullable`1 audioSampleRate, Nullable`1 maxAudioBitDepth, Nullable`1 audioBitRate, Nullable`1 audioChannels, Nullable`1 maxAudioChannels, String profile, String level, Nullable`1 framerate, Nullable`1 maxFramerate, Nullable`1 copyTimestamps, Nullable`1 startTimeTicks, Nullable`1 width, Nullable`1 height, Nullable`1 maxWidth, Nullable`1 maxHeight, Nullable`1 videoBitRate, Nullable`1 subtitleStreamIndex, Nullable`1 subtitleMethod, Nullable`1 maxRefFrames, Nullable`1 maxVideoBitDepth, Nullable`1 requireAvc, Nullable`1 deInterlace, Nullable`1 requireNonAnamorphic, Nullable`1 transcodingMaxAudioChannels, Nullable`1 cpuCoreLimit, String liveStreamId, Nullable`1 enableMpegtsM2TsMode, String videoCodec, String subtitleCodec, String transcodeReasons, Nullable`1 audioStreamIndex, Nullable`1 videoStreamIndex, Nullable`1 context, Dictionary`2 streamOptions, Boolean enableAudioVbrEncoding, Boolean alwaysBurnInSubtitleWhenTranscoding)
   at lambda_method1811(Closure, Object)
   at Microsoft.AspNetCore.Mvc.Infrastructure.ActionMethodExecutor.TaskOfActionResultExecutor.Execute(ActionContext actionContext, IActionResultTypeMapper mapper, ObjectMethodExecutor executor, Object controller, Object[] arguments)
   at Microsoft.AspNetCore.Mvc.Infrastructure.ControllerActionInvoker.<InvokeActionMethodAsync>g__Awaited|12_0(ControllerActionInvoker invoker, ValueTask`1 actionResultValueTask)
   at Microsoft.AspNetCore.Mvc.Infrastructure.ControllerActionInvoker.<InvokeNextActionFilterAsync>g__Awaited|10_0(ControllerActionInvoker invoker, Task lastTask, State next, Scope scope, Object state, Boolean isCompleted)
   at Microsoft.AspNetCore.Mvc.Infrastructure.ControllerActionInvoker.Rethrow(ActionExecutedContextSealed context)
   at Microsoft.AspNetCore.Mvc.Infrastructure.ControllerActionInvoker.Next(State& next, Scope& scope, Object& state, Boolean& isCompleted)
   at Microsoft.AspNetCore.Mvc.Infrastructure.ControllerActionInvoker.<InvokeInnerFilterAsync>g__Awaited|13_0(ControllerActionInvoker invoker, Task lastTask, State next, Scope scope, Object state, Boolean isCompleted)
   at Microsoft.AspNetCore.Mvc.Infrastructure.ResourceInvoker.<InvokeNextResourceFilter>g__Awaited|25_0(ResourceInvoker invoker, Task lastTask, State next, Scope scope, Object state, Boolean isCompleted)
   at Microsoft.AspNetCore.Mvc.Infrastructure.ResourceInvoker.Rethrow(ResourceExecutedContextSealed context)
   at Microsoft.AspNetCore.Mvc.Infrastructure.ResourceInvoker.Next(State& next, Scope& scope, Object& state, Boolean& isCompleted)
   at Microsoft.AspNetCore.Mvc.Infrastructure.ResourceInvoker.<InvokeFilterPipelineAsync>g__Awaited|20_0(ResourceInvoker invoker, Task lastTask, State next, Scope scope, Object state, Boolean isCompleted)
   at Microsoft.AspNetCore.Mvc.Infrastructure.ResourceInvoker.<InvokeAsync>g__Awaited|17_0(ResourceInvoker invoker, Task task, IDisposable scope)
   at Microsoft.AspNetCore.Mvc.Infrastructure.ResourceInvoker.<InvokeAsync>g__Awaited|17_0(ResourceInvoker invoker, Task task, IDisposable scope)
   at Jellyfin.Api.Middleware.ServerStartupMessageMiddleware.Invoke(HttpContext httpContext, IServerApplicationHost serverApplicationHost, ILocalizationManager localizationManager)
   at Jellyfin.Api.Middleware.WebSocketHandlerMiddleware.Invoke(HttpContext httpContext, IWebSocketManager webSocketManager)
   at Jellyfin.Api.Middleware.IPBasedAccessValidationMiddleware.Invoke(HttpContext httpContext, INetworkManager networkManager)
   at Jellyfin.Api.Middleware.LanFilteringMiddleware.Invoke(HttpContext httpContext, INetworkManager networkManager, IServerConfigurationManager serverConfigurationManager)
   at Microsoft.AspNetCore.Authorization.AuthorizationMiddleware.Invoke(HttpContext context)
   at Jellyfin.Api.Middleware.QueryStringDecodingMiddleware.Invoke(HttpContext httpContext)
   at Swashbuckle.AspNetCore.ReDoc.ReDocMiddleware.Invoke(HttpContext httpContext)
   at Swashbuckle.AspNetCore.SwaggerUI.SwaggerUIMiddleware.Invoke(HttpContext httpContext)
   at Swashbuckle.AspNetCore.Swagger.SwaggerMiddleware.Invoke(HttpContext httpContext, ISwaggerProvider swaggerProvider)
   at Microsoft.AspNetCore.Authentication.AuthenticationMiddleware.Invoke(HttpContext context)
   at Jellyfin.Api.Middleware.RobotsRedirectionMiddleware.Invoke(HttpContext httpContext)
   at Jellyfin.Api.Middleware.LegacyEmbyRouteRewriteMiddleware.Invoke(HttpContext httpContext)
   at Microsoft.AspNetCore.ResponseCompression.ResponseCompressionMiddleware.InvokeCore(HttpContext context)
   at Jellyfin.Api.Middleware.ResponseTimeMiddleware.Invoke(HttpContext context, IServerConfigurationManager serverConfigurationManager)
   at Jellyfin.Api.Middleware.ExceptionMiddleware.Invoke(HttpContext context)
[2026-09-01 00:13:20.394 +00:00] [INF] [69] Jellyfin.Api.Helpers.MediaInfoHelper: User policy for "admin2". EnablePlaybackRemuxing: True EnableVideoPlaybackTranscoding: True EnableAudioPlaybackTranscoding: True
[2026-09-01 00:13:20.409 +00:00] [INF] [69] MediaBrowser.MediaEncoding.Transcoding.TranscodeManager: Deleting partial stream file(s) "/transcode/e78132e3a90f68fca74c1fca42ed45a2.m3u8"
[2026-09-01 00:13:20.499 +00:00] [INF] [75] Jellyfin.Api.Controllers.DynamicHlsController: Current HLS implementation doesn't support non-keyframe breaks but one is requested, ignoring that request
[2026-09-01 00:13:20.501 +00:00] [INF] [75] MediaBrowser.MediaEncoding.Transcoding.TranscodeManager: "/usr/lib/jellyfin-ffmpeg/ffmpeg" "-analyzeduration 200M -probesize 1G -f matroska -init_hw_device rkmpp=rk -hwaccel rkmpp -hwaccel_output_format drm_prime -noautorotate -afbc rga -i file:\"/media/movies/Gravity.mkv\" -noautoscale -map_metadata -1 -map_chapters -1 -threads 0 -map 0:0 -map 0:1 -map -0:s -codec:v:0 h264_rkmpp -b:v 528000 -maxrate 528000 -bufsize 1056000 -profile:v:0 high -level 51 -g:v:0 72 -keyint_min:v:0 72 -vf \"setparams=color_primaries=bt709:color_trc=bt709:colorspace=bt709,vpp_rkrga=format=nv12:afbc=1\" -codec:a:0 copy -copyts -avoid_negative_ts disabled -max_muxing_queue_size 2048 -f hls -max_delay 5000000 -hls_time 3 -hls_segment_type fmp4 -hls_fmp4_init_filename \"11faeb7f87e1e9d3c334d78418f71e3b-1.mp4\" -start_number 0 -hls_segment_filename \"/transcode/11faeb7f87e1e9d3c334d78418f71e3b%d.mp4\" -hls_playlist_type vod -hls_list_size 0 -hls_segment_options movflags=+frag_discont -y \"/transcode/11faeb7f87e1e9d3c334d78418f71e3b.m3u8\""
[2026-09-01 00:13:20.549 +00:00] [ERR] [75] MediaBrowser.MediaEncoding.Transcoding.TranscodeManager: FFmpeg exited with code 187
[2026-09-01 00:13:20.643 +00:00] [ERR] [75] Jellyfin.Api.Middleware.ExceptionMiddleware: Error processing request. URL "GET" "/videos/0c1360b2-acdb-8f0f-879f-2dae4b50b009/hls1/main/-1.mp4".
MediaBrowser.Common.FfmpegException: FFmpeg exited with code 187
   at MediaBrowser.MediaEncoding.Transcoding.TranscodeManager.StartFfMpeg(StreamState state, String outputPath, String commandLineArguments, Guid userId, TranscodingJobType transcodingJobType, CancellationTokenSource cancellationTokenSource, String workingDirectory)
   at Jellyfin.Api.Controllers.DynamicHlsController.GetDynamicSegment(StreamingRequestDto streamingRequest, Int32 segmentId)
   at Jellyfin.Api.Controllers.DynamicHlsController.GetHlsVideoSegment(Guid itemId, String playlistId, Int32 segmentId, String container, Int64 runtimeTicks, Int64 actualSegmentLengthTicks, Nullable`1 static, String params, String tag, String deviceProfileId, String playSessionId, String segmentContainer, Nullable`1 segmentLength, Nullable`1 minSegments, String mediaSourceId, String deviceId, String audioCodec, Nullable`1 enableAutoStreamCopy, Nullable`1 allowVideoStreamCopy, Nullable`1 allowAudioStreamCopy, Nullable`1 breakOnNonKeyFrames, Nullable`1 audioSampleRate, Nullable`1 maxAudioBitDepth, Nullable`1 audioBitRate, Nullable`1 audioChannels, Nullable`1 maxAudioChannels, String profile, String level, Nullable`1 framerate, Nullable`1 maxFramerate, Nullable`1 copyTimestamps, Nullable`1 startTimeTicks, Nullable`1 width, Nullable`1 height, Nullable`1 maxWidth, Nullable`1 maxHeight, Nullable`1 videoBitRate, Nullable`1 subtitleStreamIndex, Nullable`1 subtitleMethod, Nullable`1 maxRefFrames, Nullable`1 maxVideoBitDepth, Nullable`1 requireAvc, Nullable`1 deInterlace, Nullable`1 requireNonAnamorphic, Nullable`1 transcodingMaxAudioChannels, Nullable`1 cpuCoreLimit, String liveStreamId, Nullable`1 enableMpegtsM2TsMode, String videoCodec, String subtitleCodec, String transcodeReasons, Nullable`1 audioStreamIndex, Nullable`1 videoStreamIndex, Nullable`1 context, Dictionary`2 streamOptions, Boolean enableAudioVbrEncoding, Boolean alwaysBurnInSubtitleWhenTranscoding)
   at lambda_method1811(Closure, Object)
   at Microsoft.AspNetCore.Mvc.Infrastructure.ActionMethodExecutor.TaskOfActionResultExecutor.Execute(ActionContext actionContext, IActionResultTypeMapper mapper, ObjectMethodExecutor executor, Object controller, Object[] arguments)
   at Microsoft.AspNetCore.Mvc.Infrastructure.ControllerActionInvoker.<InvokeActionMethodAsync>g__Awaited|12_0(ControllerActionInvoker invoker, ValueTask`1 actionResultValueTask)
   at Microsoft.AspNetCore.Mvc.Infrastructure.ControllerActionInvoker.<InvokeNextActionFilterAsync>g__Awaited|10_0(ControllerActionInvoker invoker, Task lastTask, State next, Scope scope, Object state, Boolean isCompleted)
   at Microsoft.AspNetCore.Mvc.Infrastructure.ControllerActionInvoker.Rethrow(ActionExecutedContextSealed context)
   at Microsoft.AspNetCore.Mvc.Infrastructure.ControllerActionInvoker.Next(State& next, Scope& scope, Object& state, Boolean& isCompleted)
   at Microsoft.AspNetCore.Mvc.Infrastructure.ControllerActionInvoker.<InvokeInnerFilterAsync>g__Awaited|13_0(ControllerActionInvoker invoker, Task lastTask, State next, Scope scope, Object state, Boolean isCompleted)
   at Microsoft.AspNetCore.Mvc.Infrastructure.ResourceInvoker.<InvokeNextResourceFilter>g__Awaited|25_0(ResourceInvoker invoker, Task lastTask, State next, Scope scope, Object state, Boolean isCompleted)
   at Microsoft.AspNetCore.Mvc.Infrastructure.ResourceInvoker.Rethrow(ResourceExecutedContextSealed context)
   at Microsoft.AspNetCore.Mvc.Infrastructure.ResourceInvoker.Next(State& next, Scope& scope, Object& state, Boolean& isCompleted)
   at Microsoft.AspNetCore.Mvc.Infrastructure.ResourceInvoker.<InvokeFilterPipelineAsync>g__Awaited|20_0(ResourceInvoker invoker, Task lastTask, State next, Scope scope, Object state, Boolean isCompleted)
   at Microsoft.AspNetCore.Mvc.Infrastructure.ResourceInvoker.<InvokeAsync>g__Awaited|17_0(ResourceInvoker invoker, Task task, IDisposable scope)
   at Microsoft.AspNetCore.Mvc.Infrastructure.ResourceInvoker.<InvokeAsync>g__Awaited|17_0(ResourceInvoker invoker, Task task, IDisposable scope)
   at Jellyfin.Api.Middleware.ServerStartupMessageMiddleware.Invoke(HttpContext httpContext, IServerApplicationHost serverApplicationHost, ILocalizationManager localizationManager)
   at Jellyfin.Api.Middleware.WebSocketHandlerMiddleware.Invoke(HttpContext httpContext, IWebSocketManager webSocketManager)
   at Jellyfin.Api.Middleware.IPBasedAccessValidationMiddleware.Invoke(HttpContext httpContext, INetworkManager networkManager)
   at Jellyfin.Api.Middleware.LanFilteringMiddleware.Invoke(HttpContext httpContext, INetworkManager networkManager, IServerConfigurationManager serverConfigurationManager)
   at Microsoft.AspNetCore.Authorization.AuthorizationMiddleware.Invoke(HttpContext context)
   at Jellyfin.Api.Middleware.QueryStringDecodingMiddleware.Invoke(HttpContext httpContext)
   at Swashbuckle.AspNetCore.ReDoc.ReDocMiddleware.Invoke(HttpContext httpContext)
   at Swashbuckle.AspNetCore.SwaggerUI.SwaggerUIMiddleware.Invoke(HttpContext httpContext)
   at Swashbuckle.AspNetCore.Swagger.SwaggerMiddleware.Invoke(HttpContext httpContext, ISwaggerProvider swaggerProvider)
   at Microsoft.AspNetCore.Authentication.AuthenticationMiddleware.Invoke(HttpContext context)
   at Jellyfin.Api.Middleware.RobotsRedirectionMiddleware.Invoke(HttpContext httpContext)
   at Jellyfin.Api.Middleware.LegacyEmbyRouteRewriteMiddleware.Invoke(HttpContext httpContext)
   at Microsoft.AspNetCore.ResponseCompression.ResponseCompressionMiddleware.InvokeCore(HttpContext context)
   at Jellyfin.Api.Middleware.ResponseTimeMiddleware.Invoke(HttpContext context, IServerConfigurationManager serverConfigurationManager)
   at Jellyfin.Api.Middleware.ExceptionMiddleware.Invoke(HttpContext context)
[2026-09-01 00:13:20.661 +00:00] [INF] [69] Jellyfin.Api.Helpers.MediaInfoHelper: User policy for "admin2". EnablePlaybackRemuxing: True EnableVideoPlaybackTranscoding: True EnableAudioPlaybackTranscoding: True
[2026-09-01 00:13:20.677 +00:00] [INF] [75] MediaBrowser.MediaEncoding.Transcoding.TranscodeManager: Deleting partial stream file(s) "/transcode/11faeb7f87e1e9d3c334d78418f71e3b.m3u8"
[2026-09-01 00:13:20.778 +00:00] [INF] [75] Jellyfin.Api.Controllers.DynamicHlsController: Current HLS implementation doesn't support non-keyframe breaks but one is requested, ignoring that request
[2026-09-01 00:13:20.779 +00:00] [INF] [75] MediaBrowser.MediaEncoding.Transcoding.TranscodeManager: "/usr/lib/jellyfin-ffmpeg/ffmpeg" "-analyzeduration 200M -probesize 1G -f matroska -init_hw_device rkmpp=rk -hwaccel rkmpp -hwaccel_output_format drm_prime -noautorotate -afbc rga -i file:\"/media/movies/Gravity.mkv\" -noautoscale -map_metadata -1 -map_chapters -1 -threads 0 -map 0:0 -map 0:1 -map -0:s -codec:v:0 h264_rkmpp -b:v 528000 -maxrate 528000 -bufsize 1056000 -profile:v:0 high -level 51 -g:v:0 72 -keyint_min:v:0 72 -vf \"setparams=color_primaries=bt709:color_trc=bt709:colorspace=bt709,vpp_rkrga=format=nv12:afbc=1\" -codec:a:0 libfdk_aac -ac 2 -ab 192000 -copyts -avoid_negative_ts disabled -max_muxing_queue_size 2048 -f hls -max_delay 5000000 -hls_time 3 -hls_segment_type fmp4 -hls_fmp4_init_filename \"048d6ffda133b662e637b4ba93ba4a9c-1.mp4\" -start_number 0 -hls_segment_filename \"/transcode/048d6ffda133b662e637b4ba93ba4a9c%d.mp4\" -hls_playlist_type vod -hls_list_size 0 -hls_segment_options movflags=+frag_discont -y \"/transcode/048d6ffda133b662e637b4ba93ba4a9c.m3u8\""
[2026-09-01 00:13:20.827 +00:00] [ERR] [75] MediaBrowser.MediaEncoding.Transcoding.TranscodeManager: FFmpeg exited with code 187
[2026-09-01 00:13:20.920 +00:00] [ERR] [75] Jellyfin.Api.Middleware.ExceptionMiddleware: Error processing request. URL "GET" "/videos/0c1360b2-acdb-8f0f-879f-2dae4b50b009/hls1/main/-1.mp4".
MediaBrowser.Common.FfmpegException: FFmpeg exited with code 187
   at MediaBrowser.MediaEncoding.Transcoding.TranscodeManager.StartFfMpeg(StreamState state, String outputPath, String commandLineArguments, Guid userId, TranscodingJobType transcodingJobType, CancellationTokenSource cancellationTokenSource, String workingDirectory)
   at Jellyfin.Api.Controllers.DynamicHlsController.GetDynamicSegment(StreamingRequestDto streamingRequest, Int32 segmentId)
   at Jellyfin.Api.Controllers.DynamicHlsController.GetHlsVideoSegment(Guid itemId, String playlistId, Int32 segmentId, String container, Int64 runtimeTicks, Int64 actualSegmentLengthTicks, Nullable`1 static, String params, String tag, String deviceProfileId, String playSessionId, String segmentContainer, Nullable`1 segmentLength, Nullable`1 minSegments, String mediaSourceId, String deviceId, String audioCodec, Nullable`1 enableAutoStreamCopy, Nullable`1 allowVideoStreamCopy, Nullable`1 allowAudioStreamCopy, Nullable`1 breakOnNonKeyFrames, Nullable`1 audioSampleRate, Nullable`1 maxAudioBitDepth, Nullable`1 audioBitRate, Nullable`1 audioChannels, Nullable`1 maxAudioChannels, String profile, String level, Nullable`1 framerate, Nullable`1 maxFramerate, Nullable`1 copyTimestamps, Nullable`1 startTimeTicks, Nullable`1 width, Nullable`1 height, Nullable`1 maxWidth, Nullable`1 maxHeight, Nullable`1 videoBitRate, Nullable`1 subtitleStreamIndex, Nullable`1 subtitleMethod, Nullable`1 maxRefFrames, Nullable`1 maxVideoBitDepth, Nullable`1 requireAvc, Nullable`1 deInterlace, Nullable`1 requireNonAnamorphic, Nullable`1 transcodingMaxAudioChannels, Nullable`1 cpuCoreLimit, String liveStreamId, Nullable`1 enableMpegtsM2TsMode, String videoCodec, String subtitleCodec, String transcodeReasons, Nullable`1 audioStreamIndex, Nullable`1 videoStreamIndex, Nullable`1 context, Dictionary`2 streamOptions, Boolean enableAudioVbrEncoding, Boolean alwaysBurnInSubtitleWhenTranscoding)
   at lambda_method1811(Closure, Object)
   at Microsoft.AspNetCore.Mvc.Infrastructure.ActionMethodExecutor.TaskOfActionResultExecutor.Execute(ActionContext actionContext, IActionResultTypeMapper mapper, ObjectMethodExecutor executor, Object controller, Object[] arguments)
   at Microsoft.AspNetCore.Mvc.Infrastructure.ControllerActionInvoker.<InvokeActionMethodAsync>g__Awaited|12_0(ControllerActionInvoker invoker, ValueTask`1 actionResultValueTask)
   at Microsoft.AspNetCore.Mvc.Infrastructure.ControllerActionInvoker.<InvokeNextActionFilterAsync>g__Awaited|10_0(ControllerActionInvoker invoker, Task lastTask, State next, Scope scope, Object state, Boolean isCompleted)
   at Microsoft.AspNetCore.Mvc.Infrastructure.ControllerActionInvoker.Rethrow(ActionExecutedContextSealed context)
   at Microsoft.AspNetCore.Mvc.Infrastructure.ControllerActionInvoker.Next(State& next, Scope& scope, Object& state, Boolean& isCompleted)
   at Microsoft.AspNetCore.Mvc.Infrastructure.ControllerActionInvoker.<InvokeInnerFilterAsync>g__Awaited|13_0(ControllerActionInvoker invoker, Task lastTask, State next, Scope scope, Object state, Boolean isCompleted)
   at Microsoft.AspNetCore.Mvc.Infrastructure.ResourceInvoker.<InvokeNextResourceFilter>g__Awaited|25_0(ResourceInvoker invoker, Task lastTask, State next, Scope scope, Object state, Boolean isCompleted)
   at Microsoft.AspNetCore.Mvc.Infrastructure.ResourceInvoker.Rethrow(ResourceExecutedContextSealed context)
   at Microsoft.AspNetCore.Mvc.Infrastructure.ResourceInvoker.Next(State& next, Scope& scope, Object& state, Boolean& isCompleted)
   at Microsoft.AspNetCore.Mvc.Infrastructure.ResourceInvoker.<InvokeFilterPipelineAsync>g__Awaited|20_0(ResourceInvoker invoker, Task lastTask, State next, Scope scope, Object state, Boolean isCompleted)
   at Microsoft.AspNetCore.Mvc.Infrastructure.ResourceInvoker.<InvokeAsync>g__Awaited|17_0(ResourceInvoker invoker, Task task, IDisposable scope)
   at Microsoft.AspNetCore.Mvc.Infrastructure.ResourceInvoker.<InvokeAsync>g__Awaited|17_0(ResourceInvoker invoker, Task task, IDisposable scope)
   at Jellyfin.Api.Middleware.ServerStartupMessageMiddleware.Invoke(HttpContext httpContext, IServerApplicationHost serverApplicationHost, ILocalizationManager localizationManager)
   at Jellyfin.Api.Middleware.WebSocketHandlerMiddleware.Invoke(HttpContext httpContext, IWebSocketManager webSocketManager)
   at Jellyfin.Api.Middleware.IPBasedAccessValidationMiddleware.Invoke(HttpContext httpContext, INetworkManager networkManager)
   at Jellyfin.Api.Middleware.LanFilteringMiddleware.Invoke(HttpContext httpContext, INetworkManager networkManager, IServerConfigurationManager serverConfigurationManager)
   at Microsoft.AspNetCore.Authorization.AuthorizationMiddleware.Invoke(HttpContext context)
   at Jellyfin.Api.Middleware.QueryStringDecodingMiddleware.Invoke(HttpContext httpContext)
   at Swashbuckle.AspNetCore.ReDoc.ReDocMiddleware.Invoke(HttpContext httpContext)
   at Swashbuckle.AspNetCore.SwaggerUI.SwaggerUIMiddleware.Invoke(HttpContext httpContext)
   at Swashbuckle.AspNetCore.Swagger.SwaggerMiddleware.Invoke(HttpContext httpContext, ISwaggerProvider swaggerProvider)
   at Microsoft.AspNetCore.Authentication.AuthenticationMiddleware.Invoke(HttpContext context)
   at Jellyfin.Api.Middleware.RobotsRedirectionMiddleware.Invoke(HttpContext httpContext)
   at Jellyfin.Api.Middleware.LegacyEmbyRouteRewriteMiddleware.Invoke(HttpContext httpContext)
   at Microsoft.AspNetCore.ResponseCompression.ResponseCompressionMiddleware.InvokeCore(HttpContext context)
   at Jellyfin.Api.Middleware.ResponseTimeMiddleware.Invoke(HttpContext context, IServerConfigurationManager serverConfigurationManager)
   at Jellyfin.Api.Middleware.ExceptionMiddleware.Invoke(HttpContext context)
[2026-09-01 00:13:20.938 +00:00] [INF] [75] MediaBrowser.MediaEncoding.Transcoding.TranscodeManager: Deleting partial stream file(s) "/transcode/048d6ffda133b662e637b4ba93ba4a9c.m3u8"
[2026-09-01 00:13:22.439 +00:00] [INF] [80] Emby.Server.Implementations.Session.SessionManager: Playback stopped reported by app "Jellyfin Web" "10.10.7" playing "Gravity". Stopped at "0" ms
[2026-09-01 00:16:00.828 +00:00] [INF] [84] Emby.Server.Implementations.Session.SessionManager: Sending shutdown notifications
[2026-09-01 00:16:00.860 +00:00] [INF] [71] Jellyfin.Networking.PortForwardingHost: Stopping NAT discovery
[2026-09-01 00:16:00.871 +00:00] [INF] [69] Main: Running query planner optimizations in the database... This might take a while
[2026-09-01 00:16:00.957 +00:00] [INF] [71] Emby.Server.Implementations.IO.LibraryMonitor: Stopping directory watching for path "/media/movies"
[2026-09-01 00:16:00.975 +00:00] [INF] [69] Emby.Server.Implementations.ApplicationHost: Disposing "CoreAppHost"
[2026-09-01 00:16:00.975 +00:00] [INF] [69] Emby.Server.Implementations.ApplicationHost: Disposing "MusicBrainzArtistProvider"
[2026-09-01 00:16:00.976 +00:00] [INF] [69] Emby.Server.Implementations.ApplicationHost: Disposing "MusicBrainzAlbumProvider"
[2026-09-01 00:16:00.976 +00:00] [INF] [69] Emby.Server.Implementations.ApplicationHost: Disposing "PluginManager"
[2026-09-01 00:16:02.026 +00:00] [INF] [1] Main: Jellyfin version: "10.10.7"
[2026-09-01 00:16:02.052 +00:00] [INF] [1] Main: Environment Variables: ["[JELLYFIN_CACHE_DIR, /cache]", "[JELLYFIN_CONFIG_DIR, /config/config]", "[JELLYFIN_WEB_DIR, /jellyfin/jellyfin-web]", "[JELLYFIN_LOG_DIR, /config/log]", "[JELLYFIN_DATA_DIR, /config]", "[JELLYFIN_FFMPEG, /usr/lib/jellyfin-ffmpeg/ffmpeg]"]
[2026-09-01 00:16:02.055 +00:00] [INF] [1] Main: Arguments: ["/jellyfin/jellyfin.dll"]
[2026-09-01 00:16:02.055 +00:00] [INF] [1] Main: Operating system: "Debian GNU/Linux 12 (bookworm)"
[2026-09-01 00:16:02.055 +00:00] [INF] [1] Main: Architecture: Arm64
[2026-09-01 00:16:02.056 +00:00] [INF] [1] Main: 64-Bit Process: True
[2026-09-01 00:16:02.056 +00:00] [INF] [1] Main: User Interactive: True
[2026-09-01 00:16:02.056 +00:00] [INF] [1] Main: Processor count: 8
[2026-09-01 00:16:02.056 +00:00] [INF] [1] Main: Program data path: "/config"
[2026-09-01 00:16:02.056 +00:00] [INF] [1] Main: Log directory path: "/config/log"
[2026-09-01 00:16:02.056 +00:00] [INF] [1] Main: Config directory path: "/config/config"
[2026-09-01 00:16:02.056 +00:00] [INF] [1] Main: Cache path: "/cache"
[2026-09-01 00:16:02.057 +00:00] [INF] [1] Main: Temp directory path: "/tmp/jellyfin"
[2026-09-01 00:16:02.057 +00:00] [INF] [1] Main: Web resources path: "/jellyfin/jellyfin-web"
[2026-09-01 00:16:02.057 +00:00] [INF] [1] Main: Application directory: "/jellyfin/"
[2026-09-01 00:16:02.267 +00:00] [INF] [1] Emby.Server.Implementations.AppBase.BaseConfigurationManager: Setting cache path: "/cache"
[2026-09-01 00:16:02.317 +00:00] [INF] [1] Emby.Server.Implementations.ApplicationHost: Loading assemblies
[2026-09-01 00:16:02.469 +00:00] [INF] [1] Jellyfin.Networking.Manager.NetworkManager: Defined LAN subnets: ["127.0.0.1/8", "10.0.0.0/8", "172.16.0.0/12", "192.168.0.0/16"]
[2026-09-01 00:16:02.469 +00:00] [INF] [1] Jellyfin.Networking.Manager.NetworkManager: Defined LAN exclusions: []
[2026-09-01 00:16:02.470 +00:00] [INF] [1] Jellyfin.Networking.Manager.NetworkManager: Used LAN subnets: ["127.0.0.1/8", "10.0.0.0/8", "172.16.0.0/12", "192.168.0.0/16"]
[2026-09-01 00:16:02.472 +00:00] [INF] [1] Jellyfin.Networking.Manager.NetworkManager: Filtered interface addresses: ["127.0.0.1", "192.168.254.120", "172.18.0.1", "172.23.0.1", "172.22.0.1"]
[2026-09-01 00:16:02.472 +00:00] [INF] [1] Jellyfin.Networking.Manager.NetworkManager: Bind Addresses ["0.0.0.0"]
[2026-09-01 00:16:02.472 +00:00] [INF] [1] Jellyfin.Networking.Manager.NetworkManager: Remote IP filter is "Allowlist"
[2026-09-01 00:16:02.473 +00:00] [INF] [1] Jellyfin.Networking.Manager.NetworkManager: Filtered subnets: []
[2026-09-01 00:16:05.103 +00:00] [INF] [1] Emby.Server.Implementations.Plugins.PluginManager: Loaded plugin: "TMDb" "10.10.7.0"
[2026-09-01 00:16:05.105 +00:00] [INF] [1] Emby.Server.Implementations.Plugins.PluginManager: Loaded plugin: "Studio Images" "10.10.7.0"
[2026-09-01 00:16:05.106 +00:00] [INF] [1] Emby.Server.Implementations.Plugins.PluginManager: Loaded plugin: "OMDb" "10.10.7.0"
[2026-09-01 00:16:05.148 +00:00] [INF] [1] Emby.Server.Implementations.Plugins.PluginManager: Loaded plugin: "MusicBrainz" "10.10.7.0"
[2026-09-01 00:16:05.149 +00:00] [INF] [1] Emby.Server.Implementations.Plugins.PluginManager: Loaded plugin: "AudioDB" "10.10.7.0"
[2026-09-01 00:16:05.330 +00:00] [INF] [1] Main: Kestrel is listening on "0.0.0.0"
[2026-09-01 00:16:05.369 +00:00] [WRN] [1] Microsoft.AspNetCore.DataProtection.KeyManagement.XmlKeyManager: No XML encryptor configured. Key {e18014e0-77ea-4c0c-bcc4-d5d50a89a6f1} may be persisted to storage in unencrypted form.
[2026-09-01 00:16:06.529 +00:00] [WRN] [1] Microsoft.AspNetCore.StaticFiles.StaticFileMiddleware: The WebRootPath was not found: "/wwwroot". Static files may be unavailable.
[2026-09-01 00:16:06.588 +00:00] [INF] [1] Emby.Server.Implementations.ApplicationHost: Running startup tasks
[2026-09-01 00:16:06.597 +00:00] [INF] [11] Emby.Server.Implementations.IO.LibraryMonitor: Watching directory "/media/movies"
[2026-09-01 00:16:06.614 +00:00] [INF] [1] Emby.Server.Implementations.ScheduledTasks.TaskManager: Daily trigger for "Generate Trickplay Images" set to fire at 2026-09-01 03:00:00.000 +00:00, which is 02:43:53.3857416 from now.
[2026-09-01 00:16:06.621 +00:00] [INF] [1] Emby.Server.Implementations.ScheduledTasks.TaskManager: Daily trigger for "Extract Chapter Images" set to fire at 2026-09-01 02:00:00.000 +00:00, which is 01:43:53.3783298 from now.
[2026-09-01 00:16:06.701 +00:00] [INF] [1] MediaBrowser.MediaEncoding.Encoder.MediaEncoder: Found ffmpeg version "7.1.3"
[2026-09-01 00:16:06.792 +00:00] [INF] [1] MediaBrowser.MediaEncoding.Encoder.MediaEncoder: Available "decoders": ["libdav1d", "av1", "av1_cuvid", "av1_rkmpp", "h264", "h264_rkmpp", "h264_cuvid", "hevc", "hevc_rkmpp", "hevc_cuvid", "mpeg1_rkmpp", "mpeg2video", "mpeg2_rkmpp", "mpeg2_cuvid", "mpeg4", "mpeg4_rkmpp", "mpeg4_cuvid", "msmpeg4", "vc1_cuvid", "vp8", "vp8_rkmpp", "libvpx", "vp8_cuvid", "vp9", "vp9_rkmpp", "libvpx-vp9", "vp9_cuvid", "aac", "ac3", "ac4", "dca", "flac", "mp3", "truehd"]
[2026-09-01 00:16:06.854 +00:00] [INF] [1] MediaBrowser.MediaEncoding.Encoder.MediaEncoder: Available "encoders": ["libsvtav1", "av1_nvenc", "libx264", "h264_nvenc", "h264_v4l2m2m", "h264_rkmpp", "libx265", "hevc_nvenc", "hevc_rkmpp", "mjpeg_rkmpp", "aac", "libfdk_aac", "ac3", "alac", "dca", "flac", "libmp3lame", "libopus", "truehd", "libvorbis", "srt"]
[2026-09-01 00:16:06.898 +00:00] [INF] [1] MediaBrowser.MediaEncoding.Encoder.MediaEncoder: Available filters: ["bwdif_cuda", "bwdif_opencl", "hwupload_cuda", "overlay_opencl", "overlay_cuda", "overlay_rkrga", "scale_cuda", "scale_opencl", "scale_rkrga", "tonemapx", "tonemap_cuda", "tonemap_opencl", "transpose_cuda", "transpose_opencl", "vpp_rkrga", "yadif_cuda", "yadif_opencl", "zscale", "alphasrc"]
[2026-09-01 00:16:07.106 +00:00] [WRN] [1] MediaBrowser.MediaEncoding.Encoder.MediaEncoder: Filter: "overlay_vaapi" with option "Action to take when encountering EOF from secondary input" is not available
[2026-09-01 00:16:07.135 +00:00] [WRN] [1] MediaBrowser.MediaEncoding.Encoder.MediaEncoder: Filter: "overlay_vulkan" with option "Action to take when encountering EOF from secondary input" is not available
[2026-09-01 00:16:07.390 +00:00] [INF] [1] MediaBrowser.MediaEncoding.Encoder.MediaEncoder: Available hwaccel types: ["cuda", "drm", "opencl", "rkmpp"]
[2026-09-01 00:16:09.658 +00:00] [INF] [10] Emby.Server.Implementations.ScheduledTasks.TaskManager: "Clean Transcode Directory" Completed after 0 minute(s) and 0 seconds
[2026-09-01 00:16:09.662 +00:00] [INF] [16] Emby.Server.Implementations.ScheduledTasks.TaskManager: "Clean up collections and playlists" Completed after 0 minute(s) and 0 seconds
[2026-09-01 00:16:10.344 +00:00] [INF] [1] MediaBrowser.MediaEncoding.Encoder.MediaEncoder: FFmpeg: "/usr/lib/jellyfin-ffmpeg/ffmpeg"
[2026-09-01 00:16:10.347 +00:00] [INF] [1] Emby.Server.Implementations.ApplicationHost: ServerId: "31a2c68aebb54a898146ddbe266b0a3b"
[2026-09-01 00:16:10.347 +00:00] [INF] [1] Emby.Server.Implementations.ApplicationHost: Core startup complete
[2026-09-01 00:16:10.348 +00:00] [INF] [1] Main: Startup complete 0:00:08.5862074
[2026-09-01 00:16:10.589 +00:00] [INF] [21] Emby.Server.Implementations.ScheduledTasks.TaskManager: "Update Plugins" Completed after 0 minute(s) and 0 seconds
[2026-09-01 00:16:31.183 +00:00] [INF] [21] Jellyfin.Api.Helpers.MediaInfoHelper: User policy for "admin2". EnablePlaybackRemuxing: True EnableVideoPlaybackTranscoding: True EnableAudioPlaybackTranscoding: True
[2026-09-01 00:16:31.769 +00:00] [INF] [21] Jellyfin.Api.Controllers.DynamicHlsController: Current HLS implementation doesn't support non-keyframe breaks but one is requested, ignoring that request
[2026-09-01 00:16:31.803 +00:00] [INF] [21] MediaBrowser.MediaEncoding.Transcoding.TranscodeManager: "/usr/lib/jellyfin-ffmpeg/ffmpeg" "-analyzeduration 200M -probesize 1G -f matroska -init_hw_device rkmpp=rk -hwaccel rkmpp -hwaccel_output_format drm_prime -noautorotate -afbc rga -i file:\"/media/movies/Gravity.mkv\" -noautoscale -map_metadata -1 -map_chapters -1 -threads 0 -map 0:0 -map 0:1 -map -0:s -codec:v:0 h264_rkmpp -b:v 528000 -maxrate 528000 -bufsize 1056000 -profile:v:0 high -level 51 -g:v:0 72 -keyint_min:v:0 72 -vf \"setparams=color_primaries=bt709:color_trc=bt709:colorspace=bt709,vpp_rkrga=format=nv12:afbc=1\" -codec:a:0 copy -copyts -avoid_negative_ts disabled -max_muxing_queue_size 2048 -f hls -max_delay 5000000 -hls_time 3 -hls_segment_type fmp4 -hls_fmp4_init_filename \"58ff193bfdc6a20556597c3eb7e6bc86-1.mp4\" -start_number 0 -hls_segment_filename \"/transcode/58ff193bfdc6a20556597c3eb7e6bc86%d.mp4\" -hls_playlist_type vod -hls_list_size 0 -hls_segment_options movflags=+frag_discont -y \"/transcode/58ff193bfdc6a20556597c3eb7e6bc86.m3u8\""
[2026-09-01 00:16:31.869 +00:00] [ERR] [8] MediaBrowser.MediaEncoding.Transcoding.TranscodeManager: FFmpeg exited with code 187
[2026-09-01 00:16:31.994 +00:00] [ERR] [8] Jellyfin.Api.Middleware.ExceptionMiddleware: Error processing request. URL "GET" "/videos/0c1360b2-acdb-8f0f-879f-2dae4b50b009/hls1/main/-1.mp4".
MediaBrowser.Common.FfmpegException: FFmpeg exited with code 187
   at MediaBrowser.MediaEncoding.Transcoding.TranscodeManager.StartFfMpeg(StreamState state, String outputPath, String commandLineArguments, Guid userId, TranscodingJobType transcodingJobType, CancellationTokenSource cancellationTokenSource, String workingDirectory)
   at Jellyfin.Api.Controllers.DynamicHlsController.GetDynamicSegment(StreamingRequestDto streamingRequest, Int32 segmentId)
   at Jellyfin.Api.Controllers.DynamicHlsController.GetHlsVideoSegment(Guid itemId, String playlistId, Int32 segmentId, String container, Int64 runtimeTicks, Int64 actualSegmentLengthTicks, Nullable`1 static, String params, String tag, String deviceProfileId, String playSessionId, String segmentContainer, Nullable`1 segmentLength, Nullable`1 minSegments, String mediaSourceId, String deviceId, String audioCodec, Nullable`1 enableAutoStreamCopy, Nullable`1 allowVideoStreamCopy, Nullable`1 allowAudioStreamCopy, Nullable`1 breakOnNonKeyFrames, Nullable`1 audioSampleRate, Nullable`1 maxAudioBitDepth, Nullable`1 audioBitRate, Nullable`1 audioChannels, Nullable`1 maxAudioChannels, String profile, String level, Nullable`1 framerate, Nullable`1 maxFramerate, Nullable`1 copyTimestamps, Nullable`1 startTimeTicks, Nullable`1 width, Nullable`1 height, Nullable`1 maxWidth, Nullable`1 maxHeight, Nullable`1 videoBitRate, Nullable`1 subtitleStreamIndex, Nullable`1 subtitleMethod, Nullable`1 maxRefFrames, Nullable`1 maxVideoBitDepth, Nullable`1 requireAvc, Nullable`1 deInterlace, Nullable`1 requireNonAnamorphic, Nullable`1 transcodingMaxAudioChannels, Nullable`1 cpuCoreLimit, String liveStreamId, Nullable`1 enableMpegtsM2TsMode, String videoCodec, String subtitleCodec, String transcodeReasons, Nullable`1 audioStreamIndex, Nullable`1 videoStreamIndex, Nullable`1 context, Dictionary`2 streamOptions, Boolean enableAudioVbrEncoding, Boolean alwaysBurnInSubtitleWhenTranscoding)
   at lambda_method401(Closure, Object)
   at Microsoft.AspNetCore.Mvc.Infrastructure.ActionMethodExecutor.TaskOfActionResultExecutor.Execute(ActionContext actionContext, IActionResultTypeMapper mapper, ObjectMethodExecutor executor, Object controller, Object[] arguments)
   at Microsoft.AspNetCore.Mvc.Infrastructure.ControllerActionInvoker.<InvokeActionMethodAsync>g__Awaited|12_0(ControllerActionInvoker invoker, ValueTask`1 actionResultValueTask)
   at Microsoft.AspNetCore.Mvc.Infrastructure.ControllerActionInvoker.<InvokeNextActionFilterAsync>g__Awaited|10_0(ControllerActionInvoker invoker, Task lastTask, State next, Scope scope, Object state, Boolean isCompleted)
   at Microsoft.AspNetCore.Mvc.Infrastructure.ControllerActionInvoker.Rethrow(ActionExecutedContextSealed context)
   at Microsoft.AspNetCore.Mvc.Infrastructure.ControllerActionInvoker.Next(State& next, Scope& scope, Object& state, Boolean& isCompleted)
   at Microsoft.AspNetCore.Mvc.Infrastructure.ControllerActionInvoker.<InvokeInnerFilterAsync>g__Awaited|13_0(ControllerActionInvoker invoker, Task lastTask, State next, Scope scope, Object state, Boolean isCompleted)
   at Microsoft.AspNetCore.Mvc.Infrastructure.ResourceInvoker.<InvokeNextResourceFilter>g__Awaited|25_0(ResourceInvoker invoker, Task lastTask, State next, Scope scope, Object state, Boolean isCompleted)
   at Microsoft.AspNetCore.Mvc.Infrastructure.ResourceInvoker.Rethrow(ResourceExecutedContextSealed context)
   at Microsoft.AspNetCore.Mvc.Infrastructure.ResourceInvoker.Next(State& next, Scope& scope, Object& state, Boolean& isCompleted)
   at Microsoft.AspNetCore.Mvc.Infrastructure.ResourceInvoker.<InvokeFilterPipelineAsync>g__Awaited|20_0(ResourceInvoker invoker, Task lastTask, State next, Scope scope, Object state, Boolean isCompleted)
   at Microsoft.AspNetCore.Mvc.Infrastructure.ResourceInvoker.<InvokeAsync>g__Awaited|17_0(ResourceInvoker invoker, Task task, IDisposable scope)
   at Microsoft.AspNetCore.Mvc.Infrastructure.ResourceInvoker.<InvokeAsync>g__Awaited|17_0(ResourceInvoker invoker, Task task, IDisposable scope)
   at Jellyfin.Api.Middleware.ServerStartupMessageMiddleware.Invoke(HttpContext httpContext, IServerApplicationHost serverApplicationHost, ILocalizationManager localizationManager)
   at Jellyfin.Api.Middleware.WebSocketHandlerMiddleware.Invoke(HttpContext httpContext, IWebSocketManager webSocketManager)
   at Jellyfin.Api.Middleware.IPBasedAccessValidationMiddleware.Invoke(HttpContext httpContext, INetworkManager networkManager)
   at Jellyfin.Api.Middleware.LanFilteringMiddleware.Invoke(HttpContext httpContext, INetworkManager networkManager, IServerConfigurationManager serverConfigurationManager)
   at Microsoft.AspNetCore.Authorization.AuthorizationMiddleware.Invoke(HttpContext context)
   at Jellyfin.Api.Middleware.QueryStringDecodingMiddleware.Invoke(HttpContext httpContext)
   at Swashbuckle.AspNetCore.ReDoc.ReDocMiddleware.Invoke(HttpContext httpContext)
   at Swashbuckle.AspNetCore.SwaggerUI.SwaggerUIMiddleware.Invoke(HttpContext httpContext)
   at Swashbuckle.AspNetCore.Swagger.SwaggerMiddleware.Invoke(HttpContext httpContext, ISwaggerProvider swaggerProvider)
   at Microsoft.AspNetCore.Authentication.AuthenticationMiddleware.Invoke(HttpContext context)
   at Jellyfin.Api.Middleware.RobotsRedirectionMiddleware.Invoke(HttpContext httpContext)
   at Jellyfin.Api.Middleware.LegacyEmbyRouteRewriteMiddleware.Invoke(HttpContext httpContext)
   at Microsoft.AspNetCore.ResponseCompression.ResponseCompressionMiddleware.InvokeCore(HttpContext context)
   at Jellyfin.Api.Middleware.ResponseTimeMiddleware.Invoke(HttpContext context, IServerConfigurationManager serverConfigurationManager)
   at Jellyfin.Api.Middleware.ExceptionMiddleware.Invoke(HttpContext context)
[2026-09-01 00:16:32.159 +00:00] [INF] [21] Jellyfin.Api.Helpers.MediaInfoHelper: User policy for "admin2". EnablePlaybackRemuxing: True EnableVideoPlaybackTranscoding: True EnableAudioPlaybackTranscoding: True
[2026-09-01 00:16:32.215 +00:00] [INF] [21] MediaBrowser.MediaEncoding.Transcoding.TranscodeManager: Deleting partial stream file(s) "/transcode/58ff193bfdc6a20556597c3eb7e6bc86.m3u8"
[2026-09-01 00:16:32.312 +00:00] [INF] [21] Jellyfin.Api.Controllers.DynamicHlsController: Current HLS implementation doesn't support non-keyframe breaks but one is requested, ignoring that request
[2026-09-01 00:16:32.313 +00:00] [INF] [21] MediaBrowser.MediaEncoding.Transcoding.TranscodeManager: "/usr/lib/jellyfin-ffmpeg/ffmpeg" "-analyzeduration 200M -probesize 1G -f matroska -init_hw_device rkmpp=rk -hwaccel rkmpp -hwaccel_output_format drm_prime -noautorotate -afbc rga -i file:\"/media/movies/Gravity.mkv\" -noautoscale -map_metadata -1 -map_chapters -1 -threads 0 -map 0:0 -map 0:1 -map -0:s -codec:v:0 h264_rkmpp -b:v 528000 -maxrate 528000 -bufsize 1056000 -profile:v:0 high -level 51 -g:v:0 72 -keyint_min:v:0 72 -vf \"setparams=color_primaries=bt709:color_trc=bt709:colorspace=bt709,vpp_rkrga=format=nv12:afbc=1\" -codec:a:0 copy -copyts -avoid_negative_ts disabled -max_muxing_queue_size 2048 -f hls -max_delay 5000000 -hls_time 3 -hls_segment_type fmp4 -hls_fmp4_init_filename \"8b84539587c32b9c2c04a6e53bdc5caa-1.mp4\" -start_number 0 -hls_segment_filename \"/transcode/8b84539587c32b9c2c04a6e53bdc5caa%d.mp4\" -hls_playlist_type vod -hls_list_size 0 -hls_segment_options movflags=+frag_discont -y \"/transcode/8b84539587c32b9c2c04a6e53bdc5caa.m3u8\""
[2026-09-01 00:16:32.364 +00:00] [ERR] [19] MediaBrowser.MediaEncoding.Transcoding.TranscodeManager: FFmpeg exited with code 187
[2026-09-01 00:16:32.459 +00:00] [ERR] [19] Jellyfin.Api.Middleware.ExceptionMiddleware: Error processing request. URL "GET" "/videos/0c1360b2-acdb-8f0f-879f-2dae4b50b009/hls1/main/-1.mp4".
MediaBrowser.Common.FfmpegException: FFmpeg exited with code 187
   at MediaBrowser.MediaEncoding.Transcoding.TranscodeManager.StartFfMpeg(StreamState state, String outputPath, String commandLineArguments, Guid userId, TranscodingJobType transcodingJobType, CancellationTokenSource cancellationTokenSource, String workingDirectory)
   at Jellyfin.Api.Controllers.DynamicHlsController.GetDynamicSegment(StreamingRequestDto streamingRequest, Int32 segmentId)
   at Jellyfin.Api.Controllers.DynamicHlsController.GetHlsVideoSegment(Guid itemId, String playlistId, Int32 segmentId, String container, Int64 runtimeTicks, Int64 actualSegmentLengthTicks, Nullable`1 static, String params, String tag, String deviceProfileId, String playSessionId, String segmentContainer, Nullable`1 segmentLength, Nullable`1 minSegments, String mediaSourceId, String deviceId, String audioCodec, Nullable`1 enableAutoStreamCopy, Nullable`1 allowVideoStreamCopy, Nullable`1 allowAudioStreamCopy, Nullable`1 breakOnNonKeyFrames, Nullable`1 audioSampleRate, Nullable`1 maxAudioBitDepth, Nullable`1 audioBitRate, Nullable`1 audioChannels, Nullable`1 maxAudioChannels, String profile, String level, Nullable`1 framerate, Nullable`1 maxFramerate, Nullable`1 copyTimestamps, Nullable`1 startTimeTicks, Nullable`1 width, Nullable`1 height, Nullable`1 maxWidth, Nullable`1 maxHeight, Nullable`1 videoBitRate, Nullable`1 subtitleStreamIndex, Nullable`1 subtitleMethod, Nullable`1 maxRefFrames, Nullable`1 maxVideoBitDepth, Nullable`1 requireAvc, Nullable`1 deInterlace, Nullable`1 requireNonAnamorphic, Nullable`1 transcodingMaxAudioChannels, Nullable`1 cpuCoreLimit, String liveStreamId, Nullable`1 enableMpegtsM2TsMode, String videoCodec, String subtitleCodec, String transcodeReasons, Nullable`1 audioStreamIndex, Nullable`1 videoStreamIndex, Nullable`1 context, Dictionary`2 streamOptions, Boolean enableAudioVbrEncoding, Boolean alwaysBurnInSubtitleWhenTranscoding)
   at lambda_method401(Closure, Object)
   at Microsoft.AspNetCore.Mvc.Infrastructure.ActionMethodExecutor.TaskOfActionResultExecutor.Execute(ActionContext actionContext, IActionResultTypeMapper mapper, ObjectMethodExecutor executor, Object controller, Object[] arguments)
   at Microsoft.AspNetCore.Mvc.Infrastructure.ControllerActionInvoker.<InvokeActionMethodAsync>g__Awaited|12_0(ControllerActionInvoker invoker, ValueTask`1 actionResultValueTask)
   at Microsoft.AspNetCore.Mvc.Infrastructure.ControllerActionInvoker.<InvokeNextActionFilterAsync>g__Awaited|10_0(ControllerActionInvoker invoker, Task lastTask, State next, Scope scope, Object state, Boolean isCompleted)
   at Microsoft.AspNetCore.Mvc.Infrastructure.ControllerActionInvoker.Rethrow(ActionExecutedContextSealed context)
   at Microsoft.AspNetCore.Mvc.Infrastructure.ControllerActionInvoker.Next(State& next, Scope& scope, Object& state, Boolean& isCompleted)
   at Microsoft.AspNetCore.Mvc.Infrastructure.ControllerActionInvoker.<InvokeInnerFilterAsync>g__Awaited|13_0(ControllerActionInvoker invoker, Task lastTask, State next, Scope scope, Object state, Boolean isCompleted)
   at Microsoft.AspNetCore.Mvc.Infrastructure.ResourceInvoker.<InvokeNextResourceFilter>g__Awaited|25_0(ResourceInvoker invoker, Task lastTask, State next, Scope scope, Object state, Boolean isCompleted)
   at Microsoft.AspNetCore.Mvc.Infrastructure.ResourceInvoker.Rethrow(ResourceExecutedContextSealed context)
   at Microsoft.AspNetCore.Mvc.Infrastructure.ResourceInvoker.Next(State& next, Scope& scope, Object& state, Boolean& isCompleted)
   at Microsoft.AspNetCore.Mvc.Infrastructure.ResourceInvoker.<InvokeFilterPipelineAsync>g__Awaited|20_0(ResourceInvoker invoker, Task lastTask, State next, Scope scope, Object state, Boolean isCompleted)
   at Microsoft.AspNetCore.Mvc.Infrastructure.ResourceInvoker.<InvokeAsync>g__Awaited|17_0(ResourceInvoker invoker, Task task, IDisposable scope)
   at Microsoft.AspNetCore.Mvc.Infrastructure.ResourceInvoker.<InvokeAsync>g__Awaited|17_0(ResourceInvoker invoker, Task task, IDisposable scope)
   at Jellyfin.Api.Middleware.ServerStartupMessageMiddleware.Invoke(HttpContext httpContext, IServerApplicationHost serverApplicationHost, ILocalizationManager localizationManager)
   at Jellyfin.Api.Middleware.WebSocketHandlerMiddleware.Invoke(HttpContext httpContext, IWebSocketManager webSocketManager)
   at Jellyfin.Api.Middleware.IPBasedAccessValidationMiddleware.Invoke(HttpContext httpContext, INetworkManager networkManager)
   at Jellyfin.Api.Middleware.LanFilteringMiddleware.Invoke(HttpContext httpContext, INetworkManager networkManager, IServerConfigurationManager serverConfigurationManager)
   at Microsoft.AspNetCore.Authorization.AuthorizationMiddleware.Invoke(HttpContext context)
   at Jellyfin.Api.Middleware.QueryStringDecodingMiddleware.Invoke(HttpContext httpContext)
   at Swashbuckle.AspNetCore.ReDoc.ReDocMiddleware.Invoke(HttpContext httpContext)
   at Swashbuckle.AspNetCore.SwaggerUI.SwaggerUIMiddleware.Invoke(HttpContext httpContext)
   at Swashbuckle.AspNetCore.Swagger.SwaggerMiddleware.Invoke(HttpContext httpContext, ISwaggerProvider swaggerProvider)
   at Microsoft.AspNetCore.Authentication.AuthenticationMiddleware.Invoke(HttpContext context)
   at Jellyfin.Api.Middleware.RobotsRedirectionMiddleware.Invoke(HttpContext httpContext)
   at Jellyfin.Api.Middleware.LegacyEmbyRouteRewriteMiddleware.Invoke(HttpContext httpContext)
   at Microsoft.AspNetCore.ResponseCompression.ResponseCompressionMiddleware.InvokeCore(HttpContext context)
   at Jellyfin.Api.Middleware.ResponseTimeMiddleware.Invoke(HttpContext context, IServerConfigurationManager serverConfigurationManager)
   at Jellyfin.Api.Middleware.ExceptionMiddleware.Invoke(HttpContext context)
[2026-09-01 00:16:32.498 +00:00] [INF] [19] Jellyfin.Api.Helpers.MediaInfoHelper: User policy for "admin2". EnablePlaybackRemuxing: True EnableVideoPlaybackTranscoding: True EnableAudioPlaybackTranscoding: True
[2026-09-01 00:16:32.519 +00:00] [INF] [19] MediaBrowser.MediaEncoding.Transcoding.TranscodeManager: Deleting partial stream file(s) "/transcode/8b84539587c32b9c2c04a6e53bdc5caa.m3u8"
[2026-09-01 00:16:32.611 +00:00] [INF] [19] Jellyfin.Api.Controllers.DynamicHlsController: Current HLS implementation doesn't support non-keyframe breaks but one is requested, ignoring that request
[2026-09-01 00:16:32.618 +00:00] [INF] [19] MediaBrowser.MediaEncoding.Transcoding.TranscodeManager: "/usr/lib/jellyfin-ffmpeg/ffmpeg" "-analyzeduration 200M -probesize 1G -f matroska -init_hw_device rkmpp=rk -hwaccel rkmpp -hwaccel_output_format drm_prime -noautorotate -afbc rga -i file:\"/media/movies/Gravity.mkv\" -noautoscale -map_metadata -1 -map_chapters -1 -threads 0 -map 0:0 -map 0:1 -map -0:s -codec:v:0 h264_rkmpp -b:v 528000 -maxrate 528000 -bufsize 1056000 -profile:v:0 high -level 51 -g:v:0 72 -keyint_min:v:0 72 -vf \"setparams=color_primaries=bt709:color_trc=bt709:colorspace=bt709,vpp_rkrga=format=nv12:afbc=1\" -codec:a:0 libfdk_aac -ac 2 -ab 192000 -copyts -avoid_negative_ts disabled -max_muxing_queue_size 2048 -f hls -max_delay 5000000 -hls_time 3 -hls_segment_type fmp4 -hls_fmp4_init_filename \"7892350bdfedc8d621d5c156c887dd0e-1.mp4\" -start_number 0 -hls_segment_filename \"/transcode/7892350bdfedc8d621d5c156c887dd0e%d.mp4\" -hls_playlist_type vod -hls_list_size 0 -hls_segment_options movflags=+frag_discont -y \"/transcode/7892350bdfedc8d621d5c156c887dd0e.m3u8\""
[2026-09-01 00:16:32.674 +00:00] [ERR] [19] MediaBrowser.MediaEncoding.Transcoding.TranscodeManager: FFmpeg exited with code 187
[2026-09-01 00:16:32.766 +00:00] [ERR] [19] Jellyfin.Api.Middleware.ExceptionMiddleware: Error processing request. URL "GET" "/videos/0c1360b2-acdb-8f0f-879f-2dae4b50b009/hls1/main/-1.mp4".
MediaBrowser.Common.FfmpegException: FFmpeg exited with code 187
   at MediaBrowser.MediaEncoding.Transcoding.TranscodeManager.StartFfMpeg(StreamState state, String outputPath, String commandLineArguments, Guid userId, TranscodingJobType transcodingJobType, CancellationTokenSource cancellationTokenSource, String workingDirectory)
   at Jellyfin.Api.Controllers.DynamicHlsController.GetDynamicSegment(StreamingRequestDto streamingRequest, Int32 segmentId)
   at Jellyfin.Api.Controllers.DynamicHlsController.GetHlsVideoSegment(Guid itemId, String playlistId, Int32 segmentId, String container, Int64 runtimeTicks, Int64 actualSegmentLengthTicks, Nullable`1 static, String params, String tag, String deviceProfileId, String playSessionId, String segmentContainer, Nullable`1 segmentLength, Nullable`1 minSegments, String mediaSourceId, String deviceId, String audioCodec, Nullable`1 enableAutoStreamCopy, Nullable`1 allowVideoStreamCopy, Nullable`1 allowAudioStreamCopy, Nullable`1 breakOnNonKeyFrames, Nullable`1 audioSampleRate, Nullable`1 maxAudioBitDepth, Nullable`1 audioBitRate, Nullable`1 audioChannels, Nullable`1 maxAudioChannels, String profile, String level, Nullable`1 framerate, Nullable`1 maxFramerate, Nullable`1 copyTimestamps, Nullable`1 startTimeTicks, Nullable`1 width, Nullable`1 height, Nullable`1 maxWidth, Nullable`1 maxHeight, Nullable`1 videoBitRate, Nullable`1 subtitleStreamIndex, Nullable`1 subtitleMethod, Nullable`1 maxRefFrames, Nullable`1 maxVideoBitDepth, Nullable`1 requireAvc, Nullable`1 deInterlace, Nullable`1 requireNonAnamorphic, Nullable`1 transcodingMaxAudioChannels, Nullable`1 cpuCoreLimit, String liveStreamId, Nullable`1 enableMpegtsM2TsMode, String videoCodec, String subtitleCodec, String transcodeReasons, Nullable`1 audioStreamIndex, Nullable`1 videoStreamIndex, Nullable`1 context, Dictionary`2 streamOptions, Boolean enableAudioVbrEncoding, Boolean alwaysBurnInSubtitleWhenTranscoding)
   at lambda_method401(Closure, Object)
   at Microsoft.AspNetCore.Mvc.Infrastructure.ActionMethodExecutor.TaskOfActionResultExecutor.Execute(ActionContext actionContext, IActionResultTypeMapper mapper, ObjectMethodExecutor executor, Object controller, Object[] arguments)
   at Microsoft.AspNetCore.Mvc.Infrastructure.ControllerActionInvoker.<InvokeActionMethodAsync>g__Awaited|12_0(ControllerActionInvoker invoker, ValueTask`1 actionResultValueTask)
   at Microsoft.AspNetCore.Mvc.Infrastructure.ControllerActionInvoker.<InvokeNextActionFilterAsync>g__Awaited|10_0(ControllerActionInvoker invoker, Task lastTask, State next, Scope scope, Object state, Boolean isCompleted)
   at Microsoft.AspNetCore.Mvc.Infrastructure.ControllerActionInvoker.Rethrow(ActionExecutedContextSealed context)
   at Microsoft.AspNetCore.Mvc.Infrastructure.ControllerActionInvoker.Next(State& next, Scope& scope, Object& state, Boolean& isCompleted)
   at Microsoft.AspNetCore.Mvc.Infrastructure.ControllerActionInvoker.<InvokeInnerFilterAsync>g__Awaited|13_0(ControllerActionInvoker invoker, Task lastTask, State next, Scope scope, Object state, Boolean isCompleted)
   at Microsoft.AspNetCore.Mvc.Infrastructure.ResourceInvoker.<InvokeNextResourceFilter>g__Awaited|25_0(ResourceInvoker invoker, Task lastTask, State next, Scope scope, Object state, Boolean isCompleted)
   at Microsoft.AspNetCore.Mvc.Infrastructure.ResourceInvoker.Rethrow(ResourceExecutedContextSealed context)
   at Microsoft.AspNetCore.Mvc.Infrastructure.ResourceInvoker.Next(State& next, Scope& scope, Object& state, Boolean& isCompleted)
   at Microsoft.AspNetCore.Mvc.Infrastructure.ResourceInvoker.<InvokeFilterPipelineAsync>g__Awaited|20_0(ResourceInvoker invoker, Task lastTask, State next, Scope scope, Object state, Boolean isCompleted)
   at Microsoft.AspNetCore.Mvc.Infrastructure.ResourceInvoker.<InvokeAsync>g__Awaited|17_0(ResourceInvoker invoker, Task task, IDisposable scope)
   at Microsoft.AspNetCore.Mvc.Infrastructure.ResourceInvoker.<InvokeAsync>g__Awaited|17_0(ResourceInvoker invoker, Task task, IDisposable scope)
   at Jellyfin.Api.Middleware.ServerStartupMessageMiddleware.Invoke(HttpContext httpContext, IServerApplicationHost serverApplicationHost, ILocalizationManager localizationManager)
   at Jellyfin.Api.Middleware.WebSocketHandlerMiddleware.Invoke(HttpContext httpContext, IWebSocketManager webSocketManager)
   at Jellyfin.Api.Middleware.IPBasedAccessValidationMiddleware.Invoke(HttpContext httpContext, INetworkManager networkManager)
   at Jellyfin.Api.Middleware.LanFilteringMiddleware.Invoke(HttpContext httpContext, INetworkManager networkManager, IServerConfigurationManager serverConfigurationManager)
   at Microsoft.AspNetCore.Authorization.AuthorizationMiddleware.Invoke(HttpContext context)
   at Jellyfin.Api.Middleware.QueryStringDecodingMiddleware.Invoke(HttpContext httpContext)
   at Swashbuckle.AspNetCore.ReDoc.ReDocMiddleware.Invoke(HttpContext httpContext)
   at Swashbuckle.AspNetCore.SwaggerUI.SwaggerUIMiddleware.Invoke(HttpContext httpContext)
   at Swashbuckle.AspNetCore.Swagger.SwaggerMiddleware.Invoke(HttpContext httpContext, ISwaggerProvider swaggerProvider)
   at Microsoft.AspNetCore.Authentication.AuthenticationMiddleware.Invoke(HttpContext context)
   at Jellyfin.Api.Middleware.RobotsRedirectionMiddleware.Invoke(HttpContext httpContext)
   at Jellyfin.Api.Middleware.LegacyEmbyRouteRewriteMiddleware.Invoke(HttpContext httpContext)
   at Microsoft.AspNetCore.ResponseCompression.ResponseCompressionMiddleware.InvokeCore(HttpContext context)
   at Jellyfin.Api.Middleware.ResponseTimeMiddleware.Invoke(HttpContext context, IServerConfigurationManager serverConfigurationManager)
   at Jellyfin.Api.Middleware.ExceptionMiddleware.Invoke(HttpContext context)
[2026-09-01 00:16:32.813 +00:00] [INF] [19] MediaBrowser.MediaEncoding.Transcoding.TranscodeManager: Deleting partial stream file(s) "/transcode/7892350bdfedc8d621d5c156c887dd0e.m3u8"
[2026-09-01 00:16:34.330 +00:00] [INF] [19] Emby.Server.Implementations.Session.SessionManager: Playback stopped reported by app "Jellyfin Web" "10.10.7" playing "Gravity". Stopped at "0" ms
[2026-09-01 00:16:38.640 +00:00] [INF] [8] Jellyfin.Api.Helpers.MediaInfoHelper: User policy for "admin2". EnablePlaybackRemuxing: True EnableVideoPlaybackTranscoding: True EnableAudioPlaybackTranscoding: True
[2026-09-01 00:16:39.010 +00:00] [INF] [19] Jellyfin.Api.Controllers.DynamicHlsController: Current HLS implementation doesn't support non-keyframe breaks but one is requested, ignoring that request
[2026-09-01 00:16:39.011 +00:00] [INF] [19] MediaBrowser.MediaEncoding.Transcoding.TranscodeManager: "/usr/lib/jellyfin-ffmpeg/ffmpeg" "-analyzeduration 200M -probesize 1G -f matroska -init_hw_device rkmpp=rk -hwaccel rkmpp -hwaccel_output_format drm_prime -noautorotate -afbc rga -i file:\"/media/movies/Gladiator.mkv\" -noautoscale -map_metadata -1 -map_chapters -1 -threads 0 -map 0:0 -map 0:1 -map -0:s -codec:v:0 h264_rkmpp -b:v 528000 -maxrate 528000 -bufsize 1056000 -profile:v:0 high -level 51 -g:v:0 72 -keyint_min:v:0 72 -vf \"setparams=color_primaries=bt709:color_trc=bt709:colorspace=bt709,vpp_rkrga=format=nv12:afbc=1\" -codec:a:0 copy -copyts -avoid_negative_ts disabled -max_muxing_queue_size 2048 -f hls -max_delay 5000000 -hls_time 3 -hls_segment_type fmp4 -hls_fmp4_init_filename \"3c450ad6ebadb0b12ee911f056a96914-1.mp4\" -start_number 0 -hls_segment_filename \"/transcode/3c450ad6ebadb0b12ee911f056a96914%d.mp4\" -hls_playlist_type vod -hls_list_size 0 -hls_segment_options movflags=+frag_discont -y \"/transcode/3c450ad6ebadb0b12ee911f056a96914.m3u8\""
[2026-09-01 00:16:39.064 +00:00] [ERR] [19] MediaBrowser.MediaEncoding.Transcoding.TranscodeManager: FFmpeg exited with code 187
[2026-09-01 00:16:39.160 +00:00] [ERR] [11] Jellyfin.Api.Middleware.ExceptionMiddleware: Error processing request. URL "GET" "/videos/461cf38c-d0a9-ecce-fbd6-2b3c9ffabe16/hls1/main/-1.mp4".
MediaBrowser.Common.FfmpegException: FFmpeg exited with code 187
   at MediaBrowser.MediaEncoding.Transcoding.TranscodeManager.StartFfMpeg(StreamState state, String outputPath, String commandLineArguments, Guid userId, TranscodingJobType transcodingJobType, CancellationTokenSource cancellationTokenSource, String workingDirectory)
   at Jellyfin.Api.Controllers.DynamicHlsController.GetDynamicSegment(StreamingRequestDto streamingRequest, Int32 segmentId)
   at Jellyfin.Api.Controllers.DynamicHlsController.GetHlsVideoSegment(Guid itemId, String playlistId, Int32 segmentId, String container, Int64 runtimeTicks, Int64 actualSegmentLengthTicks, Nullable`1 static, String params, String tag, String deviceProfileId, String playSessionId, String segmentContainer, Nullable`1 segmentLength, Nullable`1 minSegments, String mediaSourceId, String deviceId, String audioCodec, Nullable`1 enableAutoStreamCopy, Nullable`1 allowVideoStreamCopy, Nullable`1 allowAudioStreamCopy, Nullable`1 breakOnNonKeyFrames, Nullable`1 audioSampleRate, Nullable`1 maxAudioBitDepth, Nullable`1 audioBitRate, Nullable`1 audioChannels, Nullable`1 maxAudioChannels, String profile, String level, Nullable`1 framerate, Nullable`1 maxFramerate, Nullable`1 copyTimestamps, Nullable`1 startTimeTicks, Nullable`1 width, Nullable`1 height, Nullable`1 maxWidth, Nullable`1 maxHeight, Nullable`1 videoBitRate, Nullable`1 subtitleStreamIndex, Nullable`1 subtitleMethod, Nullable`1 maxRefFrames, Nullable`1 maxVideoBitDepth, Nullable`1 requireAvc, Nullable`1 deInterlace, Nullable`1 requireNonAnamorphic, Nullable`1 transcodingMaxAudioChannels, Nullable`1 cpuCoreLimit, String liveStreamId, Nullable`1 enableMpegtsM2TsMode, String videoCodec, String subtitleCodec, String transcodeReasons, Nullable`1 audioStreamIndex, Nullable`1 videoStreamIndex, Nullable`1 context, Dictionary`2 streamOptions, Boolean enableAudioVbrEncoding, Boolean alwaysBurnInSubtitleWhenTranscoding)
   at lambda_method401(Closure, Object)
   at Microsoft.AspNetCore.Mvc.Infrastructure.ActionMethodExecutor.TaskOfActionResultExecutor.Execute(ActionContext actionContext, IActionResultTypeMapper mapper, ObjectMethodExecutor executor, Object controller, Object[] arguments)
   at Microsoft.AspNetCore.Mvc.Infrastructure.ControllerActionInvoker.<InvokeActionMethodAsync>g__Awaited|12_0(ControllerActionInvoker invoker, ValueTask`1 actionResultValueTask)
   at Microsoft.AspNetCore.Mvc.Infrastructure.ControllerActionInvoker.<InvokeNextActionFilterAsync>g__Awaited|10_0(ControllerActionInvoker invoker, Task lastTask, State next, Scope scope, Object state, Boolean isCompleted)
   at Microsoft.AspNetCore.Mvc.Infrastructure.ControllerActionInvoker.Rethrow(ActionExecutedContextSealed context)
   at Microsoft.AspNetCore.Mvc.Infrastructure.ControllerActionInvoker.Next(State& next, Scope& scope, Object& state, Boolean& isCompleted)
   at Microsoft.AspNetCore.Mvc.Infrastructure.ControllerActionInvoker.<InvokeInnerFilterAsync>g__Awaited|13_0(ControllerActionInvoker invoker, Task lastTask, State next, Scope scope, Object state, Boolean isCompleted)
   at Microsoft.AspNetCore.Mvc.Infrastructure.ResourceInvoker.<InvokeNextResourceFilter>g__Awaited|25_0(ResourceInvoker invoker, Task lastTask, State next, Scope scope, Object state, Boolean isCompleted)
   at Microsoft.AspNetCore.Mvc.Infrastructure.ResourceInvoker.Rethrow(ResourceExecutedContextSealed context)
   at Microsoft.AspNetCore.Mvc.Infrastructure.ResourceInvoker.Next(State& next, Scope& scope, Object& state, Boolean& isCompleted)
   at Microsoft.AspNetCore.Mvc.Infrastructure.ResourceInvoker.<InvokeFilterPipelineAsync>g__Awaited|20_0(ResourceInvoker invoker, Task lastTask, State next, Scope scope, Object state, Boolean isCompleted)
   at Microsoft.AspNetCore.Mvc.Infrastructure.ResourceInvoker.<InvokeAsync>g__Awaited|17_0(ResourceInvoker invoker, Task task, IDisposable scope)
   at Microsoft.AspNetCore.Mvc.Infrastructure.ResourceInvoker.<InvokeAsync>g__Awaited|17_0(ResourceInvoker invoker, Task task, IDisposable scope)
   at Jellyfin.Api.Middleware.ServerStartupMessageMiddleware.Invoke(HttpContext httpContext, IServerApplicationHost serverApplicationHost, ILocalizationManager localizationManager)
   at Jellyfin.Api.Middleware.WebSocketHandlerMiddleware.Invoke(HttpContext httpContext, IWebSocketManager webSocketManager)
   at Jellyfin.Api.Middleware.IPBasedAccessValidationMiddleware.Invoke(HttpContext httpContext, INetworkManager networkManager)
   at Jellyfin.Api.Middleware.LanFilteringMiddleware.Invoke(HttpContext httpContext, INetworkManager networkManager, IServerConfigurationManager serverConfigurationManager)
   at Microsoft.AspNetCore.Authorization.AuthorizationMiddleware.Invoke(HttpContext context)
   at Jellyfin.Api.Middleware.QueryStringDecodingMiddleware.Invoke(HttpContext httpContext)
   at Swashbuckle.AspNetCore.ReDoc.ReDocMiddleware.Invoke(HttpContext httpContext)
   at Swashbuckle.AspNetCore.SwaggerUI.SwaggerUIMiddleware.Invoke(HttpContext httpContext)
   at Swashbuckle.AspNetCore.Swagger.SwaggerMiddleware.Invoke(HttpContext httpContext, ISwaggerProvider swaggerProvider)
   at Microsoft.AspNetCore.Authentication.AuthenticationMiddleware.Invoke(HttpContext context)
   at Jellyfin.Api.Middleware.RobotsRedirectionMiddleware.Invoke(HttpContext httpContext)
   at Jellyfin.Api.Middleware.LegacyEmbyRouteRewriteMiddleware.Invoke(HttpContext httpContext)
   at Microsoft.AspNetCore.ResponseCompression.ResponseCompressionMiddleware.InvokeCore(HttpContext context)
   at Jellyfin.Api.Middleware.ResponseTimeMiddleware.Invoke(HttpContext context, IServerConfigurationManager serverConfigurationManager)
   at Jellyfin.Api.Middleware.ExceptionMiddleware.Invoke(HttpContext context)
[2026-09-01 00:16:39.295 +00:00] [INF] [11] Jellyfin.Api.Helpers.MediaInfoHelper: User policy for "admin2". EnablePlaybackRemuxing: True EnableVideoPlaybackTranscoding: True EnableAudioPlaybackTranscoding: True
[2026-09-01 00:16:39.314 +00:00] [INF] [21] MediaBrowser.MediaEncoding.Transcoding.TranscodeManager: Deleting partial stream file(s) "/transcode/3c450ad6ebadb0b12ee911f056a96914.m3u8"
[2026-09-01 00:16:39.448 +00:00] [INF] [11] Jellyfin.Api.Controllers.DynamicHlsController: Current HLS implementation doesn't support non-keyframe breaks but one is requested, ignoring that request
[2026-09-01 00:16:39.448 +00:00] [INF] [11] MediaBrowser.MediaEncoding.Transcoding.TranscodeManager: "/usr/lib/jellyfin-ffmpeg/ffmpeg" "-analyzeduration 200M -probesize 1G -f matroska -init_hw_device rkmpp=rk -hwaccel rkmpp -hwaccel_output_format drm_prime -noautorotate -afbc rga -i file:\"/media/movies/Gladiator.mkv\" -noautoscale -map_metadata -1 -map_chapters -1 -threads 0 -map 0:0 -map 0:1 -map -0:s -codec:v:0 h264_rkmpp -b:v 528000 -maxrate 528000 -bufsize 1056000 -profile:v:0 high -level 51 -g:v:0 72 -keyint_min:v:0 72 -vf \"setparams=color_primaries=bt709:color_trc=bt709:colorspace=bt709,vpp_rkrga=format=nv12:afbc=1\" -codec:a:0 copy -copyts -avoid_negative_ts disabled -max_muxing_queue_size 2048 -f hls -max_delay 5000000 -hls_time 3 -hls_segment_type fmp4 -hls_fmp4_init_filename \"e1083c80f56a17e5d05b73c54eafb238-1.mp4\" -start_number 0 -hls_segment_filename \"/transcode/e1083c80f56a17e5d05b73c54eafb238%d.mp4\" -hls_playlist_type vod -hls_list_size 0 -hls_segment_options movflags=+frag_discont -y \"/transcode/e1083c80f56a17e5d05b73c54eafb238.m3u8\""
[2026-09-01 00:16:39.498 +00:00] [ERR] [21] MediaBrowser.MediaEncoding.Transcoding.TranscodeManager: FFmpeg exited with code 187
[2026-09-01 00:16:39.594 +00:00] [ERR] [21] Jellyfin.Api.Middleware.ExceptionMiddleware: Error processing request. URL "GET" "/videos/461cf38c-d0a9-ecce-fbd6-2b3c9ffabe16/hls1/main/-1.mp4".
MediaBrowser.Common.FfmpegException: FFmpeg exited with code 187
   at MediaBrowser.MediaEncoding.Transcoding.TranscodeManager.StartFfMpeg(StreamState state, String outputPath, String commandLineArguments, Guid userId, TranscodingJobType transcodingJobType, CancellationTokenSource cancellationTokenSource, String workingDirectory)
   at Jellyfin.Api.Controllers.DynamicHlsController.GetDynamicSegment(StreamingRequestDto streamingRequest, Int32 segmentId)
   at Jellyfin.Api.Controllers.DynamicHlsController.GetHlsVideoSegment(Guid itemId, String playlistId, Int32 segmentId, String container, Int64 runtimeTicks, Int64 actualSegmentLengthTicks, Nullable`1 static, String params, String tag, String deviceProfileId, String playSessionId, String segmentContainer, Nullable`1 segmentLength, Nullable`1 minSegments, String mediaSourceId, String deviceId, String audioCodec, Nullable`1 enableAutoStreamCopy, Nullable`1 allowVideoStreamCopy, Nullable`1 allowAudioStreamCopy, Nullable`1 breakOnNonKeyFrames, Nullable`1 audioSampleRate, Nullable`1 maxAudioBitDepth, Nullable`1 audioBitRate, Nullable`1 audioChannels, Nullable`1 maxAudioChannels, String profile, String level, Nullable`1 framerate, Nullable`1 maxFramerate, Nullable`1 copyTimestamps, Nullable`1 startTimeTicks, Nullable`1 width, Nullable`1 height, Nullable`1 maxWidth, Nullable`1 maxHeight, Nullable`1 videoBitRate, Nullable`1 subtitleStreamIndex, Nullable`1 subtitleMethod, Nullable`1 maxRefFrames, Nullable`1 maxVideoBitDepth, Nullable`1 requireAvc, Nullable`1 deInterlace, Nullable`1 requireNonAnamorphic, Nullable`1 transcodingMaxAudioChannels, Nullable`1 cpuCoreLimit, String liveStreamId, Nullable`1 enableMpegtsM2TsMode, String videoCodec, String subtitleCodec, String transcodeReasons, Nullable`1 audioStreamIndex, Nullable`1 videoStreamIndex, Nullable`1 context, Dictionary`2 streamOptions, Boolean enableAudioVbrEncoding, Boolean alwaysBurnInSubtitleWhenTranscoding)
   at lambda_method401(Closure, Object)
   at Microsoft.AspNetCore.Mvc.Infrastructure.ActionMethodExecutor.TaskOfActionResultExecutor.Execute(ActionContext actionContext, IActionResultTypeMapper mapper, ObjectMethodExecutor executor, Object controller, Object[] arguments)
   at Microsoft.AspNetCore.Mvc.Infrastructure.ControllerActionInvoker.<InvokeActionMethodAsync>g__Awaited|12_0(ControllerActionInvoker invoker, ValueTask`1 actionResultValueTask)
   at Microsoft.AspNetCore.Mvc.Infrastructure.ControllerActionInvoker.<InvokeNextActionFilterAsync>g__Awaited|10_0(ControllerActionInvoker invoker, Task lastTask, State next, Scope scope, Object state, Boolean isCompleted)
   at Microsoft.AspNetCore.Mvc.Infrastructure.ControllerActionInvoker.Rethrow(ActionExecutedContextSealed context)
   at Microsoft.AspNetCore.Mvc.Infrastructure.ControllerActionInvoker.Next(State& next, Scope& scope, Object& state, Boolean& isCompleted)
   at Microsoft.AspNetCore.Mvc.Infrastructure.ControllerActionInvoker.<InvokeInnerFilterAsync>g__Awaited|13_0(ControllerActionInvoker invoker, Task lastTask, State next, Scope scope, Object state, Boolean isCompleted)
   at Microsoft.AspNetCore.Mvc.Infrastructure.ResourceInvoker.<InvokeNextResourceFilter>g__Awaited|25_0(ResourceInvoker invoker, Task lastTask, State next, Scope scope, Object state, Boolean isCompleted)
   at Microsoft.AspNetCore.Mvc.Infrastructure.ResourceInvoker.Rethrow(ResourceExecutedContextSealed context)
   at Microsoft.AspNetCore.Mvc.Infrastructure.ResourceInvoker.Next(State& next, Scope& scope, Object& state, Boolean& isCompleted)
   at Microsoft.AspNetCore.Mvc.Infrastructure.ResourceInvoker.<InvokeFilterPipelineAsync>g__Awaited|20_0(ResourceInvoker invoker, Task lastTask, State next, Scope scope, Object state, Boolean isCompleted)
   at Microsoft.AspNetCore.Mvc.Infrastructure.ResourceInvoker.<InvokeAsync>g__Awaited|17_0(ResourceInvoker invoker, Task task, IDisposable scope)
   at Microsoft.AspNetCore.Mvc.Infrastructure.ResourceInvoker.<InvokeAsync>g__Awaited|17_0(ResourceInvoker invoker, Task task, IDisposable scope)
   at Jellyfin.Api.Middleware.ServerStartupMessageMiddleware.Invoke(HttpContext httpContext, IServerApplicationHost serverApplicationHost, ILocalizationManager localizationManager)
   at Jellyfin.Api.Middleware.WebSocketHandlerMiddleware.Invoke(HttpContext httpContext, IWebSocketManager webSocketManager)
   at Jellyfin.Api.Middleware.IPBasedAccessValidationMiddleware.Invoke(HttpContext httpContext, INetworkManager networkManager)
   at Jellyfin.Api.Middleware.LanFilteringMiddleware.Invoke(HttpContext httpContext, INetworkManager networkManager, IServerConfigurationManager serverConfigurationManager)
   at Microsoft.AspNetCore.Authorization.AuthorizationMiddleware.Invoke(HttpContext context)
   at Jellyfin.Api.Middleware.QueryStringDecodingMiddleware.Invoke(HttpContext httpContext)
   at Swashbuckle.AspNetCore.ReDoc.ReDocMiddleware.Invoke(HttpContext httpContext)
   at Swashbuckle.AspNetCore.SwaggerUI.SwaggerUIMiddleware.Invoke(HttpContext httpContext)
   at Swashbuckle.AspNetCore.Swagger.SwaggerMiddleware.Invoke(HttpContext httpContext, ISwaggerProvider swaggerProvider)
   at Microsoft.AspNetCore.Authentication.AuthenticationMiddleware.Invoke(HttpContext context)
   at Jellyfin.Api.Middleware.RobotsRedirectionMiddleware.Invoke(HttpContext httpContext)
   at Jellyfin.Api.Middleware.LegacyEmbyRouteRewriteMiddleware.Invoke(HttpContext httpContext)
   at Microsoft.AspNetCore.ResponseCompression.ResponseCompressionMiddleware.InvokeCore(HttpContext context)
   at Jellyfin.Api.Middleware.ResponseTimeMiddleware.Invoke(HttpContext context, IServerConfigurationManager serverConfigurationManager)
   at Jellyfin.Api.Middleware.ExceptionMiddleware.Invoke(HttpContext context)
[2026-09-01 00:16:39.619 +00:00] [INF] [11] Jellyfin.Api.Helpers.MediaInfoHelper: User policy for "admin2". EnablePlaybackRemuxing: True EnableVideoPlaybackTranscoding: True EnableAudioPlaybackTranscoding: True
[2026-09-01 00:16:39.630 +00:00] [INF] [11] MediaBrowser.MediaEncoding.Transcoding.TranscodeManager: Deleting partial stream file(s) "/transcode/e1083c80f56a17e5d05b73c54eafb238.m3u8"
[2026-09-01 00:16:39.732 +00:00] [INF] [24] Jellyfin.Api.Controllers.DynamicHlsController: Current HLS implementation doesn't support non-keyframe breaks but one is requested, ignoring that request
[2026-09-01 00:16:39.733 +00:00] [INF] [24] MediaBrowser.MediaEncoding.Transcoding.TranscodeManager: "/usr/lib/jellyfin-ffmpeg/ffmpeg" "-analyzeduration 200M -probesize 1G -f matroska -init_hw_device rkmpp=rk -hwaccel rkmpp -hwaccel_output_format drm_prime -noautorotate -afbc rga -i file:\"/media/movies/Gladiator.mkv\" -noautoscale -map_metadata -1 -map_chapters -1 -threads 0 -map 0:0 -map 0:1 -map -0:s -codec:v:0 h264_rkmpp -b:v 528000 -maxrate 528000 -bufsize 1056000 -profile:v:0 high -level 51 -g:v:0 72 -keyint_min:v:0 72 -vf \"setparams=color_primaries=bt709:color_trc=bt709:colorspace=bt709,vpp_rkrga=format=nv12:afbc=1\" -codec:a:0 libfdk_aac -ac 2 -ab 192000 -copyts -avoid_negative_ts disabled -max_muxing_queue_size 2048 -f hls -max_delay 5000000 -hls_time 3 -hls_segment_type fmp4 -hls_fmp4_init_filename \"736ed9625160639ee2670ade30117ef9-1.mp4\" -start_number 0 -hls_segment_filename \"/transcode/736ed9625160639ee2670ade30117ef9%d.mp4\" -hls_playlist_type vod -hls_list_size 0 -hls_segment_options movflags=+frag_discont -y \"/transcode/736ed9625160639ee2670ade30117ef9.m3u8\""
[2026-09-01 00:16:39.785 +00:00] [ERR] [20] MediaBrowser.MediaEncoding.Transcoding.TranscodeManager: FFmpeg exited with code 187
[2026-09-01 00:16:39.880 +00:00] [ERR] [20] Jellyfin.Api.Middleware.ExceptionMiddleware: Error processing request. URL "GET" "/videos/461cf38c-d0a9-ecce-fbd6-2b3c9ffabe16/hls1/main/-1.mp4".
MediaBrowser.Common.FfmpegException: FFmpeg exited with code 187
   at MediaBrowser.MediaEncoding.Transcoding.TranscodeManager.StartFfMpeg(StreamState state, String outputPath, String commandLineArguments, Guid userId, TranscodingJobType transcodingJobType, CancellationTokenSource cancellationTokenSource, String workingDirectory)
   at Jellyfin.Api.Controllers.DynamicHlsController.GetDynamicSegment(StreamingRequestDto streamingRequest, Int32 segmentId)
   at Jellyfin.Api.Controllers.DynamicHlsController.GetHlsVideoSegment(Guid itemId, String playlistId, Int32 segmentId, String container, Int64 runtimeTicks, Int64 actualSegmentLengthTicks, Nullable`1 static, String params, String tag, String deviceProfileId, String playSessionId, String segmentContainer, Nullable`1 segmentLength, Nullable`1 minSegments, String mediaSourceId, String deviceId, String audioCodec, Nullable`1 enableAutoStreamCopy, Nullable`1 allowVideoStreamCopy, Nullable`1 allowAudioStreamCopy, Nullable`1 breakOnNonKeyFrames, Nullable`1 audioSampleRate, Nullable`1 maxAudioBitDepth, Nullable`1 audioBitRate, Nullable`1 audioChannels, Nullable`1 maxAudioChannels, String profile, String level, Nullable`1 framerate, Nullable`1 maxFramerate, Nullable`1 copyTimestamps, Nullable`1 startTimeTicks, Nullable`1 width, Nullable`1 height, Nullable`1 maxWidth, Nullable`1 maxHeight, Nullable`1 videoBitRate, Nullable`1 subtitleStreamIndex, Nullable`1 subtitleMethod, Nullable`1 maxRefFrames, Nullable`1 maxVideoBitDepth, Nullable`1 requireAvc, Nullable`1 deInterlace, Nullable`1 requireNonAnamorphic, Nullable`1 transcodingMaxAudioChannels, Nullable`1 cpuCoreLimit, String liveStreamId, Nullable`1 enableMpegtsM2TsMode, String videoCodec, String subtitleCodec, String transcodeReasons, Nullable`1 audioStreamIndex, Nullable`1 videoStreamIndex, Nullable`1 context, Dictionary`2 streamOptions, Boolean enableAudioVbrEncoding, Boolean alwaysBurnInSubtitleWhenTranscoding)
   at lambda_method401(Closure, Object)
   at Microsoft.AspNetCore.Mvc.Infrastructure.ActionMethodExecutor.TaskOfActionResultExecutor.Execute(ActionContext actionContext, IActionResultTypeMapper mapper, ObjectMethodExecutor executor, Object controller, Object[] arguments)
   at Microsoft.AspNetCore.Mvc.Infrastructure.ControllerActionInvoker.<InvokeActionMethodAsync>g__Awaited|12_0(ControllerActionInvoker invoker, ValueTask`1 actionResultValueTask)
   at Microsoft.AspNetCore.Mvc.Infrastructure.ControllerActionInvoker.<InvokeNextActionFilterAsync>g__Awaited|10_0(ControllerActionInvoker invoker, Task lastTask, State next, Scope scope, Object state, Boolean isCompleted)
   at Microsoft.AspNetCore.Mvc.Infrastructure.ControllerActionInvoker.Rethrow(ActionExecutedContextSealed context)
   at Microsoft.AspNetCore.Mvc.Infrastructure.ControllerActionInvoker.Next(State& next, Scope& scope, Object& state, Boolean& isCompleted)
   at Microsoft.AspNetCore.Mvc.Infrastructure.ControllerActionInvoker.<InvokeInnerFilterAsync>g__Awaited|13_0(ControllerActionInvoker invoker, Task lastTask, State next, Scope scope, Object state, Boolean isCompleted)
   at Microsoft.AspNetCore.Mvc.Infrastructure.ResourceInvoker.<InvokeNextResourceFilter>g__Awaited|25_0(ResourceInvoker invoker, Task lastTask, State next, Scope scope, Object state, Boolean isCompleted)
   at Microsoft.AspNetCore.Mvc.Infrastructure.ResourceInvoker.Rethrow(ResourceExecutedContextSealed context)
   at Microsoft.AspNetCore.Mvc.Infrastructure.ResourceInvoker.Next(State& next, Scope& scope, Object& state, Boolean& isCompleted)
   at Microsoft.AspNetCore.Mvc.Infrastructure.ResourceInvoker.<InvokeFilterPipelineAsync>g__Awaited|20_0(ResourceInvoker invoker, Task lastTask, State next, Scope scope, Object state, Boolean isCompleted)
   at Microsoft.AspNetCore.Mvc.Infrastructure.ResourceInvoker.<InvokeAsync>g__Awaited|17_0(ResourceInvoker invoker, Task task, IDisposable scope)
   at Microsoft.AspNetCore.Mvc.Infrastructure.ResourceInvoker.<InvokeAsync>g__Awaited|17_0(ResourceInvoker invoker, Task task, IDisposable scope)
   at Jellyfin.Api.Middleware.ServerStartupMessageMiddleware.Invoke(HttpContext httpContext, IServerApplicationHost serverApplicationHost, ILocalizationManager localizationManager)
   at Jellyfin.Api.Middleware.WebSocketHandlerMiddleware.Invoke(HttpContext httpContext, IWebSocketManager webSocketManager)
   at Jellyfin.Api.Middleware.IPBasedAccessValidationMiddleware.Invoke(HttpContext httpContext, INetworkManager networkManager)
   at Jellyfin.Api.Middleware.LanFilteringMiddleware.Invoke(HttpContext httpContext, INetworkManager networkManager, IServerConfigurationManager serverConfigurationManager)
   at Microsoft.AspNetCore.Authorization.AuthorizationMiddleware.Invoke(HttpContext context)
   at Jellyfin.Api.Middleware.QueryStringDecodingMiddleware.Invoke(HttpContext httpContext)
   at Swashbuckle.AspNetCore.ReDoc.ReDocMiddleware.Invoke(HttpContext httpContext)
   at Swashbuckle.AspNetCore.SwaggerUI.SwaggerUIMiddleware.Invoke(HttpContext httpContext)
   at Swashbuckle.AspNetCore.Swagger.SwaggerMiddleware.Invoke(HttpContext httpContext, ISwaggerProvider swaggerProvider)
   at Microsoft.AspNetCore.Authentication.AuthenticationMiddleware.Invoke(HttpContext context)
   at Jellyfin.Api.Middleware.RobotsRedirectionMiddleware.Invoke(HttpContext httpContext)
   at Jellyfin.Api.Middleware.LegacyEmbyRouteRewriteMiddleware.Invoke(HttpContext httpContext)
   at Microsoft.AspNetCore.ResponseCompression.ResponseCompressionMiddleware.InvokeCore(HttpContext context)
   at Jellyfin.Api.Middleware.ResponseTimeMiddleware.Invoke(HttpContext context, IServerConfigurationManager serverConfigurationManager)
   at Jellyfin.Api.Middleware.ExceptionMiddleware.Invoke(HttpContext context)
[2026-09-01 00:16:39.903 +00:00] [INF] [19] MediaBrowser.MediaEncoding.Transcoding.TranscodeManager: Deleting partial stream file(s) "/transcode/736ed9625160639ee2670ade30117ef9.m3u8"
[2026-09-01 00:16:41.406 +00:00] [INF] [19] Emby.Server.Implementations.Session.SessionManager: Playback stopped reported by app "Jellyfin Web" "10.10.7" playing "Gladiator". Stopped at "0" ms
[2026-09-01 01:12:53.483 +00:00] [INF] [33] Jellyfin.Api.Helpers.MediaInfoHelper: User policy for "admin2". EnablePlaybackRemuxing: True EnableVideoPlaybackTranscoding: True EnableAudioPlaybackTranscoding: True
[2026-09-01 01:12:53.865 +00:00] [INF] [33] Jellyfin.Api.Controllers.DynamicHlsController: Current HLS implementation doesn't support non-keyframe breaks but one is requested, ignoring that request
[2026-09-01 01:12:53.866 +00:00] [INF] [33] MediaBrowser.MediaEncoding.Transcoding.TranscodeManager: "/usr/lib/jellyfin-ffmpeg/ffmpeg" "-analyzeduration 200M -probesize 1G -f mov,mp4,m4a,3gp,3g2,mj2 -init_hw_device rkmpp=rk -hwaccel rkmpp -hwaccel_output_format drm_prime -noautorotate -afbc rga -i file:\"/media/movies/Star Wars IV.mp4\" -noautoscale -map_metadata -1 -map_chapters -1 -threads 0 -map 0:0 -map 0:1 -map -0:s -codec:v:0 h264_rkmpp -b:v 592001 -maxrate 592001 -bufsize 1184002 -profile:v:0 high -level 40 -g:v:0 72 -keyint_min:v:0 72 -vf \"setparams=color_primaries=bt709:color_trc=bt709:colorspace=bt709,vpp_rkrga=w=960:h=408:format=nv12:afbc=1\" -codec:a:0 copy -copyts -avoid_negative_ts disabled -max_muxing_queue_size 2048 -f hls -max_delay 5000000 -hls_time 3 -hls_segment_type fmp4 -hls_fmp4_init_filename \"e6d1a9568ca203db8d31df34f6244628-1.mp4\" -start_number 0 -hls_segment_filename \"/transcode/e6d1a9568ca203db8d31df34f6244628%d.mp4\" -hls_playlist_type vod -hls_list_size 0 -hls_segment_options movflags=+frag_discont -y \"/transcode/e6d1a9568ca203db8d31df34f6244628.m3u8\""
[2026-09-01 01:13:00.803 +00:00] [INF] [50] Jellyfin.Api.Helpers.MediaInfoHelper: User policy for "admin2". EnablePlaybackRemuxing: True EnableVideoPlaybackTranscoding: True EnableAudioPlaybackTranscoding: True
[2026-09-01 01:13:00.867 +00:00] [INF] [50] MediaBrowser.Controller.MediaEncoding.TranscodingJob: Stopping ffmpeg process with q command for "/transcode/e6d1a9568ca203db8d31df34f6244628.m3u8"
[2026-09-01 01:13:01.036 +00:00] [INF] [33] MediaBrowser.MediaEncoding.Transcoding.TranscodeManager: FFmpeg exited with code 0
[2026-09-01 01:13:01.038 +00:00] [INF] [50] MediaBrowser.MediaEncoding.Transcoding.TranscodeManager: Deleting partial stream file(s) "/transcode/e6d1a9568ca203db8d31df34f6244628.m3u8"
[2026-09-01 01:16:06.629 +00:00] [INF] [50] Emby.Server.Implementations.ScheduledTasks.TaskManager: "Download missing subtitles" Completed after 0 minute(s) and 0 seconds
[2026-09-01 01:16:06.631 +00:00] [INF] [36] Emby.Server.Implementations.ScheduledTasks.TaskManager: "Download missing lyrics" Completed after 0 minute(s) and 0 seconds
[2026-09-01 01:16:06.787 +00:00] [INF] [48] Emby.Server.Implementations.ScheduledTasks.TaskManager: "Audio Normalization" Completed after 0 minute(s) and 0 seconds
[2026-09-01 01:16:06.789 +00:00] [INF] [51] Emby.Server.Implementations.ScheduledTasks.Tasks.OptimizeDatabaseTask: Optimizing and vacuuming jellyfin.db...
[2026-09-01 01:16:06.839 +00:00] [INF] [52] Emby.Server.Implementations.ScheduledTasks.TaskManager: "Clean Log Directory" Completed after 0 minute(s) and 0 seconds
[2026-09-01 01:16:06.933 +00:00] [INF] [10] Emby.Server.Implementations.ScheduledTasks.TaskManager: "TasksRefreshChannels" Completed after 0 minute(s) and 0 seconds
[2026-09-01 01:16:07.018 +00:00] [INF] [50] Emby.Server.Implementations.ScheduledTasks.TaskManager: "Clean Cache Directory" Completed after 0 minute(s) and 0 seconds
[2026-09-01 01:16:07.117 +00:00] [INF] [31] Emby.Server.Implementations.ScheduledTasks.TaskManager: "Media Segment Scan" Completed after 0 minute(s) and 0 seconds
[2026-09-01 01:16:07.195 +00:00] [INF] [51] Emby.Server.Implementations.ScheduledTasks.Tasks.OptimizeDatabaseTask: jellyfin.db optimized successfully!
[2026-09-01 01:16:07.195 +00:00] [INF] [51] Emby.Server.Implementations.ScheduledTasks.TaskManager: "Optimize database" Completed after 0 minute(s) and 0 seconds
[2026-09-01 01:16:10.162 +00:00] [INF] [10] Jellyfin.LiveTv.Guide.GuideManager: Refreshing guide with 7 days of guide data
[2026-09-01 01:16:10.172 +00:00] [INF] [10] Emby.Server.Implementations.ScheduledTasks.TaskManager: "Refresh Guide" Completed after 0 minute(s) and 3 seconds
[2026-09-01 01:16:23.551 +00:00] [INF] [36] Emby.Server.Implementations.Library.LibraryManager: Deleting dead "5d0b574ddce8b57df87d2340ddac71b1" "Ainsley Davies" "Person".
[2026-09-01 01:16:23.555 +00:00] [INF] [36] Emby.Server.Implementations.Library.LibraryManager: Removing item, Type: "Person", Name: "Ainsley Davies", Path: "/config/metadata/People/A/Ainsley Davies", Id: 5d0b574d-dce8-b57d-f87d-2340ddac71b1
[2026-09-01 01:16:23.559 +00:00] [INF] [36] Emby.Server.Implementations.Library.LibraryManager: Deleting dead "6b1589e2f95214c7bb02c53de4c30a66" "Barry H. Waldman" "Person".
[2026-09-01 01:16:23.559 +00:00] [INF] [36] Emby.Server.Implementations.Library.LibraryManager: Removing item, Type: "Person", Name: "Barry H. Waldman", Path: "/config/metadata/People/B/Barry H. Waldman", Id: 6b1589e2-f952-14c7-bb02-c53de4c30a66
[2026-09-01 01:16:23.561 +00:00] [INF] [36] Emby.Server.Implementations.Library.LibraryManager: Deleting dead "ed37b7caeb256a460811e5913da025d4" "Bonnie Hunt" "Person".
[2026-09-01 01:16:23.561 +00:00] [INF] [36] Emby.Server.Implementations.Library.LibraryManager: Removing item, Type: "Person", Name: "Bonnie Hunt", Path: "/config/metadata/People/B/Bonnie Hunt", Id: ed37b7ca-eb25-6a46-0811-e5913da025d4
[2026-09-01 01:16:23.562 +00:00] [INF] [36] Emby.Server.Implementations.Library.LibraryManager: Deleting dead "28e4a1e885e0d557d92742664162cf5d" "Chris Morgan" "Person".
[2026-09-01 01:16:23.562 +00:00] [INF] [36] Emby.Server.Implementations.Library.LibraryManager: Removing item, Type: "Person", Name: "Chris Morgan", Path: "/config/metadata/People/C/Chris Morgan", Id: 28e4a1e8-85e0-d557-d927-42664162cf5d
[2026-09-01 01:16:23.562 +00:00] [INF] [36] Emby.Server.Implementations.Library.LibraryManager: Deleting dead "3e74eb6455abfddfed25b7c98dea068b" "Clayton Cooper" "Person".
[2026-09-01 01:16:23.564 +00:00] [INF] [36] Emby.Server.Implementations.Library.LibraryManager: Removing item, Type: "Person", Name: "Clayton Cooper", Path: "/config/metadata/People/C/Clayton Cooper", Id: 3e74eb64-55ab-fddf-ed25-b7c98dea068b
[2026-09-01 01:16:23.565 +00:00] [INF] [36] Emby.Server.Implementations.Library.LibraryManager: Deleting dead "591239a16f76a3815f85bb134511a995" "Dany Garcia" "Person".
[2026-09-01 01:16:23.565 +00:00] [INF] [36] Emby.Server.Implementations.Library.LibraryManager: Removing item, Type: "Person", Name: "Dany Garcia", Path: "/config/metadata/People/D/Dany Garcia", Id: 591239a1-6f76-a381-5f85-bb134511a995
[2026-09-01 01:16:23.565 +00:00] [INF] [36] Emby.Server.Implementations.Library.LibraryManager: Deleting dead "dfa501b6e720e26a4bfd43a0618561c3" "Dwayne Johnson" "Person".
[2026-09-01 01:16:23.565 +00:00] [INF] [36] Emby.Server.Implementations.Library.LibraryManager: Removing item, Type: "Person", Name: "Dwayne Johnson", Path: "/config/metadata/People/D/Dwayne Johnson", Id: dfa501b6-e720-e26a-4bfd-43a0618561c3
[2026-09-01 01:16:23.566 +00:00] [INF] [36] Emby.Server.Implementations.Library.LibraryManager: Deleting dead "4f4d442aa7dcb0c84d77fd0644ec058f" "Hiram Garcia" "Person".
[2026-09-01 01:16:23.566 +00:00] [INF] [36] Emby.Server.Implementations.Library.LibraryManager: Removing item, Type: "Person", Name: "Hiram Garcia", Path: "/config/metadata/People/H/Hiram Garcia", Id: 4f4d442a-a7dc-b0c8-4d77-fd0644ec058f
[2026-09-01 01:16:23.567 +00:00] [INF] [36] Emby.Server.Implementations.Library.LibraryManager: Deleting dead "3b08c6e5fe5323481455fe34ff2aaafd" "Jake Kasdan" "Person".
[2026-09-01 01:16:23.567 +00:00] [INF] [36] Emby.Server.Implementations.Library.LibraryManager: Removing item, Type: "Person", Name: "Jake Kasdan", Path: "/config/metadata/People/J/Jake Kasdan", Id: 3b08c6e5-fe53-2348-1455-fe34ff2aaafd
[2026-09-01 01:16:23.567 +00:00] [INF] [36] Emby.Server.Implementations.Library.LibraryManager: Deleting dead "2321c7e3438c9ae89e092984396cdec3" "John Wildermuth" "Person".
[2026-09-01 01:16:23.567 +00:00] [INF] [36] Emby.Server.Implementations.Library.LibraryManager: Removing item, Type: "Person", Name: "John Wildermuth", Path: "/config/metadata/People/J/John Wildermuth", Id: 2321c7e3-438c-9ae8-9e09-2984396cdec3
[2026-09-01 01:16:23.568 +00:00] [INF] [36] Emby.Server.Implementations.Library.LibraryManager: Deleting dead "fb8214e5870fca0274618f2b93588671" "Kiernan Shipka" "Person".
[2026-09-01 01:16:23.568 +00:00] [INF] [36] Emby.Server.Implementations.Library.LibraryManager: Removing item, Type: "Person", Name: "Kiernan Shipka", Path: "/config/metadata/People/K/Kiernan Shipka", Id: fb8214e5-870f-ca02-7461-8f2b93588671
[2026-09-01 01:16:23.569 +00:00] [INF] [36] Emby.Server.Implementations.Library.LibraryManager: Deleting dead "ec456a359b312924b896821038087cb8" "Kristofer Hivju" "Person".
[2026-09-01 01:16:23.569 +00:00] [INF] [36] Emby.Server.Implementations.Library.LibraryManager: Removing item, Type: "Person", Name: "Kristofer Hivju", Path: "/config/metadata/People/K/Kristofer Hivju", Id: ec456a35-9b31-2924-b896-821038087cb8
[2026-09-01 01:16:23.569 +00:00] [INF] [36] Emby.Server.Implementations.Library.LibraryManager: Deleting dead "ee71ec1dad84dfbaaa8416da31233215" "Lanz Duffy" "Person".
[2026-09-01 01:16:23.570 +00:00] [INF] [36] Emby.Server.Implementations.Library.LibraryManager: Removing item, Type: "Person", Name: "Lanz Duffy", Path: "/config/metadata/People/L/Lanz Duffy", Id: ee71ec1d-ad84-dfba-aa84-16da31233215
[2026-09-01 01:16:23.570 +00:00] [INF] [36] Emby.Server.Implementations.Library.LibraryManager: Deleting dead "5358136f4e1250eb914a192346b03b39" "Lucy Liu" "Person".
[2026-09-01 01:16:23.570 +00:00] [INF] [36] Emby.Server.Implementations.Library.LibraryManager: Removing item, Type: "Person", Name: "Lucy Liu", Path: "/config/metadata/People/L/Lucy Liu", Id: 5358136f-4e12-50eb-914a-192346b03b39
[2026-09-01 01:16:23.571 +00:00] [INF] [36] Emby.Server.Implementations.Library.LibraryManager: Deleting dead "f6a85cd60b201b4c6c1c00b620a34b45" "Makana David" "Person".
[2026-09-01 01:16:23.571 +00:00] [INF] [36] Emby.Server.Implementations.Library.LibraryManager: Removing item, Type: "Person", Name: "Makana David", Path: "/config/metadata/People/M/Makana David", Id: f6a85cd6-0b20-1b4c-6c1c-00b620a34b45
[2026-09-01 01:16:23.572 +00:00] [INF] [36] Emby.Server.Implementations.Library.LibraryManager: Deleting dead "efe84cec4ada167d0ffb6283fc9a8837" "Marc Evan Jackson" "Person".
[2026-09-01 01:16:23.572 +00:00] [INF] [36] Emby.Server.Implementations.Library.LibraryManager: Removing item, Type: "Person", Name: "Marc Evan Jackson", Path: "/config/metadata/People/M/Marc Evan Jackson", Id: efe84cec-4ada-167d-0ffb-6283fc9a8837
[2026-09-01 01:16:23.573 +00:00] [INF] [36] Emby.Server.Implementations.Library.LibraryManager: Deleting dead "8de6424ac4c253cb9e65843879b22f61" "Mary Elizabeth Ellis" "Person".
[2026-09-01 01:16:23.573 +00:00] [INF] [36] Emby.Server.Implementations.Library.LibraryManager: Removing item, Type: "Person", Name: "Mary Elizabeth Ellis", Path: "/config/metadata/People/M/Mary Elizabeth Ellis", Id: 8de6424a-c4c2-53cb-9e65-843879b22f61
[2026-09-01 01:16:23.573 +00:00] [INF] [36] Emby.Server.Implementations.Library.LibraryManager: Deleting dead "4a9122f39383d2386ba9cad1fb2e2e2f" "Melvin Mar" "Person".
[2026-09-01 01:16:23.573 +00:00] [INF] [36] Emby.Server.Implementations.Library.LibraryManager: Removing item, Type: "Person", Name: "Melvin Mar", Path: "/config/metadata/People/M/Melvin Mar", Id: 4a9122f3-9383-d238-6ba9-cad1fb2e2e2f
[2026-09-01 01:16:23.574 +00:00] [INF] [36] Emby.Server.Implementations.Library.LibraryManager: Deleting dead "f7b4bb3c10743d4a1686736b019ba3f9" "Nick Kroll" "Person".
[2026-09-01 01:16:23.574 +00:00] [INF] [36] Emby.Server.Implementations.Library.LibraryManager: Removing item, Type: "Person", Name: "Nick Kroll", Path: "/config/metadata/People/N/Nick Kroll", Id: f7b4bb3c-1074-3d4a-1686-736b019ba3f9
[2026-09-01 01:16:23.574 +00:00] [INF] [36] Emby.Server.Implementations.Library.LibraryManager: Deleting dead "789beb95312e1a82ec79b948451cc63e" "Shannon O'Neill" "Person".
[2026-09-01 01:16:23.574 +00:00] [INF] [36] Emby.Server.Implementations.Library.LibraryManager: Removing item, Type: "Person", Name: "Shannon O'Neill", Path: "/config/metadata/People/S/Shannon O'Neill", Id: 789beb95-312e-1a82-ec79-b948451cc63e
[2026-09-01 01:16:23.575 +00:00] [INF] [36] Emby.Server.Implementations.Library.LibraryManager: Deleting dead "e792d3f2a74bf7101055c2680db4c0c2" "Sky Salem Robinson" "Person".
[2026-09-01 01:16:23.575 +00:00] [INF] [36] Emby.Server.Implementations.Library.LibraryManager: Removing item, Type: "Person", Name: "Sky Salem Robinson", Path: "/config/metadata/People/S/Sky Salem Robinson", Id: e792d3f2-a74b-f710-1055-c2680db4c0c2
[2026-09-01 01:16:23.575 +00:00] [INF] [36] Emby.Server.Implementations.Library.LibraryManager: Deleting dead "f0d615c04883abba6f535e9d4c7c842e" "Wesley Kimmel" "Person".
[2026-09-01 01:16:23.575 +00:00] [INF] [36] Emby.Server.Implementations.Library.LibraryManager: Removing item, Type: "Person", Name: "Wesley Kimmel", Path: "/config/metadata/People/W/Wesley Kimmel", Id: f0d615c0-4883-abba-6f53-5e9d4c7c842e
[2026-09-01 01:16:23.598 +00:00] [INF] [36] Emby.Server.Implementations.Library.LibraryManager: Deleting dead "c0bd065c3b3b2314805919dd5fbbce7c" "Wyatt Hunt" "Person".
[2026-09-01 01:16:23.598 +00:00] [INF] [36] Emby.Server.Implementations.Library.LibraryManager: Removing item, Type: "Person", Name: "Wyatt Hunt", Path: "/config/metadata/People/W/Wyatt Hunt", Id: c0bd065c-3b3b-2314-8059-19dd5fbbce7c
[2026-09-01 01:16:23.601 +00:00] [INF] [36] Emby.Server.Implementations.Library.LibraryManager: People validation complete
[2026-09-01 01:16:23.602 +00:00] [INF] [36] Emby.Server.Implementations.ScheduledTasks.TaskManager: "Refresh People" Completed after 0 minute(s) and 16 seconds
[2026-09-01 01:21:16.823 +00:00] [INF] [47] Emby.Server.Implementations.Session.SessionManager: Playback stopped reported by app "Jellyfin Web" "10.10.7" playing "Star Wars". Stopped at "2481921" ms
[2026-09-01 01:51:01.945 +00:00] [INF] [19] Emby.Server.Implementations.IO.LibraryMonitor: "movies" ("/media/movies") will be refreshed.
[2026-09-01 01:51:02.316 +00:00] [INF] [19] Emby.Server.Implementations.IO.LibraryMonitor: "movies" ("/media/movies") will be refreshed.
[2026-09-01 01:51:02.376 +00:00] [INF] [24] Emby.Server.Implementations.Library.LibraryManager: Removing item, Type: "Movie", Name: "Building Star Trek", Path: "/media/movies/Star Trek extras/Building Star Trek.mkv", Id: 0bef4890-82a8-cfde-fd29-14b1eb5539bf
[2026-09-01 02:00:00.081 +00:00] [INF] [8] Emby.Server.Implementations.MediaEncoder.EncodingManager: Skipping chapter image extraction for "Dressing the Part" as the average chapter duration 0 was lower than the minimum threshold 10000000
[2026-09-01 02:00:00.082 +00:00] [INF] [8] Emby.Server.Implementations.MediaEncoder.EncodingManager: Skipping chapter image extraction for "Insider Trading" as the average chapter duration 0 was lower than the minimum threshold 10000000
[2026-09-01 02:00:00.082 +00:00] [INF] [8] Emby.Server.Implementations.MediaEncoder.EncodingManager: Skipping chapter image extraction for "james cameron" as the average chapter duration 0 was lower than the minimum threshold 10000000
[2026-09-01 02:00:00.082 +00:00] [INF] [8] Emby.Server.Implementations.MediaEncoder.EncodingManager: Skipping chapter image extraction for "industry promotion" as the average chapter duration 0 was lower than the minimum threshold 10000000
[2026-09-01 02:00:00.083 +00:00] [INF] [8] Emby.Server.Implementations.MediaEncoder.EncodingManager: Skipping chapter image extraction for "the Trade" as the average chapter duration 0 was lower than the minimum threshold 10000000
[2026-09-01 02:00:00.083 +00:00] [INF] [8] Emby.Server.Implementations.MediaEncoder.EncodingManager: Skipping chapter image extraction for "Extra-3" as the average chapter duration 0 was lower than the minimum threshold 10000000
[2026-09-01 02:00:00.083 +00:00] [INF] [8] Emby.Server.Implementations.MediaEncoder.EncodingManager: Skipping chapter image extraction for "Extra-2" as the average chapter duration 0 was lower than the minimum threshold 10000000
[2026-09-01 02:00:00.083 +00:00] [INF] [8] Emby.Server.Implementations.MediaEncoder.EncodingManager: Skipping chapter image extraction for "producer" as the average chapter duration 0 was lower than the minimum threshold 10000000
[2026-09-01 02:00:00.083 +00:00] [INF] [8] Emby.Server.Implementations.MediaEncoder.EncodingManager: Skipping chapter image extraction for "james cameron" as the average chapter duration 0 was lower than the minimum threshold 10000000
[2026-09-01 02:00:00.084 +00:00] [INF] [8] Emby.Server.Implementations.MediaEncoder.EncodingManager: Skipping chapter image extraction for "interviews" as the average chapter duration 0 was lower than the minimum threshold 10000000
[2026-09-01 02:00:00.084 +00:00] [INF] [8] Emby.Server.Implementations.MediaEncoder.EncodingManager: Skipping chapter image extraction for "mechanical alien" as the average chapter duration 0 was lower than the minimum threshold 10000000
[2026-09-01 02:00:00.084 +00:00] [INF] [8] Emby.Server.Implementations.MediaEncoder.EncodingManager: Skipping chapter image extraction for "vault scene" as the average chapter duration 0 was lower than the minimum threshold 10000000
[2026-09-01 02:00:00.085 +00:00] [INF] [8] Emby.Server.Implementations.MediaEncoder.EncodingManager: Skipping chapter image extraction for "mechanical alien" as the average chapter duration 0 was lower than the minimum threshold 10000000
[2026-09-01 02:00:00.086 +00:00] [INF] [8] Emby.Server.Implementations.MediaEncoder.EncodingManager: Skipping chapter image extraction for "james cameron" as the average chapter duration 0 was lower than the minimum threshold 10000000
[2026-09-01 02:00:00.086 +00:00] [INF] [8] Emby.Server.Implementations.MediaEncoder.EncodingManager: Skipping chapter image extraction for "mechanical alien" as the average chapter duration 0 was lower than the minimum threshold 10000000
[2026-09-01 02:00:00.086 +00:00] [INF] [8] Emby.Server.Implementations.MediaEncoder.EncodingManager: Skipping chapter image extraction for "james cameron" as the average chapter duration 0 was lower than the minimum threshold 10000000
[2026-09-01 02:00:00.086 +00:00] [INF] [8] Emby.Server.Implementations.MediaEncoder.EncodingManager: Skipping chapter image extraction for "mechanical alien" as the average chapter duration 0 was lower than the minimum threshold 10000000
[2026-09-01 02:00:00.087 +00:00] [INF] [8] Emby.Server.Implementations.MediaEncoder.EncodingManager: Skipping chapter image extraction for "james cameron" as the average chapter duration 0 was lower than the minimum threshold 10000000
[2026-09-01 02:00:00.087 +00:00] [INF] [8] Emby.Server.Implementations.MediaEncoder.EncodingManager: Skipping chapter image extraction for "rudy extra 1" as the average chapter duration 0 was lower than the minimum threshold 10000000
[2026-09-01 02:00:00.087 +00:00] [INF] [8] Emby.Server.Implementations.MediaEncoder.EncodingManager: Skipping chapter image extraction for "mechanical alien" as the average chapter duration 0 was lower than the minimum threshold 10000000
[2026-09-01 02:00:00.087 +00:00] [INF] [8] Emby.Server.Implementations.MediaEncoder.EncodingManager: Skipping chapter image extraction for "james cameron" as the average chapter duration 0 was lower than the minimum threshold 10000000
[2026-09-01 02:00:00.088 +00:00] [INF] [8] Emby.Server.Implementations.MediaEncoder.EncodingManager: Skipping chapter image extraction for "mechanical alien" as the average chapter duration 0 was lower than the minimum threshold 10000000
[2026-09-01 02:00:00.088 +00:00] [INF] [8] Emby.Server.Implementations.MediaEncoder.EncodingManager: Skipping chapter image extraction for "james cameron" as the average chapter duration 0 was lower than the minimum threshold 10000000
[2026-09-01 02:00:00.088 +00:00] [INF] [8] Emby.Server.Implementations.MediaEncoder.EncodingManager: Skipping chapter image extraction for "mechanical alien" as the average chapter duration 0 was lower than the minimum threshold 10000000
[2026-09-01 02:00:00.089 +00:00] [INF] [8] Emby.Server.Implementations.MediaEncoder.EncodingManager: Skipping chapter image extraction for "Making of Rocky Balboa" as the average chapter duration 0 was lower than the minimum threshold 10000000
[2026-09-01 02:00:00.089 +00:00] [INF] [8] Emby.Server.Implementations.MediaEncoder.EncodingManager: Skipping chapter image extraction for "mechanical alien" as the average chapter duration 0 was lower than the minimum threshold 10000000
[2026-09-01 02:00:00.089 +00:00] [INF] [8] Emby.Server.Implementations.MediaEncoder.EncodingManager: Skipping chapter image extraction for "filming the final fight" as the average chapter duration 0 was lower than the minimum threshold 10000000
[2026-09-01 02:00:00.089 +00:00] [INF] [8] Emby.Server.Implementations.MediaEncoder.EncodingManager: Skipping chapter image extraction for "james cameron" as the average chapter duration 0 was lower than the minimum threshold 10000000
[2026-09-01 02:00:00.090 +00:00] [INF] [8] Emby.Server.Implementations.MediaEncoder.EncodingManager: Skipping chapter image extraction for "Virtual Champion" as the average chapter duration 0 was lower than the minimum threshold 10000000
[2026-09-01 02:00:00.090 +00:00] [INF] [8] Emby.Server.Implementations.MediaEncoder.EncodingManager: Skipping chapter image extraction for "fight makeup" as the average chapter duration 0 was lower than the minimum threshold 10000000
[2026-09-01 02:00:00.091 +00:00] [INF] [8] Emby.Server.Implementations.MediaEncoder.EncodingManager: Skipping chapter image extraction for "play to win" as the average chapter duration 0 was lower than the minimum threshold 10000000
[2026-09-01 02:00:00.091 +00:00] [INF] [8] Emby.Server.Implementations.MediaEncoder.EncodingManager: Skipping chapter image extraction for "winner take all" as the average chapter duration 0 was lower than the minimum threshold 10000000
[2026-09-01 02:00:00.091 +00:00] [INF] [8] Emby.Server.Implementations.MediaEncoder.EncodingManager: Skipping chapter image extraction for "james cameron" as the average chapter duration 0 was lower than the minimum threshold 10000000
[2026-09-01 02:00:00.092 +00:00] [INF] [8] Emby.Server.Implementations.MediaEncoder.EncodingManager: Skipping chapter image extraction for "mechanical alien" as the average chapter duration 0 was lower than the minimum threshold 10000000
[2026-09-01 02:00:00.094 +00:00] [INF] [8] Emby.Server.Implementations.MediaEncoder.EncodingManager: Skipping chapter image extraction for "Extra-2" as the average chapter duration 0 was lower than the minimum threshold 10000000
[2026-09-01 02:00:00.094 +00:00] [INF] [8] Emby.Server.Implementations.MediaEncoder.EncodingManager: Skipping chapter image extraction for "Extra-4" as the average chapter duration 0 was lower than the minimum threshold 10000000
[2026-09-01 02:00:00.094 +00:00] [INF] [8] Emby.Server.Implementations.MediaEncoder.EncodingManager: Skipping chapter image extraction for "Extra-5" as the average chapter duration 0 was lower than the minimum threshold 10000000
[2026-09-01 02:00:00.094 +00:00] [INF] [8] Emby.Server.Implementations.MediaEncoder.EncodingManager: Skipping chapter image extraction for "james cameron" as the average chapter duration 0 was lower than the minimum threshold 10000000
[2026-09-01 02:00:00.094 +00:00] [INF] [8] Emby.Server.Implementations.MediaEncoder.EncodingManager: Skipping chapter image extraction for "mechanical alien" as the average chapter duration 0 was lower than the minimum threshold 10000000
[2026-09-01 02:00:00.095 +00:00] [INF] [8] Emby.Server.Implementations.MediaEncoder.EncodingManager: Skipping chapter image extraction for "Extra-7" as the average chapter duration 0 was lower than the minimum threshold 10000000
[2026-09-01 02:00:00.095 +00:00] [INF] [8] Emby.Server.Implementations.MediaEncoder.EncodingManager: Skipping chapter image extraction for "Extra-6" as the average chapter duration 0 was lower than the minimum threshold 10000000
[2026-09-01 02:00:00.095 +00:00] [INF] [8] Emby.Server.Implementations.MediaEncoder.EncodingManager: Skipping chapter image extraction for "Extra-1" as the average chapter duration 0 was lower than the minimum threshold 10000000
[2026-09-01 02:00:00.095 +00:00] [INF] [8] Emby.Server.Implementations.MediaEncoder.EncodingManager: Skipping chapter image extraction for "Extra-3" as the average chapter duration 0 was lower than the minimum threshold 10000000
[2026-09-01 02:00:00.098 +00:00] [INF] [8] Emby.Server.Implementations.MediaEncoder.EncodingManager: Skipping chapter image extraction for "mechanical alien" as the average chapter duration 0 was lower than the minimum threshold 10000000
[2026-09-01 02:00:00.099 +00:00] [INF] [8] Emby.Server.Implementations.MediaEncoder.EncodingManager: Skipping chapter image extraction for "the longest trek" as the average chapter duration 0 was lower than the minimum threshold 10000000
[2026-09-01 02:00:00.099 +00:00] [INF] [8] Emby.Server.Implementations.MediaEncoder.EncodingManager: Skipping chapter image extraction for "Star Trek Rellics" as the average chapter duration 0 was lower than the minimum threshold 10000000
[2026-09-01 02:00:00.100 +00:00] [INF] [8] Emby.Server.Implementations.MediaEncoder.EncodingManager: Skipping chapter image extraction for "Star Trek Genesis composer" as the average chapter duration 0 was lower than the minimum threshold 10000000
[2026-09-01 02:00:00.100 +00:00] [INF] [8] Emby.Server.Implementations.MediaEncoder.EncodingManager: Skipping chapter image extraction for "tribute to ricardo montalban" as the average chapter duration 0 was lower than the minimum threshold 10000000
[2026-09-01 02:00:00.100 +00:00] [INF] [8] Emby.Server.Implementations.MediaEncoder.EncodingManager: Skipping chapter image extraction for "Klingons and Shakspeare" as the average chapter duration 0 was lower than the minimum threshold 10000000
[2026-09-01 02:00:00.101 +00:00] [INF] [8] Emby.Server.Implementations.MediaEncoder.EncodingManager: Skipping chapter image extraction for "Alien Stuntman" as the average chapter duration 0 was lower than the minimum threshold 10000000
[2026-09-01 02:00:00.101 +00:00] [INF] [8] Emby.Server.Implementations.MediaEncoder.EncodingManager: Skipping chapter image extraction for "james cameron" as the average chapter duration 0 was lower than the minimum threshold 10000000
[2026-09-01 02:00:00.101 +00:00] [INF] [8] Emby.Server.Implementations.ScheduledTasks.TaskManager: "Extract Chapter Images" Completed after 0 minute(s) and 0 seconds
[2026-09-01 02:00:01.004 +00:00] [INF] [29] Emby.Server.Implementations.ScheduledTasks.TaskManager: Daily trigger for "Extract Chapter Images" set to fire at 2026-09-02 02:00:00.000 +00:00, which is 23:59:58.9955505 from now.
[2026-09-01 02:16:08.391 +00:00] [INF] [33] Emby.Server.Implementations.Library.LibraryManager: Deleting dead "8eb16e712b82babeb2acb5634b89e7e9" "Elizabeth Trojian" "Person".
[2026-09-01 02:16:08.391 +00:00] [INF] [33] Emby.Server.Implementations.Library.LibraryManager: Removing item, Type: "Person", Name: "Elizabeth Trojian", Path: "/config/metadata/People/E/Elizabeth Trojian", Id: 8eb16e71-2b82-babe-b2ac-b5634b89e7e9
[2026-09-01 02:16:08.393 +00:00] [INF] [33] Emby.Server.Implementations.Library.LibraryManager: Deleting dead "b7cfc6e8d25eba544b6fbfa4693cb912" "Jim Conrad" "Person".
[2026-09-01 02:16:08.393 +00:00] [INF] [33] Emby.Server.Implementations.Library.LibraryManager: Removing item, Type: "Person", Name: "Jim Conrad", Path: "/config/metadata/People/J/Jim Conrad", Id: b7cfc6e8-d25e-ba54-4b6f-bfa4693cb912
[2026-09-01 02:16:08.394 +00:00] [INF] [33] Emby.Server.Implementations.Library.LibraryManager: Deleting dead "32ee34cca8ced87a6625ba8d2039dad1" "Mick Grogan" "Person".
[2026-09-01 02:16:08.394 +00:00] [INF] [33] Emby.Server.Implementations.Library.LibraryManager: Removing item, Type: "Person", Name: "Mick Grogan", Path: "/config/metadata/People/M/Mick Grogan", Id: 32ee34cc-a8ce-d87a-6625-ba8d2039dad1
[2026-09-01 02:16:08.395 +00:00] [INF] [33] Emby.Server.Implementations.Library.LibraryManager: Deleting dead "b33e8e65f1ee20467b98d837085ba55a" "Sara Soligo" "Person".
[2026-09-01 02:16:08.395 +00:00] [INF] [33] Emby.Server.Implementations.Library.LibraryManager: Removing item, Type: "Person", Name: "Sara Soligo", Path: "/config/metadata/People/S/Sara Soligo", Id: b33e8e65-f1ee-2046-7b98-d837085ba55a
[2026-09-01 02:16:08.396 +00:00] [INF] [33] Emby.Server.Implementations.Library.LibraryManager: Deleting dead "362d12711321dc1d53a7007b8271aad7" "Simon Pegg" "Person".
[2026-09-01 02:16:08.396 +00:00] [INF] [33] Emby.Server.Implementations.Library.LibraryManager: Removing item, Type: "Person", Name: "Simon Pegg", Path: "/config/metadata/People/S/Simon Pegg", Id: 362d1271-1321-dc1d-53a7-007b8271aad7
[2026-09-01 02:16:08.397 +00:00] [INF] [33] Emby.Server.Implementations.Library.LibraryManager: People validation complete
[2026-09-01 02:16:08.397 +00:00] [INF] [33] Emby.Server.Implementations.ScheduledTasks.TaskManager: "Refresh People" Completed after 0 minute(s) and 0 seconds
[2026-09-01 02:16:10.794 +00:00] [INF] [33] Jellyfin.LiveTv.Guide.GuideManager: Refreshing guide with 7 days of guide data
[2026-09-01 02:16:10.797 +00:00] [INF] [33] Emby.Server.Implementations.ScheduledTasks.TaskManager: "Refresh Guide" Completed after 0 minute(s) and 3 seconds
[2026-09-01 02:26:52.604 +00:00] [INF] [26] Emby.Server.Implementations.Updates.InstallationManager: Plugin "installed": "LDAP Authentication" "20.0.0.0"
[2026-09-01 02:26:52.623 +00:00] [INF] [26] Emby.Server.Implementations.ApplicationHost: App needs to be restarted.
[2026-09-01 02:27:03.087 +00:00] [INF] [3] Emby.Server.Implementations.Updates.InstallationManager: Plugin "installed": "Playback Reporting" "16.0.0.0"
[2026-09-01 02:27:03.096 +00:00] [INF] [3] Emby.Server.Implementations.ApplicationHost: App needs to be restarted.
[2026-09-01 02:27:15.094 +00:00] [INF] [26] Emby.Server.Implementations.Session.SessionManager: Sending shutdown notifications
[2026-09-01 02:27:15.144 +00:00] [INF] [23] Jellyfin.Networking.PortForwardingHost: Stopping NAT discovery
[2026-09-01 02:27:15.174 +00:00] [INF] [24] Main: Running query planner optimizations in the database... This might take a while
[2026-09-01 02:27:15.238 +00:00] [INF] [23] Emby.Server.Implementations.IO.LibraryMonitor: Stopping directory watching for path "/media/movies"
[2026-09-01 02:27:15.267 +00:00] [INF] [24] Emby.Server.Implementations.ApplicationHost: Disposing "CoreAppHost"
[2026-09-01 02:27:15.267 +00:00] [INF] [24] Emby.Server.Implementations.ApplicationHost: Disposing "MusicBrainzArtistProvider"
[2026-09-01 02:27:15.268 +00:00] [INF] [24] Emby.Server.Implementations.ApplicationHost: Disposing "MusicBrainzAlbumProvider"
[2026-09-01 02:27:15.268 +00:00] [INF] [24] Emby.Server.Implementations.ApplicationHost: Disposing "PluginManager"
[2026-09-01 02:27:15.273 +00:00] [INF] [24] Emby.Server.Implementations.AppBase.BaseConfigurationManager: Setting cache path: "/cache"
[2026-09-01 02:27:15.280 +00:00] [INF] [24] Emby.Server.Implementations.ApplicationHost: Loading assemblies
[2026-09-01 02:27:15.293 +00:00] [INF] [24] Emby.Server.Implementations.Plugins.PluginManager: Loaded assembly "Novell.Directory.Ldap.NETStandard, Version=3.6.0.0, Culture=neutral, PublicKeyToken=510c34e9dec7f86f" from "/config/plugins/LDAP Authentication_20.0.0.0/Novell.Directory.Ldap.NETStandard.dll"
[2026-09-01 02:27:15.295 +00:00] [INF] [24] Emby.Server.Implementations.Plugins.PluginManager: Loaded assembly "LDAP-Auth, Version=20.0.0.0, Culture=neutral, PublicKeyToken=null" from "/config/plugins/LDAP Authentication_20.0.0.0/LDAP-Auth.dll"
[2026-09-01 02:27:15.301 +00:00] [INF] [24] Emby.Server.Implementations.Plugins.PluginManager: Loaded assembly "SQLitePCL.pretty, Version=1.0.0.0, Culture=neutral, PublicKeyToken=null" from "/config/plugins/Playback Reporting_16.0.0.0/SQLitePCL.pretty.dll"
[2026-09-01 02:27:15.302 +00:00] [INF] [24] Emby.Server.Implementations.Plugins.PluginManager: Loaded assembly "Jellyfin.Plugin.PlaybackReporting, Version=16.0.0.0, Culture=neutral, PublicKeyToken=null" from "/config/plugins/Playback Reporting_16.0.0.0/Jellyfin.Plugin.PlaybackReporting.dll"
[2026-09-01 02:27:15.313 +00:00] [INF] [24] Jellyfin.Networking.Manager.NetworkManager: Defined LAN subnets: ["127.0.0.1/8", "10.0.0.0/8", "172.16.0.0/12", "192.168.0.0/16"]
[2026-09-01 02:27:15.313 +00:00] [INF] [24] Jellyfin.Networking.Manager.NetworkManager: Defined LAN exclusions: []
[2026-09-01 02:27:15.313 +00:00] [INF] [24] Jellyfin.Networking.Manager.NetworkManager: Used LAN subnets: ["127.0.0.1/8", "10.0.0.0/8", "172.16.0.0/12", "192.168.0.0/16"]
[2026-09-01 02:27:15.314 +00:00] [INF] [24] Jellyfin.Networking.Manager.NetworkManager: Filtered interface addresses: ["127.0.0.1", "192.168.254.120", "172.18.0.1", "172.23.0.1", "172.22.0.1"]
[2026-09-01 02:27:15.314 +00:00] [INF] [24] Jellyfin.Networking.Manager.NetworkManager: Bind Addresses ["0.0.0.0"]
[2026-09-01 02:27:15.314 +00:00] [INF] [24] Jellyfin.Networking.Manager.NetworkManager: Remote IP filter is "Allowlist"
[2026-09-01 02:27:15.314 +00:00] [INF] [24] Jellyfin.Networking.Manager.NetworkManager: Filtered subnets: []
[2026-09-01 02:27:15.537 +00:00] [INF] [24] Emby.Server.Implementations.Plugins.PluginManager: Loaded plugin: "LDAP-Auth" "20.0.0.0"
[2026-09-01 02:27:15.538 +00:00] [INF] [24] Emby.Server.Implementations.Plugins.PluginManager: Loaded plugin: "Playback Reporting" "16.0.0.0"
[2026-09-01 02:27:15.539 +00:00] [INF] [24] Emby.Server.Implementations.Plugins.PluginManager: Loaded plugin: "TMDb" "10.10.7.0"
[2026-09-01 02:27:15.540 +00:00] [INF] [24] Emby.Server.Implementations.Plugins.PluginManager: Loaded plugin: "Studio Images" "10.10.7.0"
[2026-09-01 02:27:15.540 +00:00] [INF] [24] Emby.Server.Implementations.Plugins.PluginManager: Loaded plugin: "OMDb" "10.10.7.0"
[2026-09-01 02:27:15.541 +00:00] [INF] [24] Emby.Server.Implementations.Plugins.PluginManager: Loaded plugin: "MusicBrainz" "10.10.7.0"
[2026-09-01 02:27:15.541 +00:00] [INF] [24] Emby.Server.Implementations.Plugins.PluginManager: Loaded plugin: "AudioDB" "10.10.7.0"
[2026-09-01 02:27:15.604 +00:00] [INF] [24] Main: Kestrel is listening on "0.0.0.0"
[2026-09-01 02:27:15.613 +00:00] [INF] [24] Jellyfin.Plugin.PlaybackReporting.EventMonitorEntryPoint: EventMonitorEntryPoint Running
[2026-09-01 02:27:15.627 +00:00] [INF] [24] Jellyfin.Plugin.PlaybackReporting.Data.ActivityRepository: Sqlite version: 3.41.2
[2026-09-01 02:27:15.629 +00:00] [INF] [24] Jellyfin.Plugin.PlaybackReporting.Data.ActivityRepository: Sqlite compiler options: ATOMIC_INTRINSICS=1,COMPILER=gcc-9.4.0,DEFAULT_AUTOVACUUM,DEFAULT_CACHE_SIZE=-2000,DEFAULT_FILE_FORMAT=4,DEFAULT_FOREIGN_KEYS,DEFAULT_JOURNAL_SIZE_LIMIT=-1,DEFAULT_MMAP_SIZE=0,DEFAULT_PAGE_SIZE=4096,DEFAULT_PCACHE_INITSZ=20,DEFAULT_RECURSIVE_TRIGGERS,DEFAULT_SECTOR_SIZE=4096,DEFAULT_SYNCHRONOUS=2,DEFAULT_WAL_AUTOCHECKPOINT=1000,DEFAULT_WAL_SYNCHRONOUS=2,DEFAULT_WORKER_THREADS=0,ENABLE_COLUMN_METADATA,ENABLE_FTS3,ENABLE_FTS3_PARENTHESIS,ENABLE_FTS4,ENABLE_FTS5,ENABLE_MATH_FUNCTIONS,ENABLE_RTREE,ENABLE_SNAPSHOT,MALLOC_SOFT_LIMIT=1024,MAX_ATTACHED=10,MAX_COLUMN=2000,MAX_COMPOUND_SELECT=500,MAX_DEFAULT_PAGE_SIZE=8192,MAX_EXPR_DEPTH=1000,MAX_FUNCTION_ARG=127,MAX_LENGTH=1000000000,MAX_LIKE_PATTERN_LENGTH=50000,MAX_MMAP_SIZE=0x7fff0000,MAX_PAGE_COUNT=1073741823,MAX_PAGE_SIZE=65536,MAX_SQL_LENGTH=1000000000,MAX_TRIGGER_DEPTH=1000,MAX_VARIABLE_NUMBER=32766,MAX_VDBE_OP=250000000,MAX_WORKER_THREADS=8,MUTEX_PTHREADS,SYSTEM_MALLOC,TEMP_STORE=1,THREADSAFE=1
[2026-09-01 02:27:15.647 +00:00] [INF] [24] Jellyfin.Plugin.PlaybackReporting.Data.ActivityRepository: Default journal_mode for "/config/data/playback_reporting.db" is "delete"
[2026-09-01 02:27:15.648 +00:00] [INF] [24] Jellyfin.Plugin.PlaybackReporting.Data.ActivityRepository: Initialize PlaybackActivity Repository
[2026-09-01 02:27:15.648 +00:00] [INF] [24] Jellyfin.Plugin.PlaybackReporting.Data.ActivityRepository: PlaybackActivity table schema miss match!
[2026-09-01 02:27:15.648 +00:00] [INF] [24] Jellyfin.Plugin.PlaybackReporting.Data.ActivityRepository: Expected : "datecreated:datetime|userid:text|itemid:text|itemtype:text|itemname:text|playbackmethod:text|clientname:text|devicename:text|playduration:int"
[2026-09-01 02:27:15.648 +00:00] [INF] [24] Jellyfin.Plugin.PlaybackReporting.Data.ActivityRepository: Received : ""
[2026-09-01 02:27:15.648 +00:00] [INF] [24] Jellyfin.Plugin.PlaybackReporting.Data.ActivityRepository: Dropping and recreating PlaybackActivity table
[2026-09-01 02:27:16.095 +00:00] [WRN] [24] Microsoft.AspNetCore.StaticFiles.StaticFileMiddleware: The WebRootPath was not found: "/wwwroot". Static files may be unavailable.
[2026-09-01 02:27:16.115 +00:00] [INF] [24] Emby.Server.Implementations.ApplicationHost: Running startup tasks
[2026-09-01 02:27:16.119 +00:00] [INF] [24] Jellyfin.Plugin.PlaybackReporting.TaskCleanDb: TaskCleanDb Loaded
[2026-09-01 02:27:16.120 +00:00] [INF] [24] Jellyfin.Plugin.PlaybackReporting.TaskRunBackup: TaskRunBackup Loaded
[2026-09-01 02:27:16.121 +00:00] [INF] [23] Emby.Server.Implementations.IO.LibraryMonitor: Watching directory "/media/movies"
[2026-09-01 02:27:16.131 +00:00] [INF] [24] Emby.Server.Implementations.ScheduledTasks.TaskManager: Daily trigger for "Playback Reporting Trim Db" set to fire at 2026-09-02 00:00:00.000 +00:00, which is 21:32:43.8688838 from now.
[2026-09-01 02:27:16.133 +00:00] [INF] [24] Emby.Server.Implementations.ScheduledTasks.TaskManager: Daily trigger for "Generate Trickplay Images" set to fire at 2026-09-01 03:00:00.000 +00:00, which is 00:32:43.8665801 from now.
[2026-09-01 02:27:16.134 +00:00] [INF] [24] Emby.Server.Implementations.ScheduledTasks.TaskManager: Daily trigger for "Extract Chapter Images" set to fire at 2026-09-02 02:00:00.000 +00:00, which is 23:32:43.8654321 from now.
[2026-09-01 02:27:16.177 +00:00] [INF] [24] MediaBrowser.MediaEncoding.Encoder.MediaEncoder: Found ffmpeg version "7.1.3"
[2026-09-01 02:27:16.237 +00:00] [INF] [24] MediaBrowser.MediaEncoding.Encoder.MediaEncoder: Available "decoders": ["libdav1d", "av1", "av1_cuvid", "av1_rkmpp", "h264", "h264_rkmpp", "h264_cuvid", "hevc", "hevc_rkmpp", "hevc_cuvid", "mpeg1_rkmpp", "mpeg2video", "mpeg2_rkmpp", "mpeg2_cuvid", "mpeg4", "mpeg4_rkmpp", "mpeg4_cuvid", "msmpeg4", "vc1_cuvid", "vp8", "vp8_rkmpp", "libvpx", "vp8_cuvid", "vp9", "vp9_rkmpp", "libvpx-vp9", "vp9_cuvid", "aac", "ac3", "ac4", "dca", "flac", "mp3", "truehd"]
[2026-09-01 02:27:16.284 +00:00] [INF] [24] MediaBrowser.MediaEncoding.Encoder.MediaEncoder: Available "encoders": ["libsvtav1", "av1_nvenc", "libx264", "h264_nvenc", "h264_v4l2m2m", "h264_rkmpp", "libx265", "hevc_nvenc", "hevc_rkmpp", "mjpeg_rkmpp", "aac", "libfdk_aac", "ac3", "alac", "dca", "flac", "libmp3lame", "libopus", "truehd", "libvorbis", "srt"]
[2026-09-01 02:27:16.336 +00:00] [INF] [24] MediaBrowser.MediaEncoding.Encoder.MediaEncoder: Available filters: ["bwdif_cuda", "bwdif_opencl", "hwupload_cuda", "overlay_opencl", "overlay_cuda", "overlay_rkrga", "scale_cuda", "scale_opencl", "scale_rkrga", "tonemapx", "tonemap_cuda", "tonemap_opencl", "transpose_cuda", "transpose_opencl", "vpp_rkrga", "yadif_cuda", "yadif_opencl", "zscale", "alphasrc"]
[2026-09-01 02:27:16.591 +00:00] [WRN] [24] MediaBrowser.MediaEncoding.Encoder.MediaEncoder: Filter: "overlay_vaapi" with option "Action to take when encountering EOF from secondary input" is not available
[2026-09-01 02:27:16.625 +00:00] [WRN] [24] MediaBrowser.MediaEncoding.Encoder.MediaEncoder: Filter: "overlay_vulkan" with option "Action to take when encountering EOF from secondary input" is not available
[2026-09-01 02:27:16.786 +00:00] [INF] [24] MediaBrowser.MediaEncoding.Encoder.MediaEncoder: Available hwaccel types: ["cuda", "drm", "opencl", "rkmpp"]
[2026-09-01 02:27:19.135 +00:00] [INF] [23] Emby.Server.Implementations.ScheduledTasks.TaskManager: "Clean Transcode Directory" Completed after 0 minute(s) and 0 seconds
[2026-09-01 02:27:19.216 +00:00] [INF] [42] Emby.Server.Implementations.ScheduledTasks.TaskManager: "Clean up collections and playlists" Completed after 0 minute(s) and 0 seconds
[2026-09-01 02:27:19.806 +00:00] [INF] [24] MediaBrowser.MediaEncoding.Encoder.MediaEncoder: FFmpeg: "/usr/lib/jellyfin-ffmpeg/ffmpeg"
[2026-09-01 02:27:19.806 +00:00] [INF] [24] Emby.Server.Implementations.ApplicationHost: ServerId: "31a2c68aebb54a898146ddbe266b0a3b"
[2026-09-01 02:27:19.806 +00:00] [INF] [24] Emby.Server.Implementations.ApplicationHost: Core startup complete
[2026-09-01 02:27:19.806 +00:00] [INF] [24] Main: Startup complete 0:00:04.5369884
[2026-09-01 02:27:20.149 +00:00] [INF] [24] Emby.Server.Implementations.ScheduledTasks.TaskManager: "Update Plugins" Completed after 0 minute(s) and 0 seconds
[2026-09-01 03:00:00.073 +00:00] [INF] [43] Jellyfin.Server.Implementations.Trickplay.TrickplayManager: Creating trickplay files at 320 width, for "/media/movies/Distinguished Gentleman.mkv" [ID: d6805bb3-0f17-f98d-647b-b59374a66cea]
[2026-09-01 03:00:00.082 +00:00] [INF] [43] MediaBrowser.MediaEncoding.Encoder.MediaEncoder: Trickplay generation: "/usr/lib/jellyfin-ffmpeg/ffmpeg -loglevel error -skip_frame nokey -init_hw_device rkmpp=rk -hwaccel rkmpp -hwaccel_output_format drm_prime -noautorotate -afbc rga -i file:\"/media/movies/Distinguished Gentleman.mkv\" -noautoscale -an -sn -vf \"fps=0.10000000149011612,setparams=color_primaries=bt709:color_trc=bt709:colorspace=bt709,vpp_rkrga=format=bgra:afbc=1,vpp_rkrga=w=320:h=172:format=nv12\" -threads 1 -c:v mjpeg_rkmpp -qp_init:v 90 -fps_mode passthrough -f image2 \"/tmp/jellyfin/139cdb5980d245baa2081251892d7c85/%08d.jpg\""
[2026-09-01 03:00:00.154 +00:00] [ERR] [43] Jellyfin.Server.Implementations.Trickplay.TrickplayManager: Error creating trickplay images.
System.ArgumentException: Can't create trickplay from 0 images.
   at Jellyfin.Server.Implementations.Trickplay.TrickplayManager.CreateTiles(IReadOnlyList`1 images, Int32 width, TrickplayOptions options, String outputDir)
   at Jellyfin.Server.Implementations.Trickplay.TrickplayManager.RefreshTrickplayDataInternal(Video video, Boolean replace, Int32 width, TrickplayOptions options, LibraryOptions libraryOptions, CancellationToken cancellationToken)
[2026-09-01 03:00:00.160 +00:00] [INF] [43] Jellyfin.Server.Implementations.Trickplay.TrickplayManager: Creating trickplay files at 320 width, for "/media/movies/BloodDiamond.mkv" [ID: edcc59be-f16e-b5a5-cfe6-5451b6514b31]
[2026-09-01 03:00:00.161 +00:00] [INF] [43] MediaBrowser.MediaEncoding.Encoder.MediaEncoder: Trickplay generation: "/usr/lib/jellyfin-ffmpeg/ffmpeg -loglevel error -skip_frame nokey -init_hw_device rkmpp=rk -hwaccel rkmpp -hwaccel_output_format drm_prime -noautorotate -afbc rga -i file:\"/media/movies/BloodDiamond.mkv\" -noautoscale -an -sn -vf \"fps=0.10000000149011612,setparams=color_primaries=bt709:color_trc=bt709:colorspace=bt709,vpp_rkrga=format=bgra:afbc=1,vpp_rkrga=w=320:h=136:format=nv12\" -threads 1 -c:v mjpeg_rkmpp -qp_init:v 90 -fps_mode passthrough -f image2 \"/tmp/jellyfin/6c5d00ad29dc4604b3892cb0a7d131f1/%08d.jpg\""
[2026-09-01 03:00:00.229 +00:00] [ERR] [43] Jellyfin.Server.Implementations.Trickplay.TrickplayManager: Error creating trickplay images.
System.ArgumentException: Can't create trickplay from 0 images.
   at Jellyfin.Server.Implementations.Trickplay.TrickplayManager.CreateTiles(IReadOnlyList`1 images, Int32 width, TrickplayOptions options, String outputDir)
   at Jellyfin.Server.Implementations.Trickplay.TrickplayManager.RefreshTrickplayDataInternal(Video video, Boolean replace, Int32 width, TrickplayOptions options, LibraryOptions libraryOptions, CancellationToken cancellationToken)
[2026-09-01 03:00:00.231 +00:00] [INF] [43] Jellyfin.Server.Implementations.Trickplay.TrickplayManager: Creating trickplay files at 320 width, for "/media/movies/margin call.mkv" [ID: 686db995-0566-8798-164f-4aa93d3a7648]
[2026-09-01 03:00:00.231 +00:00] [INF] [43] MediaBrowser.MediaEncoding.Encoder.MediaEncoder: Trickplay generation: "/usr/lib/jellyfin-ffmpeg/ffmpeg -loglevel error -skip_frame nokey -init_hw_device rkmpp=rk -hwaccel rkmpp -hwaccel_output_format drm_prime -noautorotate -afbc rga -i file:\"/media/movies/margin call.mkv\" -noautoscale -an -sn -vf \"fps=0.10000000149011612,setparams=color_primaries=bt709:color_trc=bt709:colorspace=bt709,vpp_rkrga=format=bgra:afbc=1,vpp_rkrga=w=320:h=180:format=nv12\" -threads 1 -c:v mjpeg_rkmpp -qp_init:v 90 -fps_mode passthrough -f image2 \"/tmp/jellyfin/83c72d1cf6d74defb8bde2bb1043a483/%08d.jpg\""
[2026-09-01 03:00:00.262 +00:00] [ERR] [49] Jellyfin.Server.Implementations.Trickplay.TrickplayManager: Error creating trickplay images.
System.ArgumentException: Can't create trickplay from 0 images.
   at Jellyfin.Server.Implementations.Trickplay.TrickplayManager.CreateTiles(IReadOnlyList`1 images, Int32 width, TrickplayOptions options, String outputDir)
   at Jellyfin.Server.Implementations.Trickplay.TrickplayManager.RefreshTrickplayDataInternal(Video video, Boolean replace, Int32 width, TrickplayOptions options, LibraryOptions libraryOptions, CancellationToken cancellationToken)
[2026-09-01 03:00:00.266 +00:00] [INF] [49] Jellyfin.Server.Implementations.Trickplay.TrickplayManager: Creating trickplay files at 320 width, for "/media/movies/Steve Jobs.mkv" [ID: b69b97d6-eda6-fd39-eaa9-c5671a6330fe]
[2026-09-01 03:00:00.267 +00:00] [INF] [49] MediaBrowser.MediaEncoding.Encoder.MediaEncoder: Trickplay generation: "/usr/lib/jellyfin-ffmpeg/ffmpeg -loglevel error -skip_frame nokey -init_hw_device rkmpp=rk -hwaccel rkmpp -hwaccel_output_format drm_prime -noautorotate -afbc rga -i file:\"/media/movies/Steve Jobs.mkv\" -noautoscale -an -sn -vf \"fps=0.10000000149011612,setparams=color_primaries=bt709:color_trc=bt709:colorspace=bt709,vpp_rkrga=format=bgra:afbc=1,vpp_rkrga=w=320:h=180:format=nv12\" -threads 1 -c:v mjpeg_rkmpp -qp_init:v 90 -fps_mode passthrough -f image2 \"/tmp/jellyfin/f2e5455d3a7344acbdd24cb48dd01825/%08d.jpg\""
[2026-09-01 03:00:00.317 +00:00] [ERR] [43] Jellyfin.Server.Implementations.Trickplay.TrickplayManager: Error creating trickplay images.
System.ArgumentException: Can't create trickplay from 0 images.
   at Jellyfin.Server.Implementations.Trickplay.TrickplayManager.CreateTiles(IReadOnlyList`1 images, Int32 width, TrickplayOptions options, String outputDir)
   at Jellyfin.Server.Implementations.Trickplay.TrickplayManager.RefreshTrickplayDataInternal(Video video, Boolean replace, Int32 width, TrickplayOptions options, LibraryOptions libraryOptions, CancellationToken cancellationToken)
[2026-09-01 03:00:00.321 +00:00] [INF] [43] Jellyfin.Server.Implementations.Trickplay.TrickplayManager: Creating trickplay files at 320 width, for "/media/movies/Terminator 1.mkv" [ID: a6513a2c-6102-adf0-3a3e-c09912b3b635]
[2026-09-01 03:00:00.322 +00:00] [INF] [43] MediaBrowser.MediaEncoding.Encoder.MediaEncoder: Trickplay generation: "/usr/lib/jellyfin-ffmpeg/ffmpeg -loglevel error -skip_frame nokey -init_hw_device rkmpp=rk -hwaccel rkmpp -hwaccel_output_format drm_prime -noautorotate -afbc rga -i file:\"/media/movies/Terminator 1.mkv\" -noautoscale -an -sn -vf \"fps=0.10000000149011612,setparams=color_primaries=bt709:color_trc=bt709:colorspace=bt709,vpp_rkrga=format=bgra:afbc=1,vpp_rkrga=w=320:h=180:format=nv12\" -threads 1 -c:v mjpeg_rkmpp -qp_init:v 90 -fps_mode passthrough -f image2 \"/tmp/jellyfin/9b9482bb3d6540da8e27cf3b708cd5f4/%08d.jpg\""
[2026-09-01 03:00:00.358 +00:00] [ERR] [49] Jellyfin.Server.Implementations.Trickplay.TrickplayManager: Error creating trickplay images.
System.ArgumentException: Can't create trickplay from 0 images.
   at Jellyfin.Server.Implementations.Trickplay.TrickplayManager.CreateTiles(IReadOnlyList`1 images, Int32 width, TrickplayOptions options, String outputDir)
   at Jellyfin.Server.Implementations.Trickplay.TrickplayManager.RefreshTrickplayDataInternal(Video video, Boolean replace, Int32 width, TrickplayOptions options, LibraryOptions libraryOptions, CancellationToken cancellationToken)
[2026-09-01 03:00:00.364 +00:00] [INF] [49] Jellyfin.Server.Implementations.Trickplay.TrickplayManager: Creating trickplay files at 320 width, for "/media/movies/Greenbook.mkv" [ID: e23b5093-9a7b-d1ee-c2f6-128fa937ce9d]
[2026-09-01 03:00:00.365 +00:00] [INF] [49] MediaBrowser.MediaEncoding.Encoder.MediaEncoder: Trickplay generation: "/usr/lib/jellyfin-ffmpeg/ffmpeg -loglevel error -skip_frame nokey -init_hw_device rkmpp=rk -hwaccel rkmpp -hwaccel_output_format drm_prime -noautorotate -afbc rga -i file:\"/media/movies/Greenbook.mkv\" -noautoscale -an -sn -vf \"fps=0.10000000149011612,setparams=color_primaries=bt709:color_trc=bt709:colorspace=bt709,vpp_rkrga=format=bgra:afbc=1,vpp_rkrga=w=320:h=162:format=nv12\" -threads 1 -c:v mjpeg_rkmpp -qp_init:v 90 -fps_mode passthrough -f image2 \"/tmp/jellyfin/174feb8c2bad498d995895ddc50cf457/%08d.jpg\""
[2026-09-01 03:00:00.421 +00:00] [ERR] [52] Jellyfin.Server.Implementations.Trickplay.TrickplayManager: Error creating trickplay images.
System.ArgumentException: Can't create trickplay from 0 images.
   at Jellyfin.Server.Implementations.Trickplay.TrickplayManager.CreateTiles(IReadOnlyList`1 images, Int32 width, TrickplayOptions options, String outputDir)
   at Jellyfin.Server.Implementations.Trickplay.TrickplayManager.RefreshTrickplayDataInternal(Video video, Boolean replace, Int32 width, TrickplayOptions options, LibraryOptions libraryOptions, CancellationToken cancellationToken)
[2026-09-01 03:00:00.428 +00:00] [INF] [52] Jellyfin.Server.Implementations.Trickplay.TrickplayManager: Creating trickplay files at 320 width, for "/media/movies/School Ties.mkv" [ID: d6de75a4-b599-e14b-f8bb-f2e1f9a6d223]
[2026-09-01 03:00:00.429 +00:00] [INF] [52] MediaBrowser.MediaEncoding.Encoder.MediaEncoder: Trickplay generation: "/usr/lib/jellyfin-ffmpeg/ffmpeg -loglevel error -skip_frame nokey -init_hw_device rkmpp=rk -hwaccel rkmpp -hwaccel_output_format drm_prime -noautorotate -afbc rga -i file:\"/media/movies/School Ties.mkv\" -noautoscale -an -sn -vf \"fps=0.10000000149011612,setparams=color_primaries=bt709:color_trc=bt709:colorspace=bt709,vpp_rkrga=format=bgra:afbc=1,vpp_rkrga=w=320:h=184:format=nv12\" -threads 1 -c:v mjpeg_rkmpp -qp_init:v 90 -fps_mode passthrough -f image2 \"/tmp/jellyfin/e656df3da7f44a28852ade4dea0de44f/%08d.jpg\""
[2026-09-01 03:00:00.466 +00:00] [ERR] [49] Jellyfin.Server.Implementations.Trickplay.TrickplayManager: Error creating trickplay images.
System.ArgumentException: Can't create trickplay from 0 images.
   at Jellyfin.Server.Implementations.Trickplay.TrickplayManager.CreateTiles(IReadOnlyList`1 images, Int32 width, TrickplayOptions options, String outputDir)
   at Jellyfin.Server.Implementations.Trickplay.TrickplayManager.RefreshTrickplayDataInternal(Video video, Boolean replace, Int32 width, TrickplayOptions options, LibraryOptions libraryOptions, CancellationToken cancellationToken)
[2026-09-01 03:00:00.472 +00:00] [INF] [49] Jellyfin.Server.Implementations.Trickplay.TrickplayManager: Creating trickplay files at 320 width, for "/media/movies/Star Trek (1979).mkv" [ID: ad3c1a1a-39d0-fe82-1bbe-875502d64cc6]
[2026-09-01 03:00:00.473 +00:00] [INF] [49] MediaBrowser.MediaEncoding.Encoder.MediaEncoder: Trickplay generation: "/usr/lib/jellyfin-ffmpeg/ffmpeg -loglevel error -skip_frame nokey -init_hw_device rkmpp=rk -hwaccel rkmpp -hwaccel_output_format drm_prime -noautorotate -afbc rga -i file:\"/media/movies/Star Trek (1979).mkv\" -noautoscale -an -sn -vf \"fps=0.10000000149011612,setparams=color_primaries=bt709:color_trc=bt709:colorspace=bt709,vpp_rkrga=format=bgra:afbc=1,vpp_rkrga=w=320:h=138:format=nv12\" -threads 1 -c:v mjpeg_rkmpp -qp_init:v 90 -fps_mode passthrough -f image2 \"/tmp/jellyfin/840f4204c0a44560972ec710530e5b2b/%08d.jpg\""
[2026-09-01 03:00:00.522 +00:00] [ERR] [43] Jellyfin.Server.Implementations.Trickplay.TrickplayManager: Error creating trickplay images.
System.ArgumentException: Can't create trickplay from 0 images.
   at Jellyfin.Server.Implementations.Trickplay.TrickplayManager.CreateTiles(IReadOnlyList`1 images, Int32 width, TrickplayOptions options, String outputDir)
   at Jellyfin.Server.Implementations.Trickplay.TrickplayManager.RefreshTrickplayDataInternal(Video video, Boolean replace, Int32 width, TrickplayOptions options, LibraryOptions libraryOptions, CancellationToken cancellationToken)
[2026-09-01 03:00:00.529 +00:00] [INF] [43] Jellyfin.Server.Implementations.Trickplay.TrickplayManager: Creating trickplay files at 320 width, for "/media/movies/Draft Day.mkv" [ID: f2da339e-48c0-766a-4e8d-39bbd044c028]
[2026-09-01 03:00:00.530 +00:00] [INF] [43] MediaBrowser.MediaEncoding.Encoder.MediaEncoder: Trickplay generation: "/usr/lib/jellyfin-ffmpeg/ffmpeg -loglevel error -skip_frame nokey -init_hw_device rkmpp=rk -hwaccel rkmpp -hwaccel_output_format drm_prime -noautorotate -afbc rga -i file:\"/media/movies/Draft Day.mkv\" -noautoscale -an -sn -vf \"fps=0.10000000149011612,setparams=color_primaries=bt709:color_trc=bt709:colorspace=bt709,vpp_rkrga=format=bgra:afbc=1,vpp_rkrga=w=320:h=132:format=nv12\" -threads 1 -c:v mjpeg_rkmpp -qp_init:v 90 -fps_mode passthrough -f image2 \"/tmp/jellyfin/3658ffcad0a1470f8e7efd3b38d543ab/%08d.jpg\""
[2026-09-01 03:00:00.588 +00:00] [ERR] [52] Jellyfin.Server.Implementations.Trickplay.TrickplayManager: Error creating trickplay images.
System.ArgumentException: Can't create trickplay from 0 images.
   at Jellyfin.Server.Implementations.Trickplay.TrickplayManager.CreateTiles(IReadOnlyList`1 images, Int32 width, TrickplayOptions options, String outputDir)
   at Jellyfin.Server.Implementations.Trickplay.TrickplayManager.RefreshTrickplayDataInternal(Video video, Boolean replace, Int32 width, TrickplayOptions options, LibraryOptions libraryOptions, CancellationToken cancellationToken)
[2026-09-01 03:00:00.594 +00:00] [INF] [52] Jellyfin.Server.Implementations.Trickplay.TrickplayManager: Creating trickplay files at 320 width, for "/media/movies/soylent green.mkv" [ID: 4c78b4b5-d985-ae51-bd73-57a5f39f9121]
[2026-09-01 03:00:00.596 +00:00] [INF] [52] MediaBrowser.MediaEncoding.Encoder.MediaEncoder: Trickplay generation: "/usr/lib/jellyfin-ffmpeg/ffmpeg -loglevel error -skip_frame nokey -init_hw_device rkmpp=rk -hwaccel rkmpp -hwaccel_output_format drm_prime -noautorotate -afbc rga -i file:\"/media/movies/soylent green.mkv\" -noautoscale -an -sn -vf \"fps=0.10000000149011612,setparams=color_primaries=bt709:color_trc=bt709:colorspace=bt709,vpp_rkrga=format=bgra:afbc=1,vpp_rkrga=w=320:h=136:format=nv12\" -threads 1 -c:v mjpeg_rkmpp -qp_init:v 90 -fps_mode passthrough -f image2 \"/tmp/jellyfin/0372ed2799c94fe485e27c51f32c54a5/%08d.jpg\""
[2026-09-01 03:00:00.649 +00:00] [ERR] [43] Jellyfin.Server.Implementations.Trickplay.TrickplayManager: Error creating trickplay images.
System.ArgumentException: Can't create trickplay from 0 images.
   at Jellyfin.Server.Implementations.Trickplay.TrickplayManager.CreateTiles(IReadOnlyList`1 images, Int32 width, TrickplayOptions options, String outputDir)
   at Jellyfin.Server.Implementations.Trickplay.TrickplayManager.RefreshTrickplayDataInternal(Video video, Boolean replace, Int32 width, TrickplayOptions options, LibraryOptions libraryOptions, CancellationToken cancellationToken)
[2026-09-01 03:00:00.656 +00:00] [INF] [43] Jellyfin.Server.Implementations.Trickplay.TrickplayManager: Creating trickplay files at 320 width, for "/media/movies/Rocky IV.mkv" [ID: 3fb44678-7006-52d9-3f28-22215e89baad]
[2026-09-01 03:00:00.657 +00:00] [INF] [43] MediaBrowser.MediaEncoding.Encoder.MediaEncoder: Trickplay generation: "/usr/lib/jellyfin-ffmpeg/ffmpeg -loglevel error -skip_frame nokey -init_hw_device rkmpp=rk -hwaccel rkmpp -hwaccel_output_format drm_prime -noautorotate -afbc rga -i file:\"/media/movies/Rocky IV.mkv\" -noautoscale -an -sn -vf \"fps=0.10000000149011612,setparams=color_primaries=bt709:color_trc=bt709:colorspace=bt709,vpp_rkrga=format=bgra:afbc=1,vpp_rkrga=w=320:h=174:format=nv12\" -threads 1 -c:v mjpeg_rkmpp -qp_init:v 90 -fps_mode passthrough -f image2 \"/tmp/jellyfin/5abaab4007214924ac229eda567f5717/%08d.jpg\""
[2026-09-01 03:00:00.724 +00:00] [ERR] [49] Jellyfin.Server.Implementations.Trickplay.TrickplayManager: Error creating trickplay images.
System.ArgumentException: Can't create trickplay from 0 images.
   at Jellyfin.Server.Implementations.Trickplay.TrickplayManager.CreateTiles(IReadOnlyList`1 images, Int32 width, TrickplayOptions options, String outputDir)
   at Jellyfin.Server.Implementations.Trickplay.TrickplayManager.RefreshTrickplayDataInternal(Video video, Boolean replace, Int32 width, TrickplayOptions options, LibraryOptions libraryOptions, CancellationToken cancellationToken)
[2026-09-01 03:00:00.731 +00:00] [INF] [49] Jellyfin.Server.Implementations.Trickplay.TrickplayManager: Creating trickplay files at 320 width, for "/media/movies/Logans Run.mkv" [ID: 1b45d000-b112-7b71-7e10-eeb6fa0d8c0f]
[2026-09-01 03:00:00.732 +00:00] [INF] [49] MediaBrowser.MediaEncoding.Encoder.MediaEncoder: Trickplay generation: "/usr/lib/jellyfin-ffmpeg/ffmpeg -loglevel error -skip_frame nokey -init_hw_device rkmpp=rk -hwaccel rkmpp -hwaccel_output_format drm_prime -noautorotate -afbc rga -i file:\"/media/movies/Logans Run.mkv\" -noautoscale -an -sn -vf \"fps=0.10000000149011612,setparams=color_primaries=bt709:color_trc=bt709:colorspace=bt709,vpp_rkrga=format=bgra:afbc=1,vpp_rkrga=w=320:h=136:format=nv12\" -threads 1 -c:v mjpeg_rkmpp -qp_init:v 90 -fps_mode passthrough -f image2 \"/tmp/jellyfin/0f41620c87eb4f41ba71f99168721d06/%08d.jpg\""
[2026-09-01 03:00:00.781 +00:00] [ERR] [52] Jellyfin.Server.Implementations.Trickplay.TrickplayManager: Error creating trickplay images.
System.ArgumentException: Can't create trickplay from 0 images.
   at Jellyfin.Server.Implementations.Trickplay.TrickplayManager.CreateTiles(IReadOnlyList`1 images, Int32 width, TrickplayOptions options, String outputDir)
   at Jellyfin.Server.Implementations.Trickplay.TrickplayManager.RefreshTrickplayDataInternal(Video video, Boolean replace, Int32 width, TrickplayOptions options, LibraryOptions libraryOptions, CancellationToken cancellationToken)
[2026-09-01 03:00:00.789 +00:00] [INF] [52] Jellyfin.Server.Implementations.Trickplay.TrickplayManager: Creating trickplay files at 320 width, for "/media/movies/Star Trek II.mkv" [ID: d4688046-e5d7-f38d-b79a-185445d1a571]
[2026-09-01 03:00:00.790 +00:00] [INF] [52] MediaBrowser.MediaEncoding.Encoder.MediaEncoder: Trickplay generation: "/usr/lib/jellyfin-ffmpeg/ffmpeg -loglevel error -skip_frame nokey -init_hw_device rkmpp=rk -hwaccel rkmpp -hwaccel_output_format drm_prime -noautorotate -afbc rga -i file:\"/media/movies/Star Trek II.mkv\" -noautoscale -an -sn -vf \"fps=0.10000000149011612,setparams=color_primaries=bt709:color_trc=bt709:colorspace=bt709,vpp_rkrga=format=bgra:afbc=1,vpp_rkrga=w=320:h=136:format=nv12\" -threads 1 -c:v mjpeg_rkmpp -qp_init:v 90 -fps_mode passthrough -f image2 \"/tmp/jellyfin/875a6ec914a54470868b3dfa66ce4200/%08d.jpg\""
[2026-09-01 03:00:00.845 +00:00] [ERR] [49] Jellyfin.Server.Implementations.Trickplay.TrickplayManager: Error creating trickplay images.
System.ArgumentException: Can't create trickplay from 0 images.
   at Jellyfin.Server.Implementations.Trickplay.TrickplayManager.CreateTiles(IReadOnlyList`1 images, Int32 width, TrickplayOptions options, String outputDir)
   at Jellyfin.Server.Implementations.Trickplay.TrickplayManager.RefreshTrickplayDataInternal(Video video, Boolean replace, Int32 width, TrickplayOptions options, LibraryOptions libraryOptions, CancellationToken cancellationToken)
[2026-09-01 03:00:00.848 +00:00] [INF] [49] Jellyfin.Server.Implementations.Trickplay.TrickplayManager: Creating trickplay files at 320 width, for "/media/movies/Star Trek III.mkv" [ID: 1d85ca53-9610-3749-c840-9c5d00fba486]
[2026-09-01 03:00:00.849 +00:00] [INF] [49] MediaBrowser.MediaEncoding.Encoder.MediaEncoder: Trickplay generation: "/usr/lib/jellyfin-ffmpeg/ffmpeg -loglevel error -skip_frame nokey -init_hw_device rkmpp=rk -hwaccel rkmpp -hwaccel_output_format drm_prime -noautorotate -afbc rga -i file:\"/media/movies/Star Trek III.mkv\" -noautoscale -an -sn -vf \"fps=0.10000000149011612,setparams=color_primaries=bt709:color_trc=bt709:colorspace=bt709,vpp_rkrga=format=bgra:afbc=1,vpp_rkrga=w=320:h=138:format=nv12\" -threads 1 -c:v mjpeg_rkmpp -qp_init:v 90 -fps_mode passthrough -f image2 \"/tmp/jellyfin/da98c8a7bfe54520a4f78e16b1af0454/%08d.jpg\""
[2026-09-01 03:00:00.909 +00:00] [ERR] [49] Jellyfin.Server.Implementations.Trickplay.TrickplayManager: Error creating trickplay images.
System.ArgumentException: Can't create trickplay from 0 images.
   at Jellyfin.Server.Implementations.Trickplay.TrickplayManager.CreateTiles(IReadOnlyList`1 images, Int32 width, TrickplayOptions options, String outputDir)
   at Jellyfin.Server.Implementations.Trickplay.TrickplayManager.RefreshTrickplayDataInternal(Video video, Boolean replace, Int32 width, TrickplayOptions options, LibraryOptions libraryOptions, CancellationToken cancellationToken)
[2026-09-01 03:00:00.917 +00:00] [INF] [49] Jellyfin.Server.Implementations.Trickplay.TrickplayManager: Creating trickplay files at 320 width, for "/media/movies/Shadow Recruit.mkv" [ID: cd5e4be3-feba-a7f8-c1a2-bef897761975]
[2026-09-01 03:00:00.919 +00:00] [INF] [49] MediaBrowser.MediaEncoding.Encoder.MediaEncoder: Trickplay generation: "/usr/lib/jellyfin-ffmpeg/ffmpeg -loglevel error -skip_frame nokey -init_hw_device rkmpp=rk -hwaccel rkmpp -hwaccel_output_format drm_prime -noautorotate -afbc rga -i file:\"/media/movies/Shadow Recruit.mkv\" -noautoscale -an -sn -vf \"fps=0.10000000149011612,setparams=color_primaries=bt709:color_trc=bt709:colorspace=bt709,vpp_rkrga=format=bgra:afbc=1,vpp_rkrga=w=320:h=136:format=nv12\" -threads 1 -c:v mjpeg_rkmpp -qp_init:v 90 -fps_mode passthrough -f image2 \"/tmp/jellyfin/6c3b5714d9334b66b270098b921b1173/%08d.jpg\""
[2026-09-01 03:00:00.963 +00:00] [ERR] [49] Jellyfin.Server.Implementations.Trickplay.TrickplayManager: Error creating trickplay images.
System.ArgumentException: Can't create trickplay from 0 images.
   at Jellyfin.Server.Implementations.Trickplay.TrickplayManager.CreateTiles(IReadOnlyList`1 images, Int32 width, TrickplayOptions options, String outputDir)
   at Jellyfin.Server.Implementations.Trickplay.TrickplayManager.RefreshTrickplayDataInternal(Video video, Boolean replace, Int32 width, TrickplayOptions options, LibraryOptions libraryOptions, CancellationToken cancellationToken)
[2026-09-01 03:00:00.969 +00:00] [INF] [49] Jellyfin.Server.Implementations.Trickplay.TrickplayManager: Creating trickplay files at 320 width, for "/media/movies/Terminator 6 Dark Fate.mkv" [ID: e2578aa2-c95c-506d-589f-0ef73f60bc72]
[2026-09-01 03:00:00.971 +00:00] [INF] [49] MediaBrowser.MediaEncoding.Encoder.MediaEncoder: Trickplay generation: "/usr/lib/jellyfin-ffmpeg/ffmpeg -loglevel error -skip_frame nokey -init_hw_device rkmpp=rk -hwaccel rkmpp -hwaccel_output_format drm_prime -noautorotate -afbc rga -i file:\"/media/movies/Terminator 6 Dark Fate.mkv\" -noautoscale -an -sn -vf \"fps=0.10000000149011612,setparams=color_primaries=bt709:color_trc=bt709:colorspace=bt709,vpp_rkrga=format=bgra:afbc=1,vpp_rkrga=w=320:h=132:format=nv12\" -threads 1 -c:v mjpeg_rkmpp -qp_init:v 90 -fps_mode passthrough -f image2 \"/tmp/jellyfin/74a028ca9fa64b7498c6bda3d07ec4ec/%08d.jpg\""
[2026-09-01 03:00:01.003 +00:00] [INF] [49] Emby.Server.Implementations.ScheduledTasks.TaskManager: Daily trigger for "Generate Trickplay Images" set to fire at 2026-09-02 03:00:00.000 +00:00, which is 23:59:58.9969918 from now.
[2026-09-01 03:00:01.023 +00:00] [ERR] [50] Jellyfin.Server.Implementations.Trickplay.TrickplayManager: Error creating trickplay images.
System.ArgumentException: Can't create trickplay from 0 images.
   at Jellyfin.Server.Implementations.Trickplay.TrickplayManager.CreateTiles(IReadOnlyList`1 images, Int32 width, TrickplayOptions options, String outputDir)
   at Jellyfin.Server.Implementations.Trickplay.TrickplayManager.RefreshTrickplayDataInternal(Video video, Boolean replace, Int32 width, TrickplayOptions options, LibraryOptions libraryOptions, CancellationToken cancellationToken)
[2026-09-01 03:00:01.026 +00:00] [INF] [50] Jellyfin.Server.Implementations.Trickplay.TrickplayManager: Creating trickplay files at 320 width, for "/media/movies/Ford vs Ferrari.mkv" [ID: 433ffde2-44c7-3ca2-69d7-6370a039a41b]
[2026-09-01 03:00:01.027 +00:00] [INF] [50] MediaBrowser.MediaEncoding.Encoder.MediaEncoder: Trickplay generation: "/usr/lib/jellyfin-ffmpeg/ffmpeg -loglevel error -skip_frame nokey -init_hw_device rkmpp=rk -hwaccel rkmpp -hwaccel_output_format drm_prime -noautorotate -afbc rga -i file:\"/media/movies/Ford vs Ferrari.mkv\" -noautoscale -an -sn -vf \"fps=0.10000000149011612,setparams=color_primaries=bt709:color_trc=bt709:colorspace=bt709,vpp_rkrga=format=bgra:afbc=1,vpp_rkrga=w=320:h=136:format=nv12\" -threads 1 -c:v mjpeg_rkmpp -qp_init:v 90 -fps_mode passthrough -f image2 \"/tmp/jellyfin/fea6e5ebf3dd42b99d50399ad85d2bb5/%08d.jpg\""
[2026-09-01 03:00:01.073 +00:00] [ERR] [52] Jellyfin.Server.Implementations.Trickplay.TrickplayManager: Error creating trickplay images.
System.ArgumentException: Can't create trickplay from 0 images.
   at Jellyfin.Server.Implementations.Trickplay.TrickplayManager.CreateTiles(IReadOnlyList`1 images, Int32 width, TrickplayOptions options, String outputDir)
   at Jellyfin.Server.Implementations.Trickplay.TrickplayManager.RefreshTrickplayDataInternal(Video video, Boolean replace, Int32 width, TrickplayOptions options, LibraryOptions libraryOptions, CancellationToken cancellationToken)
[2026-09-01 03:00:01.077 +00:00] [INF] [52] Jellyfin.Server.Implementations.Trickplay.TrickplayManager: Creating trickplay files at 320 width, for "/media/movies/Falling Down.mkv" [ID: 544f1597-bf49-704e-1473-52a7a21b6cbd]
[2026-09-01 03:00:01.078 +00:00] [INF] [52] MediaBrowser.MediaEncoding.Encoder.MediaEncoder: Trickplay generation: "/usr/lib/jellyfin-ffmpeg/ffmpeg -loglevel error -skip_frame nokey -init_hw_device rkmpp=rk -hwaccel rkmpp -hwaccel_output_format drm_prime -noautorotate -afbc rga -i file:\"/media/movies/Falling Down.mkv\" -noautoscale -an -sn -vf \"fps=0.10000000149011612,setparams=color_primaries=bt709:color_trc=bt709:colorspace=bt709,vpp_rkrga=format=bgra:afbc=1,vpp_rkrga=w=320:h=136:format=nv12\" -threads 1 -c:v mjpeg_rkmpp -qp_init:v 90 -fps_mode passthrough -f image2 \"/tmp/jellyfin/59489c7211194025a8747b306b92f002/%08d.jpg\""
[2026-09-01 03:00:01.123 +00:00] [ERR] [43] Jellyfin.Server.Implementations.Trickplay.TrickplayManager: Error creating trickplay images.
System.ArgumentException: Can't create trickplay from 0 images.
   at Jellyfin.Server.Implementations.Trickplay.TrickplayManager.CreateTiles(IReadOnlyList`1 images, Int32 width, TrickplayOptions options, String outputDir)
   at Jellyfin.Server.Implementations.Trickplay.TrickplayManager.RefreshTrickplayDataInternal(Video video, Boolean replace, Int32 width, TrickplayOptions options, LibraryOptions libraryOptions, CancellationToken cancellationToken)
[2026-09-01 03:00:01.125 +00:00] [INF] [43] Jellyfin.Server.Implementations.Trickplay.TrickplayManager: Creating trickplay files at 320 width, for "/media/movies/Uncharted.mkv" [ID: 28c6a94f-8fca-2a9e-2ba4-53aa65ad3833]
[2026-09-01 03:00:01.125 +00:00] [INF] [43] MediaBrowser.MediaEncoding.Encoder.MediaEncoder: Trickplay generation: "/usr/lib/jellyfin-ffmpeg/ffmpeg -loglevel error -skip_frame nokey -init_hw_device rkmpp=rk -hwaccel rkmpp -hwaccel_output_format drm_prime -noautorotate -afbc rga -i file:\"/media/movies/Uncharted.mkv\" -noautoscale -an -sn -vf \"fps=0.10000000149011612,setparams=color_primaries=bt709:color_trc=bt709:colorspace=bt709,vpp_rkrga=format=bgra:afbc=1,vpp_rkrga=w=320:h=132:format=nv12\" -threads 1 -c:v mjpeg_rkmpp -qp_init:v 90 -fps_mode passthrough -f image2 \"/tmp/jellyfin/7a46f325d9ef4fe4b2e0abebbf40a6bc/%08d.jpg\""
[2026-09-01 03:00:01.168 +00:00] [ERR] [52] Jellyfin.Server.Implementations.Trickplay.TrickplayManager: Error creating trickplay images.
System.ArgumentException: Can't create trickplay from 0 images.
   at Jellyfin.Server.Implementations.Trickplay.TrickplayManager.CreateTiles(IReadOnlyList`1 images, Int32 width, TrickplayOptions options, String outputDir)
   at Jellyfin.Server.Implementations.Trickplay.TrickplayManager.RefreshTrickplayDataInternal(Video video, Boolean replace, Int32 width, TrickplayOptions options, LibraryOptions libraryOptions, CancellationToken cancellationToken)
[2026-09-01 03:00:01.171 +00:00] [INF] [52] Jellyfin.Server.Implementations.Trickplay.TrickplayManager: Creating trickplay files at 320 width, for "/media/movies/Top Gun Maverick.mkv" [ID: 1ca9a800-ef90-bdc4-6924-83d22f5e8813]
[2026-09-01 03:00:01.172 +00:00] [INF] [52] MediaBrowser.MediaEncoding.Encoder.MediaEncoder: Trickplay generation: "/usr/lib/jellyfin-ffmpeg/ffmpeg -loglevel error -skip_frame nokey -init_hw_device rkmpp=rk -hwaccel rkmpp -hwaccel_output_format drm_prime -noautorotate -afbc rga -i file:\"/media/movies/Top Gun Maverick.mkv\" -noautoscale -an -sn -vf \"fps=0.10000000149011612,setparams=color_primaries=bt709:color_trc=bt709:colorspace=bt709,vpp_rkrga=format=bgra:afbc=1,vpp_rkrga=w=320:h=168:format=nv12\" -threads 1 -c:v mjpeg_rkmpp -qp_init:v 90 -fps_mode passthrough -f image2 \"/tmp/jellyfin/1cc39d266d8345c7b5a93ce83c623dee/%08d.jpg\""
[2026-09-01 03:00:01.222 +00:00] [ERR] [43] Jellyfin.Server.Implementations.Trickplay.TrickplayManager: Error creating trickplay images.
System.ArgumentException: Can't create trickplay from 0 images.
   at Jellyfin.Server.Implementations.Trickplay.TrickplayManager.CreateTiles(IReadOnlyList`1 images, Int32 width, TrickplayOptions options, String outputDir)
   at Jellyfin.Server.Implementations.Trickplay.TrickplayManager.RefreshTrickplayDataInternal(Video video, Boolean replace, Int32 width, TrickplayOptions options, LibraryOptions libraryOptions, CancellationToken cancellationToken)
[2026-09-01 03:00:01.226 +00:00] [INF] [43] Jellyfin.Server.Implementations.Trickplay.TrickplayManager: Creating trickplay files at 320 width, for "/media/movies/Frogmen.mkv" [ID: 4006ed99-2d2e-78cf-1eaa-42d85e09c242]
[2026-09-01 03:00:01.227 +00:00] [INF] [43] MediaBrowser.MediaEncoding.Encoder.MediaEncoder: Trickplay generation: "/usr/lib/jellyfin-ffmpeg/ffmpeg -loglevel error -skip_frame nokey -init_hw_device rkmpp=rk -hwaccel rkmpp -hwaccel_output_format drm_prime -noautorotate -afbc rga -i file:\"/media/movies/Frogmen.mkv\" -noautoscale -an -sn -vf \"fps=0.10000000149011612,setparams=color_primaries=bt709:color_trc=bt709:colorspace=bt709,vpp_rkrga=format=bgra:afbc=1,vpp_rkrga=w=320:h=240:format=nv12\" -threads 1 -c:v mjpeg_rkmpp -qp_init:v 90 -fps_mode passthrough -f image2 \"/tmp/jellyfin/999ca3ee2cfa4b0085dd383ab26b88ae/%08d.jpg\""
[2026-09-01 03:00:01.280 +00:00] [ERR] [52] Jellyfin.Server.Implementations.Trickplay.TrickplayManager: Error creating trickplay images.
System.ArgumentException: Can't create trickplay from 0 images.
   at Jellyfin.Server.Implementations.Trickplay.TrickplayManager.CreateTiles(IReadOnlyList`1 images, Int32 width, TrickplayOptions options, String outputDir)
   at Jellyfin.Server.Implementations.Trickplay.TrickplayManager.RefreshTrickplayDataInternal(Video video, Boolean replace, Int32 width, TrickplayOptions options, LibraryOptions libraryOptions, CancellationToken cancellationToken)
[2026-09-01 03:00:01.283 +00:00] [INF] [52] Jellyfin.Server.Implementations.Trickplay.TrickplayManager: Creating trickplay files at 320 width, for "/media/movies/the Natural.mkv" [ID: a4eb0b86-8539-f600-4562-f05c51a8d53a]
[2026-09-01 03:00:01.283 +00:00] [INF] [52] MediaBrowser.MediaEncoding.Encoder.MediaEncoder: Trickplay generation: "/usr/lib/jellyfin-ffmpeg/ffmpeg -loglevel error -skip_frame nokey -init_hw_device rkmpp=rk -hwaccel rkmpp -hwaccel_output_format drm_prime -noautorotate -afbc rga -i file:\"/media/movies/the Natural.mkv\" -noautoscale -an -sn -vf \"fps=0.10000000149011612,setparams=color_primaries=bt709:color_trc=bt709:colorspace=bt709,vpp_rkrga=format=bgra:afbc=1,vpp_rkrga=w=320:h=172:format=nv12\" -threads 1 -c:v mjpeg_rkmpp -qp_init:v 90 -fps_mode passthrough -f image2 \"/tmp/jellyfin/1abc520147dc49ceafe90254d593c3f5/%08d.jpg\""
[2026-09-01 03:00:01.326 +00:00] [ERR] [50] Jellyfin.Server.Implementations.Trickplay.TrickplayManager: Error creating trickplay images.
System.ArgumentException: Can't create trickplay from 0 images.
   at Jellyfin.Server.Implementations.Trickplay.TrickplayManager.CreateTiles(IReadOnlyList`1 images, Int32 width, TrickplayOptions options, String outputDir)
   at Jellyfin.Server.Implementations.Trickplay.TrickplayManager.RefreshTrickplayDataInternal(Video video, Boolean replace, Int32 width, TrickplayOptions options, LibraryOptions libraryOptions, CancellationToken cancellationToken)
[2026-09-01 03:00:01.331 +00:00] [INF] [50] Jellyfin.Server.Implementations.Trickplay.TrickplayManager: Creating trickplay files at 320 width, for "/media/movies/the Recruit.mkv" [ID: cabf33be-1166-4946-c539-37af5b8932e5]
[2026-09-01 03:00:01.332 +00:00] [INF] [50] MediaBrowser.MediaEncoding.Encoder.MediaEncoder: Trickplay generation: "/usr/lib/jellyfin-ffmpeg/ffmpeg -loglevel error -skip_frame nokey -init_hw_device rkmpp=rk -hwaccel rkmpp -hwaccel_output_format drm_prime -noautorotate -afbc rga -i file:\"/media/movies/the Recruit.mkv\" -noautoscale -an -sn -vf \"fps=0.10000000149011612,setparams=color_primaries=bt709:color_trc=bt709:colorspace=bt709,vpp_rkrga=format=bgra:afbc=1,vpp_rkrga=w=320:h=180:format=nv12\" -threads 1 -c:v mjpeg_rkmpp -qp_init:v 90 -fps_mode passthrough -f image2 \"/tmp/jellyfin/b197cc56501b44deaba81a1b9d6d327e/%08d.jpg\""
[2026-09-01 03:00:01.382 +00:00] [ERR] [52] Jellyfin.Server.Implementations.Trickplay.TrickplayManager: Error creating trickplay images.
System.ArgumentException: Can't create trickplay from 0 images.
   at Jellyfin.Server.Implementations.Trickplay.TrickplayManager.CreateTiles(IReadOnlyList`1 images, Int32 width, TrickplayOptions options, String outputDir)
   at Jellyfin.Server.Implementations.Trickplay.TrickplayManager.RefreshTrickplayDataInternal(Video video, Boolean replace, Int32 width, TrickplayOptions options, LibraryOptions libraryOptions, CancellationToken cancellationToken)
[2026-09-01 03:00:01.384 +00:00] [INF] [52] Jellyfin.Server.Implementations.Trickplay.TrickplayManager: Creating trickplay files at 320 width, for "/media/movies/flags of our fathers.mkv" [ID: d1e25e25-3e52-190a-bddd-ce6ac319ba6f]
[2026-09-01 03:00:01.385 +00:00] [INF] [52] MediaBrowser.MediaEncoding.Encoder.MediaEncoder: Trickplay generation: "/usr/lib/jellyfin-ffmpeg/ffmpeg -loglevel error -skip_frame nokey -init_hw_device rkmpp=rk -hwaccel rkmpp -hwaccel_output_format drm_prime -noautorotate -afbc rga -i file:\"/media/movies/flags of our fathers.mkv\" -noautoscale -an -sn -vf \"fps=0.10000000149011612,setparams=color_primaries=bt709:color_trc=bt709:colorspace=bt709,vpp_rkrga=format=bgra:afbc=1,vpp_rkrga=w=320:h=136:format=nv12\" -threads 1 -c:v mjpeg_rkmpp -qp_init:v 90 -fps_mode passthrough -f image2 \"/tmp/jellyfin/c8297dd624274f2e9b167e5a31ac8620/%08d.jpg\""
[2026-09-01 03:00:01.430 +00:00] [ERR] [50] Jellyfin.Server.Implementations.Trickplay.TrickplayManager: Error creating trickplay images.
System.ArgumentException: Can't create trickplay from 0 images.
   at Jellyfin.Server.Implementations.Trickplay.TrickplayManager.CreateTiles(IReadOnlyList`1 images, Int32 width, TrickplayOptions options, String outputDir)
   at Jellyfin.Server.Implementations.Trickplay.TrickplayManager.RefreshTrickplayDataInternal(Video video, Boolean replace, Int32 width, TrickplayOptions options, LibraryOptions libraryOptions, CancellationToken cancellationToken)
[2026-09-01 03:00:01.437 +00:00] [INF] [50] Jellyfin.Server.Implementations.Trickplay.TrickplayManager: Creating trickplay files at 320 width, for "/media/movies/Gladiator.mkv" [ID: 461cf38c-d0a9-ecce-fbd6-2b3c9ffabe16]
[2026-09-01 03:00:01.438 +00:00] [INF] [50] MediaBrowser.MediaEncoding.Encoder.MediaEncoder: Trickplay generation: "/usr/lib/jellyfin-ffmpeg/ffmpeg -loglevel error -skip_frame nokey -init_hw_device rkmpp=rk -hwaccel rkmpp -hwaccel_output_format drm_prime -noautorotate -afbc rga -i file:\"/media/movies/Gladiator.mkv\" -noautoscale -an -sn -vf \"fps=0.10000000149011612,setparams=color_primaries=bt709:color_trc=bt709:colorspace=bt709,vpp_rkrga=format=bgra:afbc=1,vpp_rkrga=w=320:h=136:format=nv12\" -threads 1 -c:v mjpeg_rkmpp -qp_init:v 90 -fps_mode passthrough -f image2 \"/tmp/jellyfin/d06959b30069480c80e0edf733997999/%08d.jpg\""
[2026-09-01 03:00:01.496 +00:00] [ERR] [52] Jellyfin.Server.Implementations.Trickplay.TrickplayManager: Error creating trickplay images.
System.ArgumentException: Can't create trickplay from 0 images.
   at Jellyfin.Server.Implementations.Trickplay.TrickplayManager.CreateTiles(IReadOnlyList`1 images, Int32 width, TrickplayOptions options, String outputDir)
   at Jellyfin.Server.Implementations.Trickplay.TrickplayManager.RefreshTrickplayDataInternal(Video video, Boolean replace, Int32 width, TrickplayOptions options, LibraryOptions libraryOptions, CancellationToken cancellationToken)
[2026-09-01 03:00:01.498 +00:00] [INF] [52] Jellyfin.Server.Implementations.Trickplay.TrickplayManager: Creating trickplay files at 320 width, for "/media/movies/Star Wars V-Return of the Jedi.mp4" [ID: 738c2177-d739-fff9-3014-59234c11f7d6]
[2026-09-01 03:00:01.499 +00:00] [INF] [52] MediaBrowser.MediaEncoding.Encoder.MediaEncoder: Trickplay generation: "/usr/lib/jellyfin-ffmpeg/ffmpeg -loglevel error -skip_frame nokey -init_hw_device rkmpp=rk -hwaccel rkmpp -hwaccel_output_format drm_prime -noautorotate -afbc rga -i file:\"/media/movies/Star Wars V-Return of the Jedi.mp4\" -noautoscale -an -sn -vf \"fps=0.10000000149011612,setparams=color_primaries=bt709:color_trc=bt709:colorspace=bt709,vpp_rkrga=format=bgra:afbc=1,vpp_rkrga=w=320:h=136:format=nv12\" -threads 1 -c:v mjpeg_rkmpp -qp_init:v 90 -fps_mode passthrough -f image2 \"/tmp/jellyfin/554036708f72431585e07006819da066/%08d.jpg\""
[2026-09-01 03:00:08.137 +00:00] [INF] [50] Jellyfin.Server.Implementations.Trickplay.TrickplayManager: Finished creation of trickplay files for "/media/movies/Star Wars V-Return of the Jedi.mp4"
[2026-09-01 03:00:08.167 +00:00] [INF] [50] Jellyfin.Server.Implementations.Trickplay.TrickplayManager: Creating trickplay files at 320 width, for "/media/movies/View To A Kill.mkv" [ID: a2ef1ba1-78fa-368e-1191-666c44a9db69]
[2026-09-01 03:00:08.167 +00:00] [INF] [50] MediaBrowser.MediaEncoding.Encoder.MediaEncoder: Trickplay generation: "/usr/lib/jellyfin-ffmpeg/ffmpeg -loglevel error -skip_frame nokey -init_hw_device rkmpp=rk -hwaccel rkmpp -hwaccel_output_format drm_prime -noautorotate -afbc rga -i file:\"/media/movies/View To A Kill.mkv\" -noautoscale -an -sn -vf \"fps=0.10000000149011612,setparams=color_primaries=bt709:color_trc=bt709:colorspace=bt709,vpp_rkrga=format=bgra:afbc=1,vpp_rkrga=w=320:h=138:format=nv12\" -threads 1 -c:v mjpeg_rkmpp -qp_init:v 90 -fps_mode passthrough -f image2 \"/tmp/jellyfin/11d9f72528534415b40c5f63d02b3ca6/%08d.jpg\""
[2026-09-01 03:00:08.211 +00:00] [ERR] [35] Jellyfin.Server.Implementations.Trickplay.TrickplayManager: Error creating trickplay images.
System.ArgumentException: Can't create trickplay from 0 images.
   at Jellyfin.Server.Implementations.Trickplay.TrickplayManager.CreateTiles(IReadOnlyList`1 images, Int32 width, TrickplayOptions options, String outputDir)
   at Jellyfin.Server.Implementations.Trickplay.TrickplayManager.RefreshTrickplayDataInternal(Video video, Boolean replace, Int32 width, TrickplayOptions options, LibraryOptions libraryOptions, CancellationToken cancellationToken)
[2026-09-01 03:00:08.215 +00:00] [INF] [35] Jellyfin.Server.Implementations.Trickplay.TrickplayManager: Creating trickplay files at 320 width, for "/media/movies/Snatch.mkv" [ID: 1c3ba8d1-3814-950d-88ed-91367cf17ccb]
[2026-09-01 03:00:08.215 +00:00] [INF] [35] MediaBrowser.MediaEncoding.Encoder.MediaEncoder: Trickplay generation: "/usr/lib/jellyfin-ffmpeg/ffmpeg -loglevel error -skip_frame nokey -init_hw_device rkmpp=rk -hwaccel rkmpp -hwaccel_output_format drm_prime -noautorotate -afbc rga -i file:\"/media/movies/Snatch.mkv\" -noautoscale -an -sn -vf \"fps=0.10000000149011612,setparams=color_primaries=bt709:color_trc=bt709:colorspace=bt709,vpp_rkrga=format=bgra:afbc=1,vpp_rkrga=w=320:h=176:format=nv12\" -threads 1 -c:v mjpeg_rkmpp -qp_init:v 90 -fps_mode passthrough -f image2 \"/tmp/jellyfin/61a515fb54d44a30b8627d51939ac00b/%08d.jpg\""
[2026-09-01 03:00:08.264 +00:00] [ERR] [52] Jellyfin.Server.Implementations.Trickplay.TrickplayManager: Error creating trickplay images.
System.ArgumentException: Can't create trickplay from 0 images.
   at Jellyfin.Server.Implementations.Trickplay.TrickplayManager.CreateTiles(IReadOnlyList`1 images, Int32 width, TrickplayOptions options, String outputDir)
   at Jellyfin.Server.Implementations.Trickplay.TrickplayManager.RefreshTrickplayDataInternal(Video video, Boolean replace, Int32 width, TrickplayOptions options, LibraryOptions libraryOptions, CancellationToken cancellationToken)
[2026-09-01 03:00:08.268 +00:00] [INF] [52] Jellyfin.Server.Implementations.Trickplay.TrickplayManager: Creating trickplay files at 320 width, for "/media/movies/enemy of the state.mkv" [ID: 35abee4e-43fe-1871-6c06-9311d01a6e3d]
[2026-09-01 03:00:08.269 +00:00] [INF] [52] MediaBrowser.MediaEncoding.Encoder.MediaEncoder: Trickplay generation: "/usr/lib/jellyfin-ffmpeg/ffmpeg -loglevel error -skip_frame nokey -init_hw_device rkmpp=rk -hwaccel rkmpp -hwaccel_output_format drm_prime -noautorotate -afbc rga -i file:\"/media/movies/enemy of the state.mkv\" -noautoscale -an -sn -vf \"fps=0.10000000149011612,setparams=color_primaries=bt709:color_trc=bt709:colorspace=bt709,vpp_rkrga=format=bgra:afbc=1,vpp_rkrga=w=320:h=136:format=nv12\" -threads 1 -c:v mjpeg_rkmpp -qp_init:v 90 -fps_mode passthrough -f image2 \"/tmp/jellyfin/06fe6e174e4e44839484693ec6b20046/%08d.jpg\""
[2026-09-01 03:00:08.314 +00:00] [ERR] [35] Jellyfin.Server.Implementations.Trickplay.TrickplayManager: Error creating trickplay images.
System.ArgumentException: Can't create trickplay from 0 images.
   at Jellyfin.Server.Implementations.Trickplay.TrickplayManager.CreateTiles(IReadOnlyList`1 images, Int32 width, TrickplayOptions options, String outputDir)
   at Jellyfin.Server.Implementations.Trickplay.TrickplayManager.RefreshTrickplayDataInternal(Video video, Boolean replace, Int32 width, TrickplayOptions options, LibraryOptions libraryOptions, CancellationToken cancellationToken)
[2026-09-01 03:00:08.318 +00:00] [INF] [35] Jellyfin.Server.Implementations.Trickplay.TrickplayManager: Creating trickplay files at 320 width, for "/media/movies/the usual suspects.mkv" [ID: fb4cee06-824a-635d-e078-c971b7681939]
[2026-09-01 03:00:08.319 +00:00] [INF] [35] MediaBrowser.MediaEncoding.Encoder.MediaEncoder: Trickplay generation: "/usr/lib/jellyfin-ffmpeg/ffmpeg -loglevel error -skip_frame nokey -init_hw_device rkmpp=rk -hwaccel rkmpp -hwaccel_output_format drm_prime -noautorotate -afbc rga -i file:\"/media/movies/the usual suspects.mkv\" -noautoscale -an -sn -vf \"fps=0.10000000149011612,setparams=color_primaries=bt709:color_trc=bt709:colorspace=bt709,vpp_rkrga=format=bgra:afbc=1,vpp_rkrga=w=320:h=240:format=nv12\" -threads 1 -c:v mjpeg_rkmpp -qp_init:v 90 -fps_mode passthrough -f image2 \"/tmp/jellyfin/6d72de6aa6eb4daf9f961825782cb054/%08d.jpg\""
[2026-09-01 03:00:08.364 +00:00] [ERR] [50] Jellyfin.Server.Implementations.Trickplay.TrickplayManager: Error creating trickplay images.
System.ArgumentException: Can't create trickplay from 0 images.
   at Jellyfin.Server.Implementations.Trickplay.TrickplayManager.CreateTiles(IReadOnlyList`1 images, Int32 width, TrickplayOptions options, String outputDir)
   at Jellyfin.Server.Implementations.Trickplay.TrickplayManager.RefreshTrickplayDataInternal(Video video, Boolean replace, Int32 width, TrickplayOptions options, LibraryOptions libraryOptions, CancellationToken cancellationToken)
[2026-09-01 03:00:08.369 +00:00] [INF] [50] Jellyfin.Server.Implementations.Trickplay.TrickplayManager: Creating trickplay files at 320 width, for "/media/movies/Star Trek VI.mkv" [ID: e6683c80-3c39-f9e0-7932-1e649395644b]
[2026-09-01 03:00:08.369 +00:00] [INF] [50] MediaBrowser.MediaEncoding.Encoder.MediaEncoder: Trickplay generation: "/usr/lib/jellyfin-ffmpeg/ffmpeg -loglevel error -skip_frame nokey -init_hw_device rkmpp=rk -hwaccel rkmpp -hwaccel_output_format drm_prime -noautorotate -afbc rga -i file:\"/media/movies/Star Trek VI.mkv\" -noautoscale -an -sn -vf \"fps=0.10000000149011612,setparams=color_primaries=bt709:color_trc=bt709:colorspace=bt709,vpp_rkrga=format=bgra:afbc=1,vpp_rkrga=w=320:h=136:format=nv12\" -threads 1 -c:v mjpeg_rkmpp -qp_init:v 90 -fps_mode passthrough -f image2 \"/tmp/jellyfin/23b0c884e5f043fdb539380ea06cf4de/%08d.jpg\""
[2026-09-01 03:00:08.451 +00:00] [ERR] [35] Jellyfin.Server.Implementations.Trickplay.TrickplayManager: Error creating trickplay images.
System.ArgumentException: Can't create trickplay from 0 images.
   at Jellyfin.Server.Implementations.Trickplay.TrickplayManager.CreateTiles(IReadOnlyList`1 images, Int32 width, TrickplayOptions options, String outputDir)
   at Jellyfin.Server.Implementations.Trickplay.TrickplayManager.RefreshTrickplayDataInternal(Video video, Boolean replace, Int32 width, TrickplayOptions options, LibraryOptions libraryOptions, CancellationToken cancellationToken)
[2026-09-01 03:00:08.458 +00:00] [INF] [35] Jellyfin.Server.Implementations.Trickplay.TrickplayManager: Creating trickplay files at 320 width, for "/media/movies/Song of the South.avi" [ID: 5fd37cda-016b-3083-3edb-d00933bbfdbb]
[2026-09-01 03:00:08.459 +00:00] [INF] [35] MediaBrowser.MediaEncoding.Encoder.MediaEncoder: Trickplay generation: "/usr/lib/jellyfin-ffmpeg/ffmpeg -loglevel error -skip_frame nokey -init_hw_device rkmpp=rk -hwaccel rkmpp -hwaccel_output_format drm_prime -noautorotate -afbc rga -i file:\"/media/movies/Song of the South.avi\" -noautoscale -an -sn -vf \"fps=0.10000000149011612,setparams=color_primaries=bt709:color_trc=bt709:colorspace=bt709,vpp_rkrga=format=bgra:afbc=1,vpp_rkrga=w=320:h=240:format=nv12\" -threads 1 -c:v mjpeg_rkmpp -qp_init:v 90 -fps_mode passthrough -f image2 \"/tmp/jellyfin/68bdef7e0d87454895fcb45a1bbdb997/%08d.jpg\""
[2026-09-01 03:00:12.248 +00:00] [INF] [50] Jellyfin.Server.Implementations.Trickplay.TrickplayManager: Finished creation of trickplay files for "/media/movies/Song of the South.avi"
[2026-09-01 03:00:12.253 +00:00] [INF] [50] Jellyfin.Server.Implementations.Trickplay.TrickplayManager: Creating trickplay files at 320 width, for "/media/movies/The Matrix.mkv" [ID: 7f1a50ec-fbcc-d211-e04d-96425632e60b]
[2026-09-01 03:00:12.253 +00:00] [INF] [50] MediaBrowser.MediaEncoding.Encoder.MediaEncoder: Trickplay generation: "/usr/lib/jellyfin-ffmpeg/ffmpeg -loglevel error -skip_frame nokey -init_hw_device rkmpp=rk -hwaccel rkmpp -hwaccel_output_format drm_prime -noautorotate -afbc rga -i file:\"/media/movies/The Matrix.mkv\" -noautoscale -an -sn -vf \"fps=0.10000000149011612,setparams=color_primaries=bt709:color_trc=bt709:colorspace=bt709,vpp_rkrga=format=bgra:afbc=1,vpp_rkrga=w=320:h=134:format=nv12\" -threads 1 -c:v mjpeg_rkmpp -qp_init:v 90 -fps_mode passthrough -f image2 \"/tmp/jellyfin/9dc05b3bf6e54ec287b9fb5e5d7d8476/%08d.jpg\""
[2026-09-01 03:00:12.285 +00:00] [ERR] [50] Jellyfin.Server.Implementations.Trickplay.TrickplayManager: Error creating trickplay images.
System.ArgumentException: Can't create trickplay from 0 images.
   at Jellyfin.Server.Implementations.Trickplay.TrickplayManager.CreateTiles(IReadOnlyList`1 images, Int32 width, TrickplayOptions options, String outputDir)
   at Jellyfin.Server.Implementations.Trickplay.TrickplayManager.RefreshTrickplayDataInternal(Video video, Boolean replace, Int32 width, TrickplayOptions options, LibraryOptions libraryOptions, CancellationToken cancellationToken)
[2026-09-01 03:00:12.288 +00:00] [INF] [50] Jellyfin.Server.Implementations.Trickplay.TrickplayManager: Creating trickplay files at 320 width, for "/media/movies/coming to america.mkv" [ID: f546c57f-45e4-cbd9-1bdd-df4e37690dca]
[2026-09-01 03:00:12.288 +00:00] [INF] [50] MediaBrowser.MediaEncoding.Encoder.MediaEncoder: Trickplay generation: "/usr/lib/jellyfin-ffmpeg/ffmpeg -loglevel error -skip_frame nokey -init_hw_device rkmpp=rk -hwaccel rkmpp -hwaccel_output_format drm_prime -noautorotate -afbc rga -i file:\"/media/movies/coming to america.mkv\" -noautoscale -an -sn -vf \"fps=0.10000000149011612,setparams=color_primaries=bt709:color_trc=bt709:colorspace=bt709,vpp_rkrga=format=bgra:afbc=1,vpp_rkrga=w=320:h=180:format=nv12\" -threads 1 -c:v mjpeg_rkmpp -qp_init:v 90 -fps_mode passthrough -f image2 \"/tmp/jellyfin/907009a5de844bc480bc9e036fb02daf/%08d.jpg\""
[2026-09-01 03:00:12.336 +00:00] [ERR] [35] Jellyfin.Server.Implementations.Trickplay.TrickplayManager: Error creating trickplay images.
System.ArgumentException: Can't create trickplay from 0 images.
   at Jellyfin.Server.Implementations.Trickplay.TrickplayManager.CreateTiles(IReadOnlyList`1 images, Int32 width, TrickplayOptions options, String outputDir)
   at Jellyfin.Server.Implementations.Trickplay.TrickplayManager.RefreshTrickplayDataInternal(Video video, Boolean replace, Int32 width, TrickplayOptions options, LibraryOptions libraryOptions, CancellationToken cancellationToken)
[2026-09-01 03:00:12.339 +00:00] [INF] [35] Jellyfin.Server.Implementations.Trickplay.TrickplayManager: Creating trickplay files at 320 width, for "/media/movies/knives out.mp4" [ID: a402b071-6cb2-cac3-959f-72c14648d0fc]
[2026-09-01 03:00:12.340 +00:00] [INF] [35] MediaBrowser.MediaEncoding.Encoder.MediaEncoder: Trickplay generation: "/usr/lib/jellyfin-ffmpeg/ffmpeg -loglevel error -skip_frame nokey -init_hw_device rkmpp=rk -hwaccel rkmpp -hwaccel_output_format drm_prime -noautorotate -afbc rga -i file:\"/media/movies/knives out.mp4\" -noautoscale -an -sn -vf \"fps=0.10000000149011612,setparams=color_primaries=bt709:color_trc=bt709:colorspace=bt709,vpp_rkrga=format=bgra:afbc=1,vpp_rkrga=w=320:h=174:format=nv12\" -threads 1 -c:v mjpeg_rkmpp -qp_init:v 90 -fps_mode passthrough -f image2 \"/tmp/jellyfin/fe0dc82264e44dbd9482137b70695db9/%08d.jpg\""
[2026-09-01 03:00:15.706 +00:00] [INF] [43] Jellyfin.Server.Implementations.Trickplay.TrickplayManager: Finished creation of trickplay files for "/media/movies/knives out.mp4"
[2026-09-01 03:00:15.737 +00:00] [INF] [43] Jellyfin.Server.Implementations.Trickplay.TrickplayManager: Creating trickplay files at 320 width, for "/media/movies/noah.mkv" [ID: 20d11a62-8b41-d993-f1b8-46ed76d7f8a3]
[2026-09-01 03:00:15.738 +00:00] [INF] [43] MediaBrowser.MediaEncoding.Encoder.MediaEncoder: Trickplay generation: "/usr/lib/jellyfin-ffmpeg/ffmpeg -loglevel error -skip_frame nokey -init_hw_device rkmpp=rk -hwaccel rkmpp -hwaccel_output_format drm_prime -noautorotate -afbc rga -i file:\"/media/movies/noah.mkv\" -noautoscale -an -sn -vf \"fps=0.10000000149011612,setparams=color_primaries=bt709:color_trc=bt709:colorspace=bt709,vpp_rkrga=format=bgra:afbc=1,vpp_rkrga=w=320:h=176:format=nv12\" -threads 1 -c:v mjpeg_rkmpp -qp_init:v 90 -fps_mode passthrough -f image2 \"/tmp/jellyfin/e622e96f36c24618bc1e3bab28fe25e4/%08d.jpg\""
[2026-09-01 03:00:15.814 +00:00] [ERR] [50] Jellyfin.Server.Implementations.Trickplay.TrickplayManager: Error creating trickplay images.
System.ArgumentException: Can't create trickplay from 0 images.
   at Jellyfin.Server.Implementations.Trickplay.TrickplayManager.CreateTiles(IReadOnlyList`1 images, Int32 width, TrickplayOptions options, String outputDir)
   at Jellyfin.Server.Implementations.Trickplay.TrickplayManager.RefreshTrickplayDataInternal(Video video, Boolean replace, Int32 width, TrickplayOptions options, LibraryOptions libraryOptions, CancellationToken cancellationToken)
[2026-09-01 03:00:15.819 +00:00] [INF] [50] Jellyfin.Server.Implementations.Trickplay.TrickplayManager: Creating trickplay files at 320 width, for "/media/movies/Terminator 3.mkv" [ID: f8781932-8f5e-9924-63fb-e6ec42387752]
[2026-09-01 03:00:15.820 +00:00] [INF] [50] MediaBrowser.MediaEncoding.Encoder.MediaEncoder: Trickplay generation: "/usr/lib/jellyfin-ffmpeg/ffmpeg -loglevel error -skip_frame nokey -init_hw_device rkmpp=rk -hwaccel rkmpp -hwaccel_output_format drm_prime -noautorotate -afbc rga -i file:\"/media/movies/Terminator 3.mkv\" -noautoscale -an -sn -vf \"fps=0.10000000149011612,setparams=color_primaries=bt709:color_trc=bt709:colorspace=bt709,vpp_rkrga=format=bgra:afbc=1,vpp_rkrga=w=320:h=132:format=nv12\" -threads 1 -c:v mjpeg_rkmpp -qp_init:v 90 -fps_mode passthrough -f image2 \"/tmp/jellyfin/adb0073b4f4847ceb20b135448487930/%08d.jpg\""
[2026-09-01 03:00:15.874 +00:00] [ERR] [35] Jellyfin.Server.Implementations.Trickplay.TrickplayManager: Error creating trickplay images.
System.ArgumentException: Can't create trickplay from 0 images.
   at Jellyfin.Server.Implementations.Trickplay.TrickplayManager.CreateTiles(IReadOnlyList`1 images, Int32 width, TrickplayOptions options, String outputDir)
   at Jellyfin.Server.Implementations.Trickplay.TrickplayManager.RefreshTrickplayDataInternal(Video video, Boolean replace, Int32 width, TrickplayOptions options, LibraryOptions libraryOptions, CancellationToken cancellationToken)
[2026-09-01 03:00:15.878 +00:00] [INF] [35] Jellyfin.Server.Implementations.Trickplay.TrickplayManager: Creating trickplay files at 320 width, for "/media/movies/Rocky II.mkv" [ID: f9e5d17d-553c-5364-6f5d-88bf7374cf8a]
[2026-09-01 03:00:15.879 +00:00] [INF] [35] MediaBrowser.MediaEncoding.Encoder.MediaEncoder: Trickplay generation: "/usr/lib/jellyfin-ffmpeg/ffmpeg -loglevel error -skip_frame nokey -init_hw_device rkmpp=rk -hwaccel rkmpp -hwaccel_output_format drm_prime -noautorotate -afbc rga -i file:\"/media/movies/Rocky II.mkv\" -noautoscale -an -sn -vf \"fps=0.10000000149011612,setparams=color_primaries=bt709:color_trc=bt709:colorspace=bt709,vpp_rkrga=format=bgra:afbc=1,vpp_rkrga=w=320:h=176:format=nv12\" -threads 1 -c:v mjpeg_rkmpp -qp_init:v 90 -fps_mode passthrough -f image2 \"/tmp/jellyfin/a2f392851a3a405cb5fcc0a28969d147/%08d.jpg\""
[2026-09-01 03:00:15.928 +00:00] [ERR] [50] Jellyfin.Server.Implementations.Trickplay.TrickplayManager: Error creating trickplay images.
System.ArgumentException: Can't create trickplay from 0 images.
   at Jellyfin.Server.Implementations.Trickplay.TrickplayManager.CreateTiles(IReadOnlyList`1 images, Int32 width, TrickplayOptions options, String outputDir)
   at Jellyfin.Server.Implementations.Trickplay.TrickplayManager.RefreshTrickplayDataInternal(Video video, Boolean replace, Int32 width, TrickplayOptions options, LibraryOptions libraryOptions, CancellationToken cancellationToken)
[2026-09-01 03:00:15.933 +00:00] [INF] [50] Jellyfin.Server.Implementations.Trickplay.TrickplayManager: Creating trickplay files at 320 width, for "/media/movies/Top Gun (1986).mkv" [ID: 83532620-fcbe-78df-4552-696d5e3992c6]
[2026-09-01 03:00:15.933 +00:00] [INF] [50] MediaBrowser.MediaEncoding.Encoder.MediaEncoder: Trickplay generation: "/usr/lib/jellyfin-ffmpeg/ffmpeg -loglevel error -skip_frame nokey -init_hw_device rkmpp=rk -hwaccel rkmpp -hwaccel_output_format drm_prime -noautorotate -afbc rga -i file:\"/media/movies/Top Gun (1986).mkv\" -noautoscale -an -sn -vf \"fps=0.10000000149011612,setparams=color_primaries=bt709:color_trc=bt709:colorspace=bt709,vpp_rkrga=format=bgra:afbc=1,vpp_rkrga=w=320:h=132:format=nv12\" -threads 1 -c:v mjpeg_rkmpp -qp_init:v 90 -fps_mode passthrough -f image2 \"/tmp/jellyfin/b38207c942404c17932e51cf6bf556e3/%08d.jpg\""
[2026-09-01 03:00:15.971 +00:00] [ERR] [35] Jellyfin.Server.Implementations.Trickplay.TrickplayManager: Error creating trickplay images.
System.ArgumentException: Can't create trickplay from 0 images.
   at Jellyfin.Server.Implementations.Trickplay.TrickplayManager.CreateTiles(IReadOnlyList`1 images, Int32 width, TrickplayOptions options, String outputDir)
   at Jellyfin.Server.Implementations.Trickplay.TrickplayManager.RefreshTrickplayDataInternal(Video video, Boolean replace, Int32 width, TrickplayOptions options, LibraryOptions libraryOptions, CancellationToken cancellationToken)
[2026-09-01 03:00:15.975 +00:00] [INF] [35] Jellyfin.Server.Implementations.Trickplay.TrickplayManager: Creating trickplay files at 320 width, for "/media/movies/Terminator 4 Salvation.mkv" [ID: c333d21d-4909-c90e-b12a-44cac34ea18f]
[2026-09-01 03:00:15.976 +00:00] [INF] [35] MediaBrowser.MediaEncoding.Encoder.MediaEncoder: Trickplay generation: "/usr/lib/jellyfin-ffmpeg/ffmpeg -loglevel error -skip_frame nokey -init_hw_device rkmpp=rk -hwaccel rkmpp -hwaccel_output_format drm_prime -noautorotate -afbc rga -i file:\"/media/movies/Terminator 4 Salvation.mkv\" -noautoscale -an -sn -vf \"fps=0.10000000149011612,setparams=color_primaries=bt709:color_trc=bt709:colorspace=bt709,vpp_rkrga=format=bgra:afbc=1,vpp_rkrga=w=320:h=136:format=nv12\" -threads 1 -c:v mjpeg_rkmpp -qp_init:v 90 -fps_mode passthrough -f image2 \"/tmp/jellyfin/bf62298fd7b14c0f9a89d180ecf08eb2/%08d.jpg\""
[2026-09-01 03:00:16.019 +00:00] [ERR] [43] Jellyfin.Server.Implementations.Trickplay.TrickplayManager: Error creating trickplay images.
System.ArgumentException: Can't create trickplay from 0 images.
   at Jellyfin.Server.Implementations.Trickplay.TrickplayManager.CreateTiles(IReadOnlyList`1 images, Int32 width, TrickplayOptions options, String outputDir)
   at Jellyfin.Server.Implementations.Trickplay.TrickplayManager.RefreshTrickplayDataInternal(Video video, Boolean replace, Int32 width, TrickplayOptions options, LibraryOptions libraryOptions, CancellationToken cancellationToken)
[2026-09-01 03:00:16.021 +00:00] [INF] [43] Jellyfin.Server.Implementations.Trickplay.TrickplayManager: Creating trickplay files at 320 width, for "/media/movies/Laputa Castle in the Sky.mkv" [ID: 8e3b59d5-6a27-a7b3-4066-26426096a137]
[2026-09-01 03:00:16.021 +00:00] [INF] [43] MediaBrowser.MediaEncoding.Encoder.MediaEncoder: Trickplay generation: "/usr/lib/jellyfin-ffmpeg/ffmpeg -loglevel error -skip_frame nokey -init_hw_device rkmpp=rk -hwaccel rkmpp -hwaccel_output_format drm_prime -noautorotate -afbc rga -i file:\"/media/movies/Laputa Castle in the Sky.mkv\" -noautoscale -an -sn -vf \"fps=0.10000000149011612,setparams=color_primaries=bt709:color_trc=bt709:colorspace=bt709,vpp_rkrga=format=bgra:afbc=1,vpp_rkrga=w=320:h=172:format=nv12\" -threads 1 -c:v mjpeg_rkmpp -qp_init:v 90 -fps_mode passthrough -f image2 \"/tmp/jellyfin/d8903dcfde9c4f0f895304dca71aa00c/%08d.jpg\""
[2026-09-01 03:00:22.992 +00:00] [INF] [43] Jellyfin.Server.Implementations.Trickplay.TrickplayManager: Finished creation of trickplay files for "/media/movies/Laputa Castle in the Sky.mkv"
[2026-09-01 03:00:23.023 +00:00] [INF] [43] Jellyfin.Server.Implementations.Trickplay.TrickplayManager: Creating trickplay files at 320 width, for "/media/movies/Big Bus.mkv" [ID: c1375bcb-a52c-1804-4b66-964a283b59b5]
[2026-09-01 03:00:23.023 +00:00] [INF] [43] MediaBrowser.MediaEncoding.Encoder.MediaEncoder: Trickplay generation: "/usr/lib/jellyfin-ffmpeg/ffmpeg -loglevel error -skip_frame nokey -init_hw_device rkmpp=rk -hwaccel rkmpp -hwaccel_output_format drm_prime -noautorotate -afbc rga -i file:\"/media/movies/Big Bus.mkv\" -noautoscale -an -sn -vf \"fps=0.10000000149011612,setparams=color_primaries=bt709:color_trc=bt709:colorspace=bt709,vpp_rkrga=format=bgra:afbc=1,vpp_rkrga=w=320:h=138:format=nv12\" -threads 1 -c:v mjpeg_rkmpp -qp_init:v 90 -fps_mode passthrough -f image2 \"/tmp/jellyfin/dacb038e5c924dc4a27f59d6a04d03a7/%08d.jpg\""
[2026-09-01 03:00:23.066 +00:00] [ERR] [43] Jellyfin.Server.Implementations.Trickplay.TrickplayManager: Error creating trickplay images.
System.ArgumentException: Can't create trickplay from 0 images.
   at Jellyfin.Server.Implementations.Trickplay.TrickplayManager.CreateTiles(IReadOnlyList`1 images, Int32 width, TrickplayOptions options, String outputDir)
   at Jellyfin.Server.Implementations.Trickplay.TrickplayManager.RefreshTrickplayDataInternal(Video video, Boolean replace, Int32 width, TrickplayOptions options, LibraryOptions libraryOptions, CancellationToken cancellationToken)
[2026-09-01 03:00:23.069 +00:00] [INF] [43] Jellyfin.Server.Implementations.Trickplay.TrickplayManager: Creating trickplay files at 320 width, for "/media/movies/Omega man.mkv" [ID: 499ec86b-12e0-a2a1-af33-e8d90cead4d2]
[2026-09-01 03:00:23.070 +00:00] [INF] [43] MediaBrowser.MediaEncoding.Encoder.MediaEncoder: Trickplay generation: "/usr/lib/jellyfin-ffmpeg/ffmpeg -loglevel error -skip_frame nokey -init_hw_device rkmpp=rk -hwaccel rkmpp -hwaccel_output_format drm_prime -noautorotate -afbc rga -i file:\"/media/movies/Omega man.mkv\" -noautoscale -an -sn -vf \"fps=0.10000000149011612,setparams=color_primaries=bt709:color_trc=bt709:colorspace=bt709,vpp_rkrga=format=bgra:afbc=1,vpp_rkrga=w=320:h=136:format=nv12\" -threads 1 -c:v mjpeg_rkmpp -qp_init:v 90 -fps_mode passthrough -f image2 \"/tmp/jellyfin/4293df0bd6174f26a2014037ad1c55e6/%08d.jpg\""
[2026-09-01 03:00:23.143 +00:00] [ERR] [43] Jellyfin.Server.Implementations.Trickplay.TrickplayManager: Error creating trickplay images.
System.ArgumentException: Can't create trickplay from 0 images.
   at Jellyfin.Server.Implementations.Trickplay.TrickplayManager.CreateTiles(IReadOnlyList`1 images, Int32 width, TrickplayOptions options, String outputDir)
   at Jellyfin.Server.Implementations.Trickplay.TrickplayManager.RefreshTrickplayDataInternal(Video video, Boolean replace, Int32 width, TrickplayOptions options, LibraryOptions libraryOptions, CancellationToken cancellationToken)
[2026-09-01 03:00:23.146 +00:00] [INF] [43] Jellyfin.Server.Implementations.Trickplay.TrickplayManager: Creating trickplay files at 320 width, for "/media/movies/Star Wars IV.mp4" [ID: c5eb23a8-357d-65ee-f6e2-464cec2b12eb]
[2026-09-01 03:00:23.146 +00:00] [INF] [43] MediaBrowser.MediaEncoding.Encoder.MediaEncoder: Trickplay generation: "/usr/lib/jellyfin-ffmpeg/ffmpeg -loglevel error -skip_frame nokey -init_hw_device rkmpp=rk -hwaccel rkmpp -hwaccel_output_format drm_prime -noautorotate -afbc rga -i file:\"/media/movies/Star Wars IV.mp4\" -noautoscale -an -sn -vf \"fps=0.10000000149011612,setparams=color_primaries=bt709:color_trc=bt709:colorspace=bt709,vpp_rkrga=format=bgra:afbc=1,vpp_rkrga=w=320:h=136:format=nv12\" -threads 1 -c:v mjpeg_rkmpp -qp_init:v 90 -fps_mode passthrough -f image2 \"/tmp/jellyfin/f2fbabdaaa98452fa7ba1841f0f9dd50/%08d.jpg\""
[2026-09-01 03:00:29.207 +00:00] [INF] [52] Jellyfin.Server.Implementations.Trickplay.TrickplayManager: Finished creation of trickplay files for "/media/movies/Star Wars IV.mp4"
[2026-09-01 03:00:29.239 +00:00] [INF] [52] Jellyfin.Server.Implementations.Trickplay.TrickplayManager: Creating trickplay files at 320 width, for "/media/movies/Shawshank Redemption.mkv" [ID: 2b2d36ff-49a2-9c70-99fb-71a647ffdb29]
[2026-09-01 03:00:29.239 +00:00] [INF] [52] MediaBrowser.MediaEncoding.Encoder.MediaEncoder: Trickplay generation: "/usr/lib/jellyfin-ffmpeg/ffmpeg -loglevel error -skip_frame nokey -init_hw_device rkmpp=rk -hwaccel rkmpp -hwaccel_output_format drm_prime -noautorotate -afbc rga -i file:\"/media/movies/Shawshank Redemption.mkv\" -noautoscale -an -sn -vf \"fps=0.10000000149011612,setparams=color_primaries=bt709:color_trc=bt709:colorspace=bt709,vpp_rkrga=format=bgra:afbc=1,vpp_rkrga=w=320:h=180:format=nv12\" -threads 1 -c:v mjpeg_rkmpp -qp_init:v 90 -fps_mode passthrough -f image2 \"/tmp/jellyfin/ed58c0fb402f405d846f9a5f203214ec/%08d.jpg\""
[2026-09-01 03:00:29.270 +00:00] [ERR] [43] Jellyfin.Server.Implementations.Trickplay.TrickplayManager: Error creating trickplay images.
System.ArgumentException: Can't create trickplay from 0 images.
   at Jellyfin.Server.Implementations.Trickplay.TrickplayManager.CreateTiles(IReadOnlyList`1 images, Int32 width, TrickplayOptions options, String outputDir)
   at Jellyfin.Server.Implementations.Trickplay.TrickplayManager.RefreshTrickplayDataInternal(Video video, Boolean replace, Int32 width, TrickplayOptions options, LibraryOptions libraryOptions, CancellationToken cancellationToken)
[2026-09-01 03:00:29.274 +00:00] [INF] [43] Jellyfin.Server.Implementations.Trickplay.TrickplayManager: Creating trickplay files at 320 width, for "/media/movies/Invictus.mkv" [ID: 5aa367c0-4ff1-9371-78d5-a961b9dbd62a]
[2026-09-01 03:00:29.274 +00:00] [INF] [43] MediaBrowser.MediaEncoding.Encoder.MediaEncoder: Trickplay generation: "/usr/lib/jellyfin-ffmpeg/ffmpeg -loglevel error -skip_frame nokey -init_hw_device rkmpp=rk -hwaccel rkmpp -hwaccel_output_format drm_prime -noautorotate -afbc rga -i file:\"/media/movies/Invictus.mkv\" -noautoscale -an -sn -vf \"fps=0.10000000149011612,setparams=color_primaries=bt709:color_trc=bt709:colorspace=bt709,vpp_rkrga=format=bgra:afbc=1,vpp_rkrga=w=320:h=132:format=nv12\" -threads 1 -c:v mjpeg_rkmpp -qp_init:v 90 -fps_mode passthrough -f image2 \"/tmp/jellyfin/e068b1dfd09c43b4b2d7dd0f582bde30/%08d.jpg\""
[2026-09-01 03:00:29.343 +00:00] [ERR] [35] Jellyfin.Server.Implementations.Trickplay.TrickplayManager: Error creating trickplay images.
System.ArgumentException: Can't create trickplay from 0 images.
   at Jellyfin.Server.Implementations.Trickplay.TrickplayManager.CreateTiles(IReadOnlyList`1 images, Int32 width, TrickplayOptions options, String outputDir)
   at Jellyfin.Server.Implementations.Trickplay.TrickplayManager.RefreshTrickplayDataInternal(Video video, Boolean replace, Int32 width, TrickplayOptions options, LibraryOptions libraryOptions, CancellationToken cancellationToken)
[2026-09-01 03:00:29.349 +00:00] [INF] [35] Jellyfin.Server.Implementations.Trickplay.TrickplayManager: Creating trickplay files at 320 width, for "/media/movies/Rocky.mkv" [ID: 1e54ab36-4116-a936-6356-87f967a84cd4]
[2026-09-01 03:00:29.351 +00:00] [INF] [35] MediaBrowser.MediaEncoding.Encoder.MediaEncoder: Trickplay generation: "/usr/lib/jellyfin-ffmpeg/ffmpeg -loglevel error -skip_frame nokey -init_hw_device rkmpp=rk -hwaccel rkmpp -hwaccel_output_format drm_prime -noautorotate -afbc rga -i file:\"/media/movies/Rocky.mkv\" -noautoscale -an -sn -vf \"fps=0.10000000149011612,setparams=color_primaries=bt709:color_trc=bt709:colorspace=bt709,vpp_rkrga=format=bgra:afbc=1,vpp_rkrga=w=320:h=174:format=nv12\" -threads 1 -c:v mjpeg_rkmpp -qp_init:v 90 -fps_mode passthrough -f image2 \"/tmp/jellyfin/61be4cb5f23c4278b9579b87d34ded81/%08d.jpg\""
[2026-09-01 03:00:29.402 +00:00] [ERR] [43] Jellyfin.Server.Implementations.Trickplay.TrickplayManager: Error creating trickplay images.
System.ArgumentException: Can't create trickplay from 0 images.
   at Jellyfin.Server.Implementations.Trickplay.TrickplayManager.CreateTiles(IReadOnlyList`1 images, Int32 width, TrickplayOptions options, String outputDir)
   at Jellyfin.Server.Implementations.Trickplay.TrickplayManager.RefreshTrickplayDataInternal(Video video, Boolean replace, Int32 width, TrickplayOptions options, LibraryOptions libraryOptions, CancellationToken cancellationToken)
[2026-09-01 03:00:29.407 +00:00] [INF] [43] Jellyfin.Server.Implementations.Trickplay.TrickplayManager: Creating trickplay files at 320 width, for "/media/movies/Terminator 5 Genisys.mkv" [ID: 764bb679-e227-4924-3d37-a6d484160758]
[2026-09-01 03:00:29.407 +00:00] [INF] [43] MediaBrowser.MediaEncoding.Encoder.MediaEncoder: Trickplay generation: "/usr/lib/jellyfin-ffmpeg/ffmpeg -loglevel error -skip_frame nokey -init_hw_device rkmpp=rk -hwaccel rkmpp -hwaccel_output_format drm_prime -noautorotate -afbc rga -i file:\"/media/movies/Terminator 5 Genisys.mkv\" -noautoscale -an -sn -vf \"fps=0.10000000149011612,setparams=color_primaries=bt709:color_trc=bt709:colorspace=bt709,vpp_rkrga=format=bgra:afbc=1,vpp_rkrga=w=320:h=136:format=nv12\" -threads 1 -c:v mjpeg_rkmpp -qp_init:v 90 -fps_mode passthrough -f image2 \"/tmp/jellyfin/b9d2562e4afb457bb0133f462a72f04d/%08d.jpg\""
[2026-09-01 03:00:29.457 +00:00] [ERR] [35] Jellyfin.Server.Implementations.Trickplay.TrickplayManager: Error creating trickplay images.
System.ArgumentException: Can't create trickplay from 0 images.
   at Jellyfin.Server.Implementations.Trickplay.TrickplayManager.CreateTiles(IReadOnlyList`1 images, Int32 width, TrickplayOptions options, String outputDir)
   at Jellyfin.Server.Implementations.Trickplay.TrickplayManager.RefreshTrickplayDataInternal(Video video, Boolean replace, Int32 width, TrickplayOptions options, LibraryOptions libraryOptions, CancellationToken cancellationToken)
[2026-09-01 03:00:29.462 +00:00] [INF] [35] Jellyfin.Server.Implementations.Trickplay.TrickplayManager: Creating trickplay files at 320 width, for "/media/movies/Rocky III.mkv" [ID: 3148180d-3993-e1c0-143d-e91386b473c7]
[2026-09-01 03:00:29.463 +00:00] [INF] [35] MediaBrowser.MediaEncoding.Encoder.MediaEncoder: Trickplay generation: "/usr/lib/jellyfin-ffmpeg/ffmpeg -loglevel error -skip_frame nokey -init_hw_device rkmpp=rk -hwaccel rkmpp -hwaccel_output_format drm_prime -noautorotate -afbc rga -i file:\"/media/movies/Rocky III.mkv\" -noautoscale -an -sn -vf \"fps=0.10000000149011612,setparams=color_primaries=bt709:color_trc=bt709:colorspace=bt709,vpp_rkrga=format=bgra:afbc=1,vpp_rkrga=w=320:h=180:format=nv12\" -threads 1 -c:v mjpeg_rkmpp -qp_init:v 90 -fps_mode passthrough -f image2 \"/tmp/jellyfin/94fe5cc72f3a4e74878b38461e3c7669/%08d.jpg\""
[2026-09-01 03:00:29.509 +00:00] [ERR] [43] Jellyfin.Server.Implementations.Trickplay.TrickplayManager: Error creating trickplay images.
System.ArgumentException: Can't create trickplay from 0 images.
   at Jellyfin.Server.Implementations.Trickplay.TrickplayManager.CreateTiles(IReadOnlyList`1 images, Int32 width, TrickplayOptions options, String outputDir)
   at Jellyfin.Server.Implementations.Trickplay.TrickplayManager.RefreshTrickplayDataInternal(Video video, Boolean replace, Int32 width, TrickplayOptions options, LibraryOptions libraryOptions, CancellationToken cancellationToken)
[2026-09-01 03:00:29.514 +00:00] [INF] [43] Jellyfin.Server.Implementations.Trickplay.TrickplayManager: Creating trickplay files at 320 width, for "/media/movies/Gravity.mkv" [ID: 0c1360b2-acdb-8f0f-879f-2dae4b50b009]
[2026-09-01 03:00:29.514 +00:00] [INF] [43] MediaBrowser.MediaEncoding.Encoder.MediaEncoder: Trickplay generation: "/usr/lib/jellyfin-ffmpeg/ffmpeg -loglevel error -skip_frame nokey -init_hw_device rkmpp=rk -hwaccel rkmpp -hwaccel_output_format drm_prime -noautorotate -afbc rga -i file:\"/media/movies/Gravity.mkv\" -noautoscale -an -sn -vf \"fps=0.10000000149011612,setparams=color_primaries=bt709:color_trc=bt709:colorspace=bt709,vpp_rkrga=format=bgra:afbc=1,vpp_rkrga=w=320:h=136:format=nv12\" -threads 1 -c:v mjpeg_rkmpp -qp_init:v 90 -fps_mode passthrough -f image2 \"/tmp/jellyfin/71ee1f7ae4f04da7865a1ed4a7bb8639/%08d.jpg\""
[2026-09-01 03:00:29.576 +00:00] [ERR] [35] Jellyfin.Server.Implementations.Trickplay.TrickplayManager: Error creating trickplay images.
System.ArgumentException: Can't create trickplay from 0 images.
   at Jellyfin.Server.Implementations.Trickplay.TrickplayManager.CreateTiles(IReadOnlyList`1 images, Int32 width, TrickplayOptions options, String outputDir)
   at Jellyfin.Server.Implementations.Trickplay.TrickplayManager.RefreshTrickplayDataInternal(Video video, Boolean replace, Int32 width, TrickplayOptions options, LibraryOptions libraryOptions, CancellationToken cancellationToken)
[2026-09-01 03:00:29.582 +00:00] [INF] [35] Jellyfin.Server.Implementations.Trickplay.TrickplayManager: Creating trickplay files at 320 width, for "/media/movies/darkman.mkv" [ID: 99c4157c-922f-00b9-775e-2535823bdacc]
[2026-09-01 03:00:29.583 +00:00] [INF] [35] MediaBrowser.MediaEncoding.Encoder.MediaEncoder: Trickplay generation: "/usr/lib/jellyfin-ffmpeg/ffmpeg -loglevel error -skip_frame nokey -init_hw_device rkmpp=rk -hwaccel rkmpp -hwaccel_output_format drm_prime -noautorotate -afbc rga -i file:\"/media/movies/darkman.mkv\" -noautoscale -an -sn -vf \"fps=0.10000000149011612,setparams=color_primaries=bt709:color_trc=bt709:colorspace=bt709,vpp_rkrga=format=bgra:afbc=1,vpp_rkrga=w=320:h=172:format=nv12\" -threads 1 -c:v mjpeg_rkmpp -qp_init:v 90 -fps_mode passthrough -f image2 \"/tmp/jellyfin/15c13cf8255641e4b7d7bf280c7227ee/%08d.jpg\""
[2026-09-01 03:00:29.655 +00:00] [ERR] [43] Jellyfin.Server.Implementations.Trickplay.TrickplayManager: Error creating trickplay images.
System.ArgumentException: Can't create trickplay from 0 images.
   at Jellyfin.Server.Implementations.Trickplay.TrickplayManager.CreateTiles(IReadOnlyList`1 images, Int32 width, TrickplayOptions options, String outputDir)
   at Jellyfin.Server.Implementations.Trickplay.TrickplayManager.RefreshTrickplayDataInternal(Video video, Boolean replace, Int32 width, TrickplayOptions options, LibraryOptions libraryOptions, CancellationToken cancellationToken)
[2026-09-01 03:00:29.662 +00:00] [INF] [43] Jellyfin.Server.Implementations.Trickplay.TrickplayManager: Creating trickplay files at 320 width, for "/media/movies/Clear and Present Danger.mkv" [ID: 11cadcaa-96c3-0ce7-ead9-e45e62e3af01]
[2026-09-01 03:00:29.663 +00:00] [INF] [43] MediaBrowser.MediaEncoding.Encoder.MediaEncoder: Trickplay generation: "/usr/lib/jellyfin-ffmpeg/ffmpeg -loglevel error -skip_frame nokey -init_hw_device rkmpp=rk -hwaccel rkmpp -hwaccel_output_format drm_prime -noautorotate -afbc rga -i file:\"/media/movies/Clear and Present Danger.mkv\" -noautoscale -an -sn -vf \"fps=0.10000000149011612,setparams=color_primaries=bt709:color_trc=bt709:colorspace=bt709,vpp_rkrga=format=bgra:afbc=1,vpp_rkrga=w=320:h=144:format=nv12\" -threads 1 -c:v mjpeg_rkmpp -qp_init:v 90 -fps_mode passthrough -f image2 \"/tmp/jellyfin/2b0f40f494694d8d9d2817751d1e559c/%08d.jpg\""
[2026-09-01 03:00:29.716 +00:00] [ERR] [52] Jellyfin.Server.Implementations.Trickplay.TrickplayManager: Error creating trickplay images.
System.ArgumentException: Can't create trickplay from 0 images.
   at Jellyfin.Server.Implementations.Trickplay.TrickplayManager.CreateTiles(IReadOnlyList`1 images, Int32 width, TrickplayOptions options, String outputDir)
   at Jellyfin.Server.Implementations.Trickplay.TrickplayManager.RefreshTrickplayDataInternal(Video video, Boolean replace, Int32 width, TrickplayOptions options, LibraryOptions libraryOptions, CancellationToken cancellationToken)
[2026-09-01 03:00:29.720 +00:00] [INF] [52] Jellyfin.Server.Implementations.Trickplay.TrickplayManager: Creating trickplay files at 320 width, for "/media/movies/trading places/Extras/Dressing the Part.mkv" [ID: 404d5c61-987a-b56d-4a05-d920bdfaf2ab]
[2026-09-01 03:00:29.721 +00:00] [INF] [52] MediaBrowser.MediaEncoding.Encoder.MediaEncoder: Trickplay generation: "/usr/lib/jellyfin-ffmpeg/ffmpeg -loglevel error -skip_frame nokey -init_hw_device rkmpp=rk -hwaccel rkmpp -hwaccel_output_format drm_prime -noautorotate -afbc rga -i file:\"/media/movies/trading places/Extras/Dressing the Part.mkv\" -noautoscale -an -sn -vf \"fps=0.10000000149011612,setparams=color_primaries=bt709:color_trc=bt709:colorspace=bt709,vpp_rkrga=format=bgra:afbc=1,vpp_rkrga=w=320:h=240:format=nv12\" -threads 1 -c:v mjpeg_rkmpp -qp_init:v 90 -fps_mode passthrough -f image2 \"/tmp/jellyfin/8b90782b321141689bb89af92671f5fd/%08d.jpg\""
[2026-09-01 03:00:29.765 +00:00] [ERR] [35] Jellyfin.Server.Implementations.Trickplay.TrickplayManager: Error creating trickplay images.
System.ArgumentException: Can't create trickplay from 0 images.
   at Jellyfin.Server.Implementations.Trickplay.TrickplayManager.CreateTiles(IReadOnlyList`1 images, Int32 width, TrickplayOptions options, String outputDir)
   at Jellyfin.Server.Implementations.Trickplay.TrickplayManager.RefreshTrickplayDataInternal(Video video, Boolean replace, Int32 width, TrickplayOptions options, LibraryOptions libraryOptions, CancellationToken cancellationToken)
[2026-09-01 03:00:29.770 +00:00] [INF] [35] Jellyfin.Server.Implementations.Trickplay.TrickplayManager: Creating trickplay files at 320 width, for "/media/movies/trading places/Extras/Insider Trading.mkv" [ID: d76607bb-5142-4636-627a-b908b86a7709]
[2026-09-01 03:00:29.771 +00:00] [INF] [35] MediaBrowser.MediaEncoding.Encoder.MediaEncoder: Trickplay generation: "/usr/lib/jellyfin-ffmpeg/ffmpeg -loglevel error -skip_frame nokey -init_hw_device rkmpp=rk -hwaccel rkmpp -hwaccel_output_format drm_prime -noautorotate -afbc rga -i file:\"/media/movies/trading places/Extras/Insider Trading.mkv\" -noautoscale -an -sn -vf \"fps=0.10000000149011612,setparams=color_primaries=bt709:color_trc=bt709:colorspace=bt709,vpp_rkrga=format=bgra:afbc=1,vpp_rkrga=w=320:h=240:format=nv12\" -threads 1 -c:v mjpeg_rkmpp -qp_init:v 90 -fps_mode passthrough -f image2 \"/tmp/jellyfin/5d7935bb2d1d4ff6b5db30b7ad1dfa5b/%08d.jpg\""
[2026-09-01 03:00:29.826 +00:00] [ERR] [52] Jellyfin.Server.Implementations.Trickplay.TrickplayManager: Error creating trickplay images.
System.ArgumentException: Can't create trickplay from 0 images.
   at Jellyfin.Server.Implementations.Trickplay.TrickplayManager.CreateTiles(IReadOnlyList`1 images, Int32 width, TrickplayOptions options, String outputDir)
   at Jellyfin.Server.Implementations.Trickplay.TrickplayManager.RefreshTrickplayDataInternal(Video video, Boolean replace, Int32 width, TrickplayOptions options, LibraryOptions libraryOptions, CancellationToken cancellationToken)
[2026-09-01 03:00:29.841 +00:00] [INF] [52] Jellyfin.Server.Implementations.Trickplay.TrickplayManager: Creating trickplay files at 320 width, for "/media/movies/Terminator 2/Extras/james cameron.mkv" [ID: dc5b95f3-df43-a883-23a0-6d68deadb352]
[2026-09-01 03:00:29.843 +00:00] [INF] [52] MediaBrowser.MediaEncoding.Encoder.MediaEncoder: Trickplay generation: "/usr/lib/jellyfin-ffmpeg/ffmpeg -loglevel error -skip_frame nokey -init_hw_device rkmpp=rk -hwaccel rkmpp -hwaccel_output_format drm_prime -noautorotate -afbc rga -i file:\"/media/movies/Terminator 2/Extras/james cameron.mkv\" -noautoscale -an -sn -vf \"fps=0.10000000149011612,setparams=color_primaries=bt709:color_trc=bt709:colorspace=bt709,vpp_rkrga=format=bgra:afbc=1,vpp_rkrga=w=320:h=240:format=nv12\" -threads 1 -c:v mjpeg_rkmpp -qp_init:v 90 -fps_mode passthrough -f image2 \"/tmp/jellyfin/57452e7a014248f5a92cb2546761292d/%08d.jpg\""
[2026-09-01 03:00:29.900 +00:00] [ERR] [35] Jellyfin.Server.Implementations.Trickplay.TrickplayManager: Error creating trickplay images.
System.ArgumentException: Can't create trickplay from 0 images.
   at Jellyfin.Server.Implementations.Trickplay.TrickplayManager.CreateTiles(IReadOnlyList`1 images, Int32 width, TrickplayOptions options, String outputDir)
   at Jellyfin.Server.Implementations.Trickplay.TrickplayManager.RefreshTrickplayDataInternal(Video video, Boolean replace, Int32 width, TrickplayOptions options, LibraryOptions libraryOptions, CancellationToken cancellationToken)
[2026-09-01 03:00:29.904 +00:00] [INF] [35] Jellyfin.Server.Implementations.Trickplay.TrickplayManager: Creating trickplay files at 320 width, for "/media/movies/trading places/Extras/industry promotion.mkv" [ID: e71a1b9c-ca7f-1972-af7f-8094ac605785]
[2026-09-01 03:00:29.905 +00:00] [INF] [35] MediaBrowser.MediaEncoding.Encoder.MediaEncoder: Trickplay generation: "/usr/lib/jellyfin-ffmpeg/ffmpeg -loglevel error -skip_frame nokey -init_hw_device rkmpp=rk -hwaccel rkmpp -hwaccel_output_format drm_prime -noautorotate -afbc rga -i file:\"/media/movies/trading places/Extras/industry promotion.mkv\" -noautoscale -an -sn -vf \"fps=0.10000000149011612,setparams=color_primaries=bt709:color_trc=bt709:colorspace=bt709,vpp_rkrga=format=bgra:afbc=1,vpp_rkrga=w=320:h=240:format=nv12\" -threads 1 -c:v mjpeg_rkmpp -qp_init:v 90 -fps_mode passthrough -f image2 \"/tmp/jellyfin/e4743d066a744df0acfd2211137f8cee/%08d.jpg\""
[2026-09-01 03:00:29.952 +00:00] [ERR] [52] Jellyfin.Server.Implementations.Trickplay.TrickplayManager: Error creating trickplay images.
System.ArgumentException: Can't create trickplay from 0 images.
   at Jellyfin.Server.Implementations.Trickplay.TrickplayManager.CreateTiles(IReadOnlyList`1 images, Int32 width, TrickplayOptions options, String outputDir)
   at Jellyfin.Server.Implementations.Trickplay.TrickplayManager.RefreshTrickplayDataInternal(Video video, Boolean replace, Int32 width, TrickplayOptions options, LibraryOptions libraryOptions, CancellationToken cancellationToken)
[2026-09-01 03:00:29.956 +00:00] [INF] [52] Jellyfin.Server.Implementations.Trickplay.TrickplayManager: Creating trickplay files at 320 width, for "/media/movies/trading places/Extras/the Trade.mkv" [ID: fe362105-0243-307e-4f4d-89990c0f4115]
[2026-09-01 03:00:29.957 +00:00] [INF] [52] MediaBrowser.MediaEncoding.Encoder.MediaEncoder: Trickplay generation: "/usr/lib/jellyfin-ffmpeg/ffmpeg -loglevel error -skip_frame nokey -init_hw_device rkmpp=rk -hwaccel rkmpp -hwaccel_output_format drm_prime -noautorotate -afbc rga -i file:\"/media/movies/trading places/Extras/the Trade.mkv\" -noautoscale -an -sn -vf \"fps=0.10000000149011612,setparams=color_primaries=bt709:color_trc=bt709:colorspace=bt709,vpp_rkrga=format=bgra:afbc=1,vpp_rkrga=w=320:h=180:format=nv12\" -threads 1 -c:v mjpeg_rkmpp -qp_init:v 90 -fps_mode passthrough -f image2 \"/tmp/jellyfin/d92d0d62291c49dfb742f9b66b67278a/%08d.jpg\""
[2026-09-01 03:00:30.005 +00:00] [ERR] [52] Jellyfin.Server.Implementations.Trickplay.TrickplayManager: Error creating trickplay images.
System.ArgumentException: Can't create trickplay from 0 images.
   at Jellyfin.Server.Implementations.Trickplay.TrickplayManager.CreateTiles(IReadOnlyList`1 images, Int32 width, TrickplayOptions options, String outputDir)
   at Jellyfin.Server.Implementations.Trickplay.TrickplayManager.RefreshTrickplayDataInternal(Video video, Boolean replace, Int32 width, TrickplayOptions options, LibraryOptions libraryOptions, CancellationToken cancellationToken)
[2026-09-01 03:00:30.009 +00:00] [INF] [52] Jellyfin.Server.Implementations.Trickplay.TrickplayManager: Creating trickplay files at 320 width, for "/media/movies/Terminator 2/Extras/Extra-3.mkv" [ID: 5670f246-6586-045c-f00f-9aadb2725f4b]
[2026-09-01 03:00:30.010 +00:00] [INF] [52] MediaBrowser.MediaEncoding.Encoder.MediaEncoder: Trickplay generation: "/usr/lib/jellyfin-ffmpeg/ffmpeg -loglevel error -skip_frame nokey -init_hw_device rkmpp=rk -hwaccel rkmpp -hwaccel_output_format drm_prime -noautorotate -afbc rga -i file:\"/media/movies/Terminator 2/Extras/Extra-3.mkv\" -noautoscale -an -sn -vf \"fps=0.10000000149011612,setparams=color_primaries=bt709:color_trc=bt709:colorspace=bt709,vpp_rkrga=format=bgra:afbc=1,vpp_rkrga=w=320:h=206:format=nv12\" -threads 1 -c:v mjpeg_rkmpp -qp_init:v 90 -fps_mode passthrough -f image2 \"/tmp/jellyfin/25f6186b7f064519a460f516aed97756/%08d.jpg\""
[2026-09-01 03:00:30.067 +00:00] [ERR] [35] Jellyfin.Server.Implementations.Trickplay.TrickplayManager: Error creating trickplay images.
System.ArgumentException: Can't create trickplay from 0 images.
   at Jellyfin.Server.Implementations.Trickplay.TrickplayManager.CreateTiles(IReadOnlyList`1 images, Int32 width, TrickplayOptions options, String outputDir)
   at Jellyfin.Server.Implementations.Trickplay.TrickplayManager.RefreshTrickplayDataInternal(Video video, Boolean replace, Int32 width, TrickplayOptions options, LibraryOptions libraryOptions, CancellationToken cancellationToken)
[2026-09-01 03:00:30.073 +00:00] [INF] [35] Jellyfin.Server.Implementations.Trickplay.TrickplayManager: Creating trickplay files at 320 width, for "/media/movies/Terminator 2/Extras/Extra-2.mkv" [ID: becca55f-6629-3043-bf1b-ceacbceb5058]
[2026-09-01 03:00:30.074 +00:00] [INF] [35] MediaBrowser.MediaEncoding.Encoder.MediaEncoder: Trickplay generation: "/usr/lib/jellyfin-ffmpeg/ffmpeg -loglevel error -skip_frame nokey -init_hw_device rkmpp=rk -hwaccel rkmpp -hwaccel_output_format drm_prime -noautorotate -afbc rga -i file:\"/media/movies/Terminator 2/Extras/Extra-2.mkv\" -noautoscale -an -sn -vf \"fps=0.10000000149011612,setparams=color_primaries=bt709:color_trc=bt709:colorspace=bt709,vpp_rkrga=format=bgra:afbc=1,vpp_rkrga=w=320:h=206:format=nv12\" -threads 1 -c:v mjpeg_rkmpp -qp_init:v 90 -fps_mode passthrough -f image2 \"/tmp/jellyfin/9a8e6f69dbbf42609bb4e60306d98a33/%08d.jpg\""
[2026-09-01 03:00:30.167 +00:00] [ERR] [52] Jellyfin.Server.Implementations.Trickplay.TrickplayManager: Error creating trickplay images.
System.ArgumentException: Can't create trickplay from 0 images.
   at Jellyfin.Server.Implementations.Trickplay.TrickplayManager.CreateTiles(IReadOnlyList`1 images, Int32 width, TrickplayOptions options, String outputDir)
   at Jellyfin.Server.Implementations.Trickplay.TrickplayManager.RefreshTrickplayDataInternal(Video video, Boolean replace, Int32 width, TrickplayOptions options, LibraryOptions libraryOptions, CancellationToken cancellationToken)
[2026-09-01 03:00:30.176 +00:00] [INF] [52] Jellyfin.Server.Implementations.Trickplay.TrickplayManager: Creating trickplay files at 320 width, for "/media/movies/trading places/Extras/producer.mkv" [ID: dc84086d-3819-5e89-d43d-392a8a7a60ea]
[2026-09-01 03:00:30.178 +00:00] [INF] [52] MediaBrowser.MediaEncoding.Encoder.MediaEncoder: Trickplay generation: "/usr/lib/jellyfin-ffmpeg/ffmpeg -loglevel error -skip_frame nokey -init_hw_device rkmpp=rk -hwaccel rkmpp -hwaccel_output_format drm_prime -noautorotate -afbc rga -i file:\"/media/movies/trading places/Extras/producer.mkv\" -noautoscale -an -sn -vf \"fps=0.10000000149011612,setparams=color_primaries=bt709:color_trc=bt709:colorspace=bt709,vpp_rkrga=format=bgra:afbc=1,vpp_rkrga=w=320:h=240:format=nv12\" -threads 1 -c:v mjpeg_rkmpp -qp_init:v 90 -fps_mode passthrough -f image2 \"/tmp/jellyfin/4a91c12a5b294cd58630d369c769eebc/%08d.jpg\""
[2026-09-01 03:00:30.231 +00:00] [ERR] [35] Jellyfin.Server.Implementations.Trickplay.TrickplayManager: Error creating trickplay images.
System.ArgumentException: Can't create trickplay from 0 images.
   at Jellyfin.Server.Implementations.Trickplay.TrickplayManager.CreateTiles(IReadOnlyList`1 images, Int32 width, TrickplayOptions options, String outputDir)
   at Jellyfin.Server.Implementations.Trickplay.TrickplayManager.RefreshTrickplayDataInternal(Video video, Boolean replace, Int32 width, TrickplayOptions options, LibraryOptions libraryOptions, CancellationToken cancellationToken)
[2026-09-01 03:00:30.235 +00:00] [INF] [35] Jellyfin.Server.Implementations.Trickplay.TrickplayManager: Creating trickplay files at 320 width, for "/media/movies/trading places/Extras/james cameron.mkv" [ID: d71d3c1b-ba5e-b706-28fd-5562c27ad3e8]
[2026-09-01 03:00:30.235 +00:00] [INF] [35] MediaBrowser.MediaEncoding.Encoder.MediaEncoder: Trickplay generation: "/usr/lib/jellyfin-ffmpeg/ffmpeg -loglevel error -skip_frame nokey -init_hw_device rkmpp=rk -hwaccel rkmpp -hwaccel_output_format drm_prime -noautorotate -afbc rga -i file:\"/media/movies/trading places/Extras/james cameron.mkv\" -noautoscale -an -sn -vf \"fps=0.10000000149011612,setparams=color_primaries=bt709:color_trc=bt709:colorspace=bt709,vpp_rkrga=format=bgra:afbc=1,vpp_rkrga=w=320:h=240:format=nv12\" -threads 1 -c:v mjpeg_rkmpp -qp_init:v 90 -fps_mode passthrough -f image2 \"/tmp/jellyfin/8f3bfe0c88624234a5c3a8f95c90c928/%08d.jpg\""
[2026-09-01 03:00:30.283 +00:00] [ERR] [52] Jellyfin.Server.Implementations.Trickplay.TrickplayManager: Error creating trickplay images.
System.ArgumentException: Can't create trickplay from 0 images.
   at Jellyfin.Server.Implementations.Trickplay.TrickplayManager.CreateTiles(IReadOnlyList`1 images, Int32 width, TrickplayOptions options, String outputDir)
   at Jellyfin.Server.Implementations.Trickplay.TrickplayManager.RefreshTrickplayDataInternal(Video video, Boolean replace, Int32 width, TrickplayOptions options, LibraryOptions libraryOptions, CancellationToken cancellationToken)
[2026-09-01 03:00:30.287 +00:00] [INF] [52] Jellyfin.Server.Implementations.Trickplay.TrickplayManager: Creating trickplay files at 320 width, for "/media/movies/trading places/Extras/interviews.mkv" [ID: f842d055-2b89-b226-10a8-0583f908c0d7]
[2026-09-01 03:00:30.288 +00:00] [INF] [52] MediaBrowser.MediaEncoding.Encoder.MediaEncoder: Trickplay generation: "/usr/lib/jellyfin-ffmpeg/ffmpeg -loglevel error -skip_frame nokey -init_hw_device rkmpp=rk -hwaccel rkmpp -hwaccel_output_format drm_prime -noautorotate -afbc rga -i file:\"/media/movies/trading places/Extras/interviews.mkv\" -noautoscale -an -sn -vf \"fps=0.10000000149011612,setparams=color_primaries=bt709:color_trc=bt709:colorspace=bt709,vpp_rkrga=format=bgra:afbc=1,vpp_rkrga=w=320:h=240:format=nv12\" -threads 1 -c:v mjpeg_rkmpp -qp_init:v 90 -fps_mode passthrough -f image2 \"/tmp/jellyfin/bf978efc239142f3866b6f10c22e3b02/%08d.jpg\""
[2026-09-01 03:00:30.334 +00:00] [ERR] [35] Jellyfin.Server.Implementations.Trickplay.TrickplayManager: Error creating trickplay images.
System.ArgumentException: Can't create trickplay from 0 images.
   at Jellyfin.Server.Implementations.Trickplay.TrickplayManager.CreateTiles(IReadOnlyList`1 images, Int32 width, TrickplayOptions options, String outputDir)
   at Jellyfin.Server.Implementations.Trickplay.TrickplayManager.RefreshTrickplayDataInternal(Video video, Boolean replace, Int32 width, TrickplayOptions options, LibraryOptions libraryOptions, CancellationToken cancellationToken)
[2026-09-01 03:00:30.338 +00:00] [INF] [35] Jellyfin.Server.Implementations.Trickplay.TrickplayManager: Creating trickplay files at 320 width, for "/media/movies/trading places/Extras/mechanical alien.mkv" [ID: 257efaf6-19a9-3f2c-9c1e-fbfb8862795c]
[2026-09-01 03:00:30.339 +00:00] [INF] [35] MediaBrowser.MediaEncoding.Encoder.MediaEncoder: Trickplay generation: "/usr/lib/jellyfin-ffmpeg/ffmpeg -loglevel error -skip_frame nokey -init_hw_device rkmpp=rk -hwaccel rkmpp -hwaccel_output_format drm_prime -noautorotate -afbc rga -i file:\"/media/movies/trading places/Extras/mechanical alien.mkv\" -noautoscale -an -sn -vf \"fps=0.10000000149011612,setparams=color_primaries=bt709:color_trc=bt709:colorspace=bt709,vpp_rkrga=format=bgra:afbc=1,vpp_rkrga=w=320:h=240:format=nv12\" -threads 1 -c:v mjpeg_rkmpp -qp_init:v 90 -fps_mode passthrough -f image2 \"/tmp/jellyfin/c221f7bb43bb4907bf82d3c932233f9b/%08d.jpg\""
[2026-09-01 03:00:30.369 +00:00] [ERR] [43] Jellyfin.Server.Implementations.Trickplay.TrickplayManager: Error creating trickplay images.
System.ArgumentException: Can't create trickplay from 0 images.
   at Jellyfin.Server.Implementations.Trickplay.TrickplayManager.CreateTiles(IReadOnlyList`1 images, Int32 width, TrickplayOptions options, String outputDir)
   at Jellyfin.Server.Implementations.Trickplay.TrickplayManager.RefreshTrickplayDataInternal(Video video, Boolean replace, Int32 width, TrickplayOptions options, LibraryOptions libraryOptions, CancellationToken cancellationToken)
[2026-09-01 03:00:30.371 +00:00] [INF] [43] Jellyfin.Server.Implementations.Trickplay.TrickplayManager: Creating trickplay files at 320 width, for "/media/movies/Under Siege.mkv" [ID: 09700b7d-926c-99b4-ae4d-f45846e35968]
[2026-09-01 03:00:30.371 +00:00] [INF] [43] MediaBrowser.MediaEncoding.Encoder.MediaEncoder: Trickplay generation: "/usr/lib/jellyfin-ffmpeg/ffmpeg -loglevel error -skip_frame nokey -init_hw_device rkmpp=rk -hwaccel rkmpp -hwaccel_output_format drm_prime -noautorotate -afbc rga -i file:\"/media/movies/Under Siege.mkv\" -noautoscale -an -sn -vf \"fps=0.10000000149011612,setparams=color_primaries=bt709:color_trc=bt709:colorspace=bt709,vpp_rkrga=format=bgra:afbc=1,vpp_rkrga=w=320:h=180:format=nv12\" -threads 1 -c:v mjpeg_rkmpp -qp_init:v 90 -fps_mode passthrough -f image2 \"/tmp/jellyfin/e937fb9aeb454c99bb71518e98f6e194/%08d.jpg\""
[2026-09-01 03:00:30.429 +00:00] [ERR] [35] Jellyfin.Server.Implementations.Trickplay.TrickplayManager: Error creating trickplay images.
System.ArgumentException: Can't create trickplay from 0 images.
   at Jellyfin.Server.Implementations.Trickplay.TrickplayManager.CreateTiles(IReadOnlyList`1 images, Int32 width, TrickplayOptions options, String outputDir)
   at Jellyfin.Server.Implementations.Trickplay.TrickplayManager.RefreshTrickplayDataInternal(Video video, Boolean replace, Int32 width, TrickplayOptions options, LibraryOptions libraryOptions, CancellationToken cancellationToken)
[2026-09-01 03:00:30.440 +00:00] [INF] [35] Jellyfin.Server.Implementations.Trickplay.TrickplayManager: Creating trickplay files at 320 width, for "/media/movies/trading places/Extras/vault scene.mkv" [ID: 278888db-0adf-168b-625e-e91e5f4fb8b1]
[2026-09-01 03:00:30.442 +00:00] [INF] [35] MediaBrowser.MediaEncoding.Encoder.MediaEncoder: Trickplay generation: "/usr/lib/jellyfin-ffmpeg/ffmpeg -loglevel error -skip_frame nokey -init_hw_device rkmpp=rk -hwaccel rkmpp -hwaccel_output_format drm_prime -noautorotate -afbc rga -i file:\"/media/movies/trading places/Extras/vault scene.mkv\" -noautoscale -an -sn -vf \"fps=0.10000000149011612,setparams=color_primaries=bt709:color_trc=bt709:colorspace=bt709,vpp_rkrga=format=bgra:afbc=1,vpp_rkrga=w=320:h=240:format=nv12\" -threads 1 -c:v mjpeg_rkmpp -qp_init:v 90 -fps_mode passthrough -f image2 \"/tmp/jellyfin/5716b9f828e94614bd1d1e62632fc6f2/%08d.jpg\""
[2026-09-01 03:00:30.522 +00:00] [ERR] [35] Jellyfin.Server.Implementations.Trickplay.TrickplayManager: Error creating trickplay images.
System.ArgumentException: Can't create trickplay from 0 images.
   at Jellyfin.Server.Implementations.Trickplay.TrickplayManager.CreateTiles(IReadOnlyList`1 images, Int32 width, TrickplayOptions options, String outputDir)
   at Jellyfin.Server.Implementations.Trickplay.TrickplayManager.RefreshTrickplayDataInternal(Video video, Boolean replace, Int32 width, TrickplayOptions options, LibraryOptions libraryOptions, CancellationToken cancellationToken)
[2026-09-01 03:00:30.527 +00:00] [INF] [35] Jellyfin.Server.Implementations.Trickplay.TrickplayManager: Creating trickplay files at 320 width, for "/media/movies/Terminator 2/Extras/Extra-1.mkv" [ID: 64a1b141-0549-50e3-4281-1df37fe5294f]
[2026-09-01 03:00:30.528 +00:00] [INF] [35] MediaBrowser.MediaEncoding.Encoder.MediaEncoder: Trickplay generation: "/usr/lib/jellyfin-ffmpeg/ffmpeg -loglevel error -skip_frame nokey -init_hw_device rkmpp=rk -hwaccel rkmpp -hwaccel_output_format drm_prime -noautorotate -afbc rga -i file:\"/media/movies/Terminator 2/Extras/Extra-1.mkv\" -noautoscale -an -sn -vf \"fps=0.10000000149011612,setparams=color_primaries=bt709:color_trc=bt709:colorspace=bt709,vpp_rkrga=format=bgra:afbc=1,vpp_rkrga=w=320:h=206:format=nv12\" -threads 1 -c:v mjpeg_rkmpp -qp_init:v 90 -fps_mode passthrough -f image2 \"/tmp/jellyfin/9e57f6a12df64d4e956d08fd8f9af322/%08d.jpg\""
[2026-09-01 03:00:30.578 +00:00] [ERR] [52] Jellyfin.Server.Implementations.Trickplay.TrickplayManager: Error creating trickplay images.
System.ArgumentException: Can't create trickplay from 0 images.
   at Jellyfin.Server.Implementations.Trickplay.TrickplayManager.CreateTiles(IReadOnlyList`1 images, Int32 width, TrickplayOptions options, String outputDir)
   at Jellyfin.Server.Implementations.Trickplay.TrickplayManager.RefreshTrickplayDataInternal(Video video, Boolean replace, Int32 width, TrickplayOptions options, LibraryOptions libraryOptions, CancellationToken cancellationToken)
[2026-09-01 03:00:30.580 +00:00] [INF] [52] Jellyfin.Server.Implementations.Trickplay.TrickplayManager: Creating trickplay files at 320 width, for "/media/movies/Terminator 2/Extras/mechanical alien.mkv" [ID: 1d7ead78-5f8d-177f-78f3-0c47f7d72eb9]
[2026-09-01 03:00:30.580 +00:00] [INF] [52] MediaBrowser.MediaEncoding.Encoder.MediaEncoder: Trickplay generation: "/usr/lib/jellyfin-ffmpeg/ffmpeg -loglevel error -skip_frame nokey -init_hw_device rkmpp=rk -hwaccel rkmpp -hwaccel_output_format drm_prime -noautorotate -afbc rga -i file:\"/media/movies/Terminator 2/Extras/mechanical alien.mkv\" -noautoscale -an -sn -vf \"fps=0.10000000149011612,setparams=color_primaries=bt709:color_trc=bt709:colorspace=bt709,vpp_rkrga=format=bgra:afbc=1,vpp_rkrga=w=320:h=240:format=nv12\" -threads 1 -c:v mjpeg_rkmpp -qp_init:v 90 -fps_mode passthrough -f image2 \"/tmp/jellyfin/4184276eca154c6aa35c9586fa812fdc/%08d.jpg\""
[2026-09-01 03:00:30.622 +00:00] [ERR] [35] Jellyfin.Server.Implementations.Trickplay.TrickplayManager: Error creating trickplay images.
System.ArgumentException: Can't create trickplay from 0 images.
   at Jellyfin.Server.Implementations.Trickplay.TrickplayManager.CreateTiles(IReadOnlyList`1 images, Int32 width, TrickplayOptions options, String outputDir)
   at Jellyfin.Server.Implementations.Trickplay.TrickplayManager.RefreshTrickplayDataInternal(Video video, Boolean replace, Int32 width, TrickplayOptions options, LibraryOptions libraryOptions, CancellationToken cancellationToken)
[2026-09-01 03:00:30.627 +00:00] [INF] [35] Jellyfin.Server.Implementations.Trickplay.TrickplayManager: Creating trickplay files at 320 width, for "/media/movies/Minority Report.mkv" [ID: d82d2ab5-e4bf-f8ac-52f2-1c984a0168e6]
[2026-09-01 03:00:30.627 +00:00] [INF] [35] MediaBrowser.MediaEncoding.Encoder.MediaEncoder: Trickplay generation: "/usr/lib/jellyfin-ffmpeg/ffmpeg -loglevel error -skip_frame nokey -init_hw_device rkmpp=rk -hwaccel rkmpp -hwaccel_output_format drm_prime -noautorotate -afbc rga -i file:\"/media/movies/Minority Report.mkv\" -noautoscale -an -sn -vf \"fps=0.10000000149011612,setparams=color_primaries=bt709:color_trc=bt709:colorspace=bt709,vpp_rkrga=format=bgra:afbc=1,vpp_rkrga=w=320:h=132:format=nv12\" -threads 1 -c:v mjpeg_rkmpp -qp_init:v 90 -fps_mode passthrough -f image2 \"/tmp/jellyfin/af5a9f3b3bcf4a1291d2bc428d856a85/%08d.jpg\""
[2026-09-01 03:00:30.672 +00:00] [ERR] [49] Jellyfin.Server.Implementations.Trickplay.TrickplayManager: Error creating trickplay images.
System.ArgumentException: Can't create trickplay from 0 images.
   at Jellyfin.Server.Implementations.Trickplay.TrickplayManager.CreateTiles(IReadOnlyList`1 images, Int32 width, TrickplayOptions options, String outputDir)
   at Jellyfin.Server.Implementations.Trickplay.TrickplayManager.RefreshTrickplayDataInternal(Video video, Boolean replace, Int32 width, TrickplayOptions options, LibraryOptions libraryOptions, CancellationToken cancellationToken)
[2026-09-01 03:00:30.676 +00:00] [INF] [49] Jellyfin.Server.Implementations.Trickplay.TrickplayManager: Creating trickplay files at 320 width, for "/media/movies/caddyshack_.mkv" [ID: e18b82c0-6f6c-b966-bc31-39d8b5dc50f9]
[2026-09-01 03:00:30.676 +00:00] [INF] [49] MediaBrowser.MediaEncoding.Encoder.MediaEncoder: Trickplay generation: "/usr/lib/jellyfin-ffmpeg/ffmpeg -loglevel error -skip_frame nokey -init_hw_device rkmpp=rk -hwaccel rkmpp -hwaccel_output_format drm_prime -noautorotate -afbc rga -i file:\"/media/movies/caddyshack_.mkv\" -noautoscale -an -sn -vf \"fps=0.10000000149011612,setparams=color_primaries=bt709:color_trc=bt709:colorspace=bt709,vpp_rkrga=format=bgra:afbc=1,vpp_rkrga=w=320:h=212:format=nv12\" -threads 1 -c:v mjpeg_rkmpp -qp_init:v 90 -fps_mode passthrough -f image2 \"/tmp/jellyfin/7d26d4b2f26b454d91a1fe525e2991e1/%08d.jpg\""
[2026-09-01 03:00:34.804 +00:00] [INF] [35] Jellyfin.Server.Implementations.Trickplay.TrickplayManager: Finished creation of trickplay files for "/media/movies/caddyshack_.mkv"
[2026-09-01 03:00:34.827 +00:00] [INF] [35] Jellyfin.Server.Implementations.Trickplay.TrickplayManager: Creating trickplay files at 320 width, for "/media/movies/the Imitation Game/Extras/james cameron.mkv" [ID: 1237607f-5599-ae63-2310-55ce75f96e36]
[2026-09-01 03:00:34.827 +00:00] [INF] [35] MediaBrowser.MediaEncoding.Encoder.MediaEncoder: Trickplay generation: "/usr/lib/jellyfin-ffmpeg/ffmpeg -loglevel error -skip_frame nokey -init_hw_device rkmpp=rk -hwaccel rkmpp -hwaccel_output_format drm_prime -noautorotate -afbc rga -i file:\"/media/movies/the Imitation Game/Extras/james cameron.mkv\" -noautoscale -an -sn -vf \"fps=0.10000000149011612,setparams=color_primaries=bt709:color_trc=bt709:colorspace=bt709,vpp_rkrga=format=bgra:afbc=1,vpp_rkrga=w=320:h=240:format=nv12\" -threads 1 -c:v mjpeg_rkmpp -qp_init:v 90 -fps_mode passthrough -f image2 \"/tmp/jellyfin/3f82531410b241eba65b9159da11fd12/%08d.jpg\""
[2026-09-01 03:00:34.870 +00:00] [ERR] [35] Jellyfin.Server.Implementations.Trickplay.TrickplayManager: Error creating trickplay images.
System.ArgumentException: Can't create trickplay from 0 images.
   at Jellyfin.Server.Implementations.Trickplay.TrickplayManager.CreateTiles(IReadOnlyList`1 images, Int32 width, TrickplayOptions options, String outputDir)
   at Jellyfin.Server.Implementations.Trickplay.TrickplayManager.RefreshTrickplayDataInternal(Video video, Boolean replace, Int32 width, TrickplayOptions options, LibraryOptions libraryOptions, CancellationToken cancellationToken)
[2026-09-01 03:00:34.878 +00:00] [INF] [35] Jellyfin.Server.Implementations.Trickplay.TrickplayManager: Creating trickplay files at 320 width, for "/media/movies/Aliens/Extras/mechanical alien.mkv" [ID: a1a7a931-0100-655f-862f-824ac2a10570]
[2026-09-01 03:00:34.879 +00:00] [INF] [35] MediaBrowser.MediaEncoding.Encoder.MediaEncoder: Trickplay generation: "/usr/lib/jellyfin-ffmpeg/ffmpeg -loglevel error -skip_frame nokey -init_hw_device rkmpp=rk -hwaccel rkmpp -hwaccel_output_format drm_prime -noautorotate -afbc rga -i file:\"/media/movies/Aliens/Extras/mechanical alien.mkv\" -noautoscale -an -sn -vf \"fps=0.10000000149011612,setparams=color_primaries=bt709:color_trc=bt709:colorspace=bt709,vpp_rkrga=format=bgra:afbc=1,vpp_rkrga=w=320:h=240:format=nv12\" -threads 1 -c:v mjpeg_rkmpp -qp_init:v 90 -fps_mode passthrough -f image2 \"/tmp/jellyfin/68fd9bcffee24ccfa886e088cd020ac9/%08d.jpg\""
[2026-09-01 03:00:34.946 +00:00] [ERR] [52] Jellyfin.Server.Implementations.Trickplay.TrickplayManager: Error creating trickplay images.
System.ArgumentException: Can't create trickplay from 0 images.
   at Jellyfin.Server.Implementations.Trickplay.TrickplayManager.CreateTiles(IReadOnlyList`1 images, Int32 width, TrickplayOptions options, String outputDir)
   at Jellyfin.Server.Implementations.Trickplay.TrickplayManager.RefreshTrickplayDataInternal(Video video, Boolean replace, Int32 width, TrickplayOptions options, LibraryOptions libraryOptions, CancellationToken cancellationToken)
[2026-09-01 03:00:34.950 +00:00] [INF] [52] Jellyfin.Server.Implementations.Trickplay.TrickplayManager: Creating trickplay files at 320 width, for "/media/movies/Aliens/Extras/james cameron.mkv" [ID: da25a01a-d674-1593-65dc-45038d1b4d54]
[2026-09-01 03:00:34.951 +00:00] [INF] [52] MediaBrowser.MediaEncoding.Encoder.MediaEncoder: Trickplay generation: "/usr/lib/jellyfin-ffmpeg/ffmpeg -loglevel error -skip_frame nokey -init_hw_device rkmpp=rk -hwaccel rkmpp -hwaccel_output_format drm_prime -noautorotate -afbc rga -i file:\"/media/movies/Aliens/Extras/james cameron.mkv\" -noautoscale -an -sn -vf \"fps=0.10000000149011612,setparams=color_primaries=bt709:color_trc=bt709:colorspace=bt709,vpp_rkrga=format=bgra:afbc=1,vpp_rkrga=w=320:h=240:format=nv12\" -threads 1 -c:v mjpeg_rkmpp -qp_init:v 90 -fps_mode passthrough -f image2 \"/tmp/jellyfin/e3f3a84b61d846c6813643d32bedf86e/%08d.jpg\""
[2026-09-01 03:00:34.994 +00:00] [ERR] [49] Jellyfin.Server.Implementations.Trickplay.TrickplayManager: Error creating trickplay images.
System.ArgumentException: Can't create trickplay from 0 images.
   at Jellyfin.Server.Implementations.Trickplay.TrickplayManager.CreateTiles(IReadOnlyList`1 images, Int32 width, TrickplayOptions options, String outputDir)
   at Jellyfin.Server.Implementations.Trickplay.TrickplayManager.RefreshTrickplayDataInternal(Video video, Boolean replace, Int32 width, TrickplayOptions options, LibraryOptions libraryOptions, CancellationToken cancellationToken)
[2026-09-01 03:00:34.998 +00:00] [INF] [49] Jellyfin.Server.Implementations.Trickplay.TrickplayManager: Creating trickplay files at 320 width, for "/media/movies/the Imitation Game/Extras/mechanical alien.mkv" [ID: 5312bf31-e48a-7a65-483b-4ea7c9dda4e7]
[2026-09-01 03:00:34.999 +00:00] [INF] [49] MediaBrowser.MediaEncoding.Encoder.MediaEncoder: Trickplay generation: "/usr/lib/jellyfin-ffmpeg/ffmpeg -loglevel error -skip_frame nokey -init_hw_device rkmpp=rk -hwaccel rkmpp -hwaccel_output_format drm_prime -noautorotate -afbc rga -i file:\"/media/movies/the Imitation Game/Extras/mechanical alien.mkv\" -noautoscale -an -sn -vf \"fps=0.10000000149011612,setparams=color_primaries=bt709:color_trc=bt709:colorspace=bt709,vpp_rkrga=format=bgra:afbc=1,vpp_rkrga=w=320:h=240:format=nv12\" -threads 1 -c:v mjpeg_rkmpp -qp_init:v 90 -fps_mode passthrough -f image2 \"/tmp/jellyfin/34c28e9a909c4436a73dba9523ea1f4e/%08d.jpg\""
[2026-09-01 03:00:35.043 +00:00] [ERR] [49] Jellyfin.Server.Implementations.Trickplay.TrickplayManager: Error creating trickplay images.
System.ArgumentException: Can't create trickplay from 0 images.
   at Jellyfin.Server.Implementations.Trickplay.TrickplayManager.CreateTiles(IReadOnlyList`1 images, Int32 width, TrickplayOptions options, String outputDir)
   at Jellyfin.Server.Implementations.Trickplay.TrickplayManager.RefreshTrickplayDataInternal(Video video, Boolean replace, Int32 width, TrickplayOptions options, LibraryOptions libraryOptions, CancellationToken cancellationToken)
[2026-09-01 03:00:35.047 +00:00] [INF] [49] Jellyfin.Server.Implementations.Trickplay.TrickplayManager: Creating trickplay files at 320 width, for "/media/movies/the Imitation Game/Extras/Alan Turing.mkv" [ID: e34845b4-ab73-4ad9-02e8-59d967b10052]
[2026-09-01 03:00:35.048 +00:00] [INF] [49] MediaBrowser.MediaEncoding.Encoder.MediaEncoder: Trickplay generation: "/usr/lib/jellyfin-ffmpeg/ffmpeg -loglevel error -skip_frame nokey -init_hw_device rkmpp=rk -hwaccel rkmpp -hwaccel_output_format drm_prime -noautorotate -afbc rga -i file:\"/media/movies/the Imitation Game/Extras/Alan Turing.mkv\" -noautoscale -an -sn -vf \"fps=0.10000000149011612,setparams=color_primaries=bt709:color_trc=bt709:colorspace=bt709,vpp_rkrga=format=bgra:afbc=1,vpp_rkrga=w=320:h=180:format=nv12\" -threads 1 -c:v mjpeg_rkmpp -qp_init:v 90 -fps_mode passthrough -f image2 \"/tmp/jellyfin/d4a7700583fc4e1196776096bfa94a32/%08d.jpg\""
[2026-09-01 03:00:35.096 +00:00] [ERR] [49] Jellyfin.Server.Implementations.Trickplay.TrickplayManager: Error creating trickplay images.
System.ArgumentException: Can't create trickplay from 0 images.
   at Jellyfin.Server.Implementations.Trickplay.TrickplayManager.CreateTiles(IReadOnlyList`1 images, Int32 width, TrickplayOptions options, String outputDir)
   at Jellyfin.Server.Implementations.Trickplay.TrickplayManager.RefreshTrickplayDataInternal(Video video, Boolean replace, Int32 width, TrickplayOptions options, LibraryOptions libraryOptions, CancellationToken cancellationToken)
[2026-09-01 03:00:35.101 +00:00] [INF] [49] Jellyfin.Server.Implementations.Trickplay.TrickplayManager: Creating trickplay files at 320 width, for "/media/movies/rudy/Extras/james cameron.mkv" [ID: c0256890-e1e6-4c5a-eb3a-10b977d30bc3]
[2026-09-01 03:00:35.102 +00:00] [INF] [49] MediaBrowser.MediaEncoding.Encoder.MediaEncoder: Trickplay generation: "/usr/lib/jellyfin-ffmpeg/ffmpeg -loglevel error -skip_frame nokey -init_hw_device rkmpp=rk -hwaccel rkmpp -hwaccel_output_format drm_prime -noautorotate -afbc rga -i file:\"/media/movies/rudy/Extras/james cameron.mkv\" -noautoscale -an -sn -vf \"fps=0.10000000149011612,setparams=color_primaries=bt709:color_trc=bt709:colorspace=bt709,vpp_rkrga=format=bgra:afbc=1,vpp_rkrga=w=320:h=240:format=nv12\" -threads 1 -c:v mjpeg_rkmpp -qp_init:v 90 -fps_mode passthrough -f image2 \"/tmp/jellyfin/39b58787e026432e92e9690eec689941/%08d.jpg\""
[2026-09-01 03:00:35.151 +00:00] [ERR] [52] Jellyfin.Server.Implementations.Trickplay.TrickplayManager: Error creating trickplay images.
System.ArgumentException: Can't create trickplay from 0 images.
   at Jellyfin.Server.Implementations.Trickplay.TrickplayManager.CreateTiles(IReadOnlyList`1 images, Int32 width, TrickplayOptions options, String outputDir)
   at Jellyfin.Server.Implementations.Trickplay.TrickplayManager.RefreshTrickplayDataInternal(Video video, Boolean replace, Int32 width, TrickplayOptions options, LibraryOptions libraryOptions, CancellationToken cancellationToken)
[2026-09-01 03:00:35.155 +00:00] [INF] [52] Jellyfin.Server.Implementations.Trickplay.TrickplayManager: Creating trickplay files at 320 width, for "/media/movies/rudy/Extras/rudy extra 1.mkv" [ID: 181d5f5e-6e2e-319f-e6d5-374cde12ccc4]
[2026-09-01 03:00:35.155 +00:00] [INF] [52] MediaBrowser.MediaEncoding.Encoder.MediaEncoder: Trickplay generation: "/usr/lib/jellyfin-ffmpeg/ffmpeg -loglevel error -skip_frame nokey -init_hw_device rkmpp=rk -hwaccel rkmpp -hwaccel_output_format drm_prime -noautorotate -afbc rga -i file:\"/media/movies/rudy/Extras/rudy extra 1.mkv\" -noautoscale -an -sn -vf \"fps=0.10000000149011612,setparams=color_primaries=bt709:color_trc=bt709:colorspace=bt709,vpp_rkrga=format=bgra:afbc=1,vpp_rkrga=w=320:h=240:format=nv12\" -threads 1 -c:v mjpeg_rkmpp -qp_init:v 90 -fps_mode passthrough -f image2 \"/tmp/jellyfin/908cb8d7485a4e2d802ea52cf28ef554/%08d.jpg\""
[2026-09-01 03:00:35.226 +00:00] [ERR] [49] Jellyfin.Server.Implementations.Trickplay.TrickplayManager: Error creating trickplay images.
System.ArgumentException: Can't create trickplay from 0 images.
   at Jellyfin.Server.Implementations.Trickplay.TrickplayManager.CreateTiles(IReadOnlyList`1 images, Int32 width, TrickplayOptions options, String outputDir)
   at Jellyfin.Server.Implementations.Trickplay.TrickplayManager.RefreshTrickplayDataInternal(Video video, Boolean replace, Int32 width, TrickplayOptions options, LibraryOptions libraryOptions, CancellationToken cancellationToken)
[2026-09-01 03:00:35.232 +00:00] [INF] [49] Jellyfin.Server.Implementations.Trickplay.TrickplayManager: Creating trickplay files at 320 width, for "/media/movies/rudy/Extras/mechanical alien.mkv" [ID: a445281c-0c5d-cca2-8f6f-232e9c4f3e3d]
[2026-09-01 03:00:35.232 +00:00] [INF] [49] MediaBrowser.MediaEncoding.Encoder.MediaEncoder: Trickplay generation: "/usr/lib/jellyfin-ffmpeg/ffmpeg -loglevel error -skip_frame nokey -init_hw_device rkmpp=rk -hwaccel rkmpp -hwaccel_output_format drm_prime -noautorotate -afbc rga -i file:\"/media/movies/rudy/Extras/mechanical alien.mkv\" -noautoscale -an -sn -vf \"fps=0.10000000149011612,setparams=color_primaries=bt709:color_trc=bt709:colorspace=bt709,vpp_rkrga=format=bgra:afbc=1,vpp_rkrga=w=320:h=240:format=nv12\" -threads 1 -c:v mjpeg_rkmpp -qp_init:v 90 -fps_mode passthrough -f image2 \"/tmp/jellyfin/5908670ef4d44ae08bb64d6e5f9c2415/%08d.jpg\""
[2026-09-01 03:00:35.277 +00:00] [ERR] [52] Jellyfin.Server.Implementations.Trickplay.TrickplayManager: Error creating trickplay images.
System.ArgumentException: Can't create trickplay from 0 images.
   at Jellyfin.Server.Implementations.Trickplay.TrickplayManager.CreateTiles(IReadOnlyList`1 images, Int32 width, TrickplayOptions options, String outputDir)
   at Jellyfin.Server.Implementations.Trickplay.TrickplayManager.RefreshTrickplayDataInternal(Video video, Boolean replace, Int32 width, TrickplayOptions options, LibraryOptions libraryOptions, CancellationToken cancellationToken)
[2026-09-01 03:00:35.283 +00:00] [INF] [52] Jellyfin.Server.Implementations.Trickplay.TrickplayManager: Creating trickplay files at 320 width, for "/media/movies/Westworld/Extras/westworld-extra.mkv" [ID: d685daf3-8c9e-cd23-7367-31f4f2bdbdb2]
[2026-09-01 03:00:35.283 +00:00] [INF] [52] MediaBrowser.MediaEncoding.Encoder.MediaEncoder: Trickplay generation: "/usr/lib/jellyfin-ffmpeg/ffmpeg -loglevel error -skip_frame nokey -init_hw_device rkmpp=rk -hwaccel rkmpp -hwaccel_output_format drm_prime -noautorotate -afbc rga -i file:\"/media/movies/Westworld/Extras/westworld-extra.mkv\" -noautoscale -an -sn -vf \"fps=0.10000000149011612,setparams=color_primaries=bt709:color_trc=bt709:colorspace=bt709,vpp_rkrga=format=bgra:afbc=1,vpp_rkrga=w=320:h=180:format=nv12\" -threads 1 -c:v mjpeg_rkmpp -qp_init:v 90 -fps_mode passthrough -f image2 \"/tmp/jellyfin/88f0cea10cc74c5f8e65d28250244a16/%08d.jpg\""
[2026-09-01 03:00:35.317 +00:00] [ERR] [49] Jellyfin.Server.Implementations.Trickplay.TrickplayManager: Error creating trickplay images.
System.ArgumentException: Can't create trickplay from 0 images.
   at Jellyfin.Server.Implementations.Trickplay.TrickplayManager.CreateTiles(IReadOnlyList`1 images, Int32 width, TrickplayOptions options, String outputDir)
   at Jellyfin.Server.Implementations.Trickplay.TrickplayManager.RefreshTrickplayDataInternal(Video video, Boolean replace, Int32 width, TrickplayOptions options, LibraryOptions libraryOptions, CancellationToken cancellationToken)
[2026-09-01 03:00:35.321 +00:00] [INF] [49] Jellyfin.Server.Implementations.Trickplay.TrickplayManager: Creating trickplay files at 320 width, for "/media/movies/Westworld/Extras/james cameron.mkv" [ID: 0e35700d-ba0e-8dba-d5b0-124378514e4d]
[2026-09-01 03:00:35.322 +00:00] [INF] [49] MediaBrowser.MediaEncoding.Encoder.MediaEncoder: Trickplay generation: "/usr/lib/jellyfin-ffmpeg/ffmpeg -loglevel error -skip_frame nokey -init_hw_device rkmpp=rk -hwaccel rkmpp -hwaccel_output_format drm_prime -noautorotate -afbc rga -i file:\"/media/movies/Westworld/Extras/james cameron.mkv\" -noautoscale -an -sn -vf \"fps=0.10000000149011612,setparams=color_primaries=bt709:color_trc=bt709:colorspace=bt709,vpp_rkrga=format=bgra:afbc=1,vpp_rkrga=w=320:h=240:format=nv12\" -threads 1 -c:v mjpeg_rkmpp -qp_init:v 90 -fps_mode passthrough -f image2 \"/tmp/jellyfin/fe4451f348ed41fa9e2b26ae5fb7455d/%08d.jpg\""
[2026-09-01 03:00:35.354 +00:00] [ERR] [52] Jellyfin.Server.Implementations.Trickplay.TrickplayManager: Error creating trickplay images.
System.ArgumentException: Can't create trickplay from 0 images.
   at Jellyfin.Server.Implementations.Trickplay.TrickplayManager.CreateTiles(IReadOnlyList`1 images, Int32 width, TrickplayOptions options, String outputDir)
   at Jellyfin.Server.Implementations.Trickplay.TrickplayManager.RefreshTrickplayDataInternal(Video video, Boolean replace, Int32 width, TrickplayOptions options, LibraryOptions libraryOptions, CancellationToken cancellationToken)
[2026-09-01 03:00:35.358 +00:00] [INF] [52] Jellyfin.Server.Implementations.Trickplay.TrickplayManager: Creating trickplay files at 320 width, for "/media/movies/Westworld/Extras/mechanical alien.mkv" [ID: 634f612e-08d5-6de3-eb29-70586583c222]
[2026-09-01 03:00:35.358 +00:00] [INF] [52] MediaBrowser.MediaEncoding.Encoder.MediaEncoder: Trickplay generation: "/usr/lib/jellyfin-ffmpeg/ffmpeg -loglevel error -skip_frame nokey -init_hw_device rkmpp=rk -hwaccel rkmpp -hwaccel_output_format drm_prime -noautorotate -afbc rga -i file:\"/media/movies/Westworld/Extras/mechanical alien.mkv\" -noautoscale -an -sn -vf \"fps=0.10000000149011612,setparams=color_primaries=bt709:color_trc=bt709:colorspace=bt709,vpp_rkrga=format=bgra:afbc=1,vpp_rkrga=w=320:h=240:format=nv12\" -threads 1 -c:v mjpeg_rkmpp -qp_init:v 90 -fps_mode passthrough -f image2 \"/tmp/jellyfin/14d983751a4a444493356cf51adae68a/%08d.jpg\""
[2026-09-01 03:00:35.389 +00:00] [ERR] [49] Jellyfin.Server.Implementations.Trickplay.TrickplayManager: Error creating trickplay images.
System.ArgumentException: Can't create trickplay from 0 images.
   at Jellyfin.Server.Implementations.Trickplay.TrickplayManager.CreateTiles(IReadOnlyList`1 images, Int32 width, TrickplayOptions options, String outputDir)
   at Jellyfin.Server.Implementations.Trickplay.TrickplayManager.RefreshTrickplayDataInternal(Video video, Boolean replace, Int32 width, TrickplayOptions options, LibraryOptions libraryOptions, CancellationToken cancellationToken)
[2026-09-01 03:00:35.393 +00:00] [INF] [49] Jellyfin.Server.Implementations.Trickplay.TrickplayManager: Creating trickplay files at 320 width, for "/media/movies/Star Wars VI- the Empire Strikes Back.mp4" [ID: 80f55186-1ca5-fec1-d7ae-a7dea02e0709]
[2026-09-01 03:00:35.394 +00:00] [INF] [49] MediaBrowser.MediaEncoding.Encoder.MediaEncoder: Trickplay generation: "/usr/lib/jellyfin-ffmpeg/ffmpeg -loglevel error -skip_frame nokey -init_hw_device rkmpp=rk -hwaccel rkmpp -hwaccel_output_format drm_prime -noautorotate -afbc rga -i file:\"/media/movies/Star Wars VI- the Empire Strikes Back.mp4\" -noautoscale -an -sn -vf \"fps=0.10000000149011612,setparams=color_primaries=bt709:color_trc=bt709:colorspace=bt709,vpp_rkrga=format=bgra:afbc=1,vpp_rkrga=w=320:h=136:format=nv12\" -threads 1 -c:v mjpeg_rkmpp -qp_init:v 90 -fps_mode passthrough -f image2 \"/tmp/jellyfin/81e62acfb1ab4ff5b7b0c4c6b13f5be3/%08d.jpg\""
[2026-09-01 03:00:41.499 +00:00] [INF] [35] Jellyfin.Server.Implementations.Trickplay.TrickplayManager: Finished creation of trickplay files for "/media/movies/Star Wars VI- the Empire Strikes Back.mp4"
[2026-09-01 03:00:41.534 +00:00] [INF] [35] Jellyfin.Server.Implementations.Trickplay.TrickplayManager: Creating trickplay files at 320 width, for "/media/movies/trading places/Trading Places.mkv" [ID: dfa46efe-9d31-a8d9-96c1-8761d459da38]
[2026-09-01 03:00:41.535 +00:00] [INF] [35] MediaBrowser.MediaEncoding.Encoder.MediaEncoder: Trickplay generation: "/usr/lib/jellyfin-ffmpeg/ffmpeg -loglevel error -skip_frame nokey -init_hw_device rkmpp=rk -hwaccel rkmpp -hwaccel_output_format drm_prime -noautorotate -afbc rga -i file:\"/media/movies/trading places/Trading Places.mkv\" -noautoscale -an -sn -vf \"fps=0.10000000149011612,setparams=color_primaries=bt709:color_trc=bt709:colorspace=bt709,vpp_rkrga=format=bgra:afbc=1,vpp_rkrga=w=320:h=180:format=nv12\" -threads 1 -c:v mjpeg_rkmpp -qp_init:v 90 -fps_mode passthrough -f image2 \"/tmp/jellyfin/446d80d70f664852af50ebd0f42d6ae8/%08d.jpg\""
[2026-09-01 03:00:41.642 +00:00] [ERR] [52] Jellyfin.Server.Implementations.Trickplay.TrickplayManager: Error creating trickplay images.
System.ArgumentException: Can't create trickplay from 0 images.
   at Jellyfin.Server.Implementations.Trickplay.TrickplayManager.CreateTiles(IReadOnlyList`1 images, Int32 width, TrickplayOptions options, String outputDir)
   at Jellyfin.Server.Implementations.Trickplay.TrickplayManager.RefreshTrickplayDataInternal(Video video, Boolean replace, Int32 width, TrickplayOptions options, LibraryOptions libraryOptions, CancellationToken cancellationToken)
[2026-09-01 03:00:41.648 +00:00] [INF] [52] Jellyfin.Server.Implementations.Trickplay.TrickplayManager: Creating trickplay files at 320 width, for "/media/movies/Oppenheimer/Extras/james cameron.mkv" [ID: 09bc35ef-1a06-a07e-23eb-5b7e7b6361fd]
[2026-09-01 03:00:41.649 +00:00] [INF] [52] MediaBrowser.MediaEncoding.Encoder.MediaEncoder: Trickplay generation: "/usr/lib/jellyfin-ffmpeg/ffmpeg -loglevel error -skip_frame nokey -init_hw_device rkmpp=rk -hwaccel rkmpp -hwaccel_output_format drm_prime -noautorotate -afbc rga -i file:\"/media/movies/Oppenheimer/Extras/james cameron.mkv\" -noautoscale -an -sn -vf \"fps=0.10000000149011612,setparams=color_primaries=bt709:color_trc=bt709:colorspace=bt709,vpp_rkrga=format=bgra:afbc=1,vpp_rkrga=w=320:h=240:format=nv12\" -threads 1 -c:v mjpeg_rkmpp -qp_init:v 90 -fps_mode passthrough -f image2 \"/tmp/jellyfin/2b5b098f69db41bc9945ea605414e98f/%08d.jpg\""
[2026-09-01 03:00:41.687 +00:00] [ERR] [43] Jellyfin.Server.Implementations.Trickplay.TrickplayManager: Error creating trickplay images.
System.ArgumentException: Can't create trickplay from 0 images.
   at Jellyfin.Server.Implementations.Trickplay.TrickplayManager.CreateTiles(IReadOnlyList`1 images, Int32 width, TrickplayOptions options, String outputDir)
   at Jellyfin.Server.Implementations.Trickplay.TrickplayManager.RefreshTrickplayDataInternal(Video video, Boolean replace, Int32 width, TrickplayOptions options, LibraryOptions libraryOptions, CancellationToken cancellationToken)
[2026-09-01 03:00:41.691 +00:00] [INF] [43] Jellyfin.Server.Implementations.Trickplay.TrickplayManager: Creating trickplay files at 320 width, for "/media/movies/Oppenheimer/Extras/mechanical alien.mkv" [ID: f6cf1603-b573-1726-ac74-ea8e9ae3cf92]
[2026-09-01 03:00:41.692 +00:00] [INF] [43] MediaBrowser.MediaEncoding.Encoder.MediaEncoder: Trickplay generation: "/usr/lib/jellyfin-ffmpeg/ffmpeg -loglevel error -skip_frame nokey -init_hw_device rkmpp=rk -hwaccel rkmpp -hwaccel_output_format drm_prime -noautorotate -afbc rga -i file:\"/media/movies/Oppenheimer/Extras/mechanical alien.mkv\" -noautoscale -an -sn -vf \"fps=0.10000000149011612,setparams=color_primaries=bt709:color_trc=bt709:colorspace=bt709,vpp_rkrga=format=bgra:afbc=1,vpp_rkrga=w=320:h=240:format=nv12\" -threads 1 -c:v mjpeg_rkmpp -qp_init:v 90 -fps_mode passthrough -f image2 \"/tmp/jellyfin/801c698602ce4947a33c30a8dbf43255/%08d.jpg\""
[2026-09-01 03:00:41.750 +00:00] [ERR] [35] Jellyfin.Server.Implementations.Trickplay.TrickplayManager: Error creating trickplay images.
System.ArgumentException: Can't create trickplay from 0 images.
   at Jellyfin.Server.Implementations.Trickplay.TrickplayManager.CreateTiles(IReadOnlyList`1 images, Int32 width, TrickplayOptions options, String outputDir)
   at Jellyfin.Server.Implementations.Trickplay.TrickplayManager.RefreshTrickplayDataInternal(Video video, Boolean replace, Int32 width, TrickplayOptions options, LibraryOptions libraryOptions, CancellationToken cancellationToken)
[2026-09-01 03:00:41.756 +00:00] [INF] [35] Jellyfin.Server.Implementations.Trickplay.TrickplayManager: Creating trickplay files at 320 width, for "/media/movies/Rocky Balaboa/Extras/Making of Rocky Balboa.mkv" [ID: 6ea129b9-8e20-9020-f4b7-de5707b824c4]
[2026-09-01 03:00:41.756 +00:00] [INF] [35] MediaBrowser.MediaEncoding.Encoder.MediaEncoder: Trickplay generation: "/usr/lib/jellyfin-ffmpeg/ffmpeg -loglevel error -skip_frame nokey -init_hw_device rkmpp=rk -hwaccel rkmpp -hwaccel_output_format drm_prime -noautorotate -afbc rga -i file:\"/media/movies/Rocky Balaboa/Extras/Making of Rocky Balboa.mkv\" -noautoscale -an -sn -vf \"fps=0.10000000149011612,setparams=color_primaries=bt709:color_trc=bt709:colorspace=bt709,vpp_rkrga=format=bgra:afbc=1,vpp_rkrga=w=320:h=180:format=nv12\" -threads 1 -c:v mjpeg_rkmpp -qp_init:v 90 -fps_mode passthrough -f image2 \"/tmp/jellyfin/5eb1e3362a26467492d88688489b3d71/%08d.jpg\""
[2026-09-01 03:00:41.806 +00:00] [ERR] [43] Jellyfin.Server.Implementations.Trickplay.TrickplayManager: Error creating trickplay images.
System.ArgumentException: Can't create trickplay from 0 images.
   at Jellyfin.Server.Implementations.Trickplay.TrickplayManager.CreateTiles(IReadOnlyList`1 images, Int32 width, TrickplayOptions options, String outputDir)
   at Jellyfin.Server.Implementations.Trickplay.TrickplayManager.RefreshTrickplayDataInternal(Video video, Boolean replace, Int32 width, TrickplayOptions options, LibraryOptions libraryOptions, CancellationToken cancellationToken)
[2026-09-01 03:00:41.810 +00:00] [INF] [43] Jellyfin.Server.Implementations.Trickplay.TrickplayManager: Creating trickplay files at 320 width, for "/media/movies/Rocky Balaboa/Extras/mechanical alien.mkv" [ID: f65ca177-490a-160b-8552-ec0b8135ac98]
[2026-09-01 03:00:41.811 +00:00] [INF] [43] MediaBrowser.MediaEncoding.Encoder.MediaEncoder: Trickplay generation: "/usr/lib/jellyfin-ffmpeg/ffmpeg -loglevel error -skip_frame nokey -init_hw_device rkmpp=rk -hwaccel rkmpp -hwaccel_output_format drm_prime -noautorotate -afbc rga -i file:\"/media/movies/Rocky Balaboa/Extras/mechanical alien.mkv\" -noautoscale -an -sn -vf \"fps=0.10000000149011612,setparams=color_primaries=bt709:color_trc=bt709:colorspace=bt709,vpp_rkrga=format=bgra:afbc=1,vpp_rkrga=w=320:h=240:format=nv12\" -threads 1 -c:v mjpeg_rkmpp -qp_init:v 90 -fps_mode passthrough -f image2 \"/tmp/jellyfin/17940df8a6ff41f0a5db96efb0a2f755/%08d.jpg\""
[2026-09-01 03:00:41.865 +00:00] [ERR] [35] Jellyfin.Server.Implementations.Trickplay.TrickplayManager: Error creating trickplay images.
System.ArgumentException: Can't create trickplay from 0 images.
   at Jellyfin.Server.Implementations.Trickplay.TrickplayManager.CreateTiles(IReadOnlyList`1 images, Int32 width, TrickplayOptions options, String outputDir)
   at Jellyfin.Server.Implementations.Trickplay.TrickplayManager.RefreshTrickplayDataInternal(Video video, Boolean replace, Int32 width, TrickplayOptions options, LibraryOptions libraryOptions, CancellationToken cancellationToken)
[2026-09-01 03:00:41.869 +00:00] [INF] [35] Jellyfin.Server.Implementations.Trickplay.TrickplayManager: Creating trickplay files at 320 width, for "/media/movies/Oppenheimer/Extras/oppenheimer extra.mkv" [ID: 7d970543-4f8c-e934-59d1-c29e9d0b8195]
[2026-09-01 03:00:41.869 +00:00] [INF] [35] MediaBrowser.MediaEncoding.Encoder.MediaEncoder: Trickplay generation: "/usr/lib/jellyfin-ffmpeg/ffmpeg -loglevel error -skip_frame nokey -init_hw_device rkmpp=rk -hwaccel rkmpp -hwaccel_output_format drm_prime -noautorotate -afbc rga -i file:\"/media/movies/Oppenheimer/Extras/oppenheimer extra.mkv\" -noautoscale -an -sn -vf \"fps=0.10000000149011612,setparams=color_primaries=bt709:color_trc=bt709:colorspace=bt709,vpp_rkrga=format=bgra:afbc=1,vpp_rkrga=w=320:h=180:format=nv12\" -threads 1 -c:v mjpeg_rkmpp -qp_init:v 90 -fps_mode passthrough -f image2 \"/tmp/jellyfin/7d56014d7f144c8588822283ee3ee67d/%08d.jpg\""
[2026-09-01 03:00:41.915 +00:00] [ERR] [43] Jellyfin.Server.Implementations.Trickplay.TrickplayManager: Error creating trickplay images.
System.ArgumentException: Can't create trickplay from 0 images.
   at Jellyfin.Server.Implementations.Trickplay.TrickplayManager.CreateTiles(IReadOnlyList`1 images, Int32 width, TrickplayOptions options, String outputDir)
   at Jellyfin.Server.Implementations.Trickplay.TrickplayManager.RefreshTrickplayDataInternal(Video video, Boolean replace, Int32 width, TrickplayOptions options, LibraryOptions libraryOptions, CancellationToken cancellationToken)
[2026-09-01 03:00:41.917 +00:00] [INF] [43] Jellyfin.Server.Implementations.Trickplay.TrickplayManager: Creating trickplay files at 320 width, for "/media/movies/Rocky Balaboa/Extras/filming the final fight.mkv" [ID: 6f0d52b9-fdc4-aee3-9839-28f9356d2001]
[2026-09-01 03:00:41.917 +00:00] [INF] [43] MediaBrowser.MediaEncoding.Encoder.MediaEncoder: Trickplay generation: "/usr/lib/jellyfin-ffmpeg/ffmpeg -loglevel error -skip_frame nokey -init_hw_device rkmpp=rk -hwaccel rkmpp -hwaccel_output_format drm_prime -noautorotate -afbc rga -i file:\"/media/movies/Rocky Balaboa/Extras/filming the final fight.mkv\" -noautoscale -an -sn -vf \"fps=0.10000000149011612,setparams=color_primaries=bt709:color_trc=bt709:colorspace=bt709,vpp_rkrga=format=bgra:afbc=1,vpp_rkrga=w=320:h=180:format=nv12\" -threads 1 -c:v mjpeg_rkmpp -qp_init:v 90 -fps_mode passthrough -f image2 \"/tmp/jellyfin/f5328f6acc774089ae2fd359126881e7/%08d.jpg\""
[2026-09-01 03:00:41.977 +00:00] [ERR] [35] Jellyfin.Server.Implementations.Trickplay.TrickplayManager: Error creating trickplay images.
System.ArgumentException: Can't create trickplay from 0 images.
   at Jellyfin.Server.Implementations.Trickplay.TrickplayManager.CreateTiles(IReadOnlyList`1 images, Int32 width, TrickplayOptions options, String outputDir)
   at Jellyfin.Server.Implementations.Trickplay.TrickplayManager.RefreshTrickplayDataInternal(Video video, Boolean replace, Int32 width, TrickplayOptions options, LibraryOptions libraryOptions, CancellationToken cancellationToken)
[2026-09-01 03:00:41.979 +00:00] [INF] [35] Jellyfin.Server.Implementations.Trickplay.TrickplayManager: Creating trickplay files at 320 width, for "/media/movies/Rocky Balaboa/Extras/james cameron.mkv" [ID: 9997b66a-916f-3410-8103-2894a0130923]
[2026-09-01 03:00:41.980 +00:00] [INF] [35] MediaBrowser.MediaEncoding.Encoder.MediaEncoder: Trickplay generation: "/usr/lib/jellyfin-ffmpeg/ffmpeg -loglevel error -skip_frame nokey -init_hw_device rkmpp=rk -hwaccel rkmpp -hwaccel_output_format drm_prime -noautorotate -afbc rga -i file:\"/media/movies/Rocky Balaboa/Extras/james cameron.mkv\" -noautoscale -an -sn -vf \"fps=0.10000000149011612,setparams=color_primaries=bt709:color_trc=bt709:colorspace=bt709,vpp_rkrga=format=bgra:afbc=1,vpp_rkrga=w=320:h=240:format=nv12\" -threads 1 -c:v mjpeg_rkmpp -qp_init:v 90 -fps_mode passthrough -f image2 \"/tmp/jellyfin/ab99055c9e2c4d85a8dbc97dbe87b761/%08d.jpg\""
[2026-09-01 03:00:42.030 +00:00] [ERR] [52] Jellyfin.Server.Implementations.Trickplay.TrickplayManager: Error creating trickplay images.
System.ArgumentException: Can't create trickplay from 0 images.
   at Jellyfin.Server.Implementations.Trickplay.TrickplayManager.CreateTiles(IReadOnlyList`1 images, Int32 width, TrickplayOptions options, String outputDir)
   at Jellyfin.Server.Implementations.Trickplay.TrickplayManager.RefreshTrickplayDataInternal(Video video, Boolean replace, Int32 width, TrickplayOptions options, LibraryOptions libraryOptions, CancellationToken cancellationToken)
[2026-09-01 03:00:42.034 +00:00] [INF] [52] Jellyfin.Server.Implementations.Trickplay.TrickplayManager: Creating trickplay files at 320 width, for "/media/movies/Rocky Balaboa/Extras/Virtual Champion.mkv" [ID: acd2d202-084d-540e-93f9-ec19e321de80]
[2026-09-01 03:00:42.035 +00:00] [INF] [52] MediaBrowser.MediaEncoding.Encoder.MediaEncoder: Trickplay generation: "/usr/lib/jellyfin-ffmpeg/ffmpeg -loglevel error -skip_frame nokey -init_hw_device rkmpp=rk -hwaccel rkmpp -hwaccel_output_format drm_prime -noautorotate -afbc rga -i file:\"/media/movies/Rocky Balaboa/Extras/Virtual Champion.mkv\" -noautoscale -an -sn -vf \"fps=0.10000000149011612,setparams=color_primaries=bt709:color_trc=bt709:colorspace=bt709,vpp_rkrga=format=bgra:afbc=1,vpp_rkrga=w=320:h=180:format=nv12\" -threads 1 -c:v mjpeg_rkmpp -qp_init:v 90 -fps_mode passthrough -f image2 \"/tmp/jellyfin/00faf5d7453e4919af064d3525e3a52c/%08d.jpg\""
[2026-09-01 03:00:42.084 +00:00] [ERR] [43] Jellyfin.Server.Implementations.Trickplay.TrickplayManager: Error creating trickplay images.
System.ArgumentException: Can't create trickplay from 0 images.
   at Jellyfin.Server.Implementations.Trickplay.TrickplayManager.CreateTiles(IReadOnlyList`1 images, Int32 width, TrickplayOptions options, String outputDir)
   at Jellyfin.Server.Implementations.Trickplay.TrickplayManager.RefreshTrickplayDataInternal(Video video, Boolean replace, Int32 width, TrickplayOptions options, LibraryOptions libraryOptions, CancellationToken cancellationToken)
[2026-09-01 03:00:42.085 +00:00] [INF] [43] Jellyfin.Server.Implementations.Trickplay.TrickplayManager: Creating trickplay files at 320 width, for "/media/movies/Westworld/Westworld.mkv" [ID: 500a4562-1fb0-297e-1102-c23155624e54]
[2026-09-01 03:00:42.086 +00:00] [INF] [43] MediaBrowser.MediaEncoding.Encoder.MediaEncoder: Trickplay generation: "/usr/lib/jellyfin-ffmpeg/ffmpeg -loglevel error -skip_frame nokey -init_hw_device rkmpp=rk -hwaccel rkmpp -hwaccel_output_format drm_prime -noautorotate -afbc rga -i file:\"/media/movies/Westworld/Westworld.mkv\" -noautoscale -an -sn -vf \"fps=0.10000000149011612,setparams=color_primaries=bt709:color_trc=bt709:colorspace=bt709,vpp_rkrga=format=bgra:afbc=1,vpp_rkrga=w=320:h=136:format=nv12\" -threads 1 -c:v mjpeg_rkmpp -qp_init:v 90 -fps_mode passthrough -f image2 \"/tmp/jellyfin/56352bb14a514732b92e8959b2ebf711/%08d.jpg\""
[2026-09-01 03:00:42.134 +00:00] [ERR] [52] Jellyfin.Server.Implementations.Trickplay.TrickplayManager: Error creating trickplay images.
System.ArgumentException: Can't create trickplay from 0 images.
   at Jellyfin.Server.Implementations.Trickplay.TrickplayManager.CreateTiles(IReadOnlyList`1 images, Int32 width, TrickplayOptions options, String outputDir)
   at Jellyfin.Server.Implementations.Trickplay.TrickplayManager.RefreshTrickplayDataInternal(Video video, Boolean replace, Int32 width, TrickplayOptions options, LibraryOptions libraryOptions, CancellationToken cancellationToken)
[2026-09-01 03:00:42.143 +00:00] [INF] [52] Jellyfin.Server.Implementations.Trickplay.TrickplayManager: Creating trickplay files at 320 width, for "/media/movies/Rocky Balaboa/Extras/fight makeup.mkv" [ID: 0ad3ec6f-a795-e7e9-f078-3d29f1d1435c]
[2026-09-01 03:00:42.144 +00:00] [INF] [52] MediaBrowser.MediaEncoding.Encoder.MediaEncoder: Trickplay generation: "/usr/lib/jellyfin-ffmpeg/ffmpeg -loglevel error -skip_frame nokey -init_hw_device rkmpp=rk -hwaccel rkmpp -hwaccel_output_format drm_prime -noautorotate -afbc rga -i file:\"/media/movies/Rocky Balaboa/Extras/fight makeup.mkv\" -noautoscale -an -sn -vf \"fps=0.10000000149011612,setparams=color_primaries=bt709:color_trc=bt709:colorspace=bt709,vpp_rkrga=format=bgra:afbc=1,vpp_rkrga=w=320:h=180:format=nv12\" -threads 1 -c:v mjpeg_rkmpp -qp_init:v 90 -fps_mode passthrough -f image2 \"/tmp/jellyfin/4abae054c8d6403abaa9b2a5ccd10ad8/%08d.jpg\""
[2026-09-01 03:00:42.176 +00:00] [ERR] [43] Jellyfin.Server.Implementations.Trickplay.TrickplayManager: Error creating trickplay images.
System.ArgumentException: Can't create trickplay from 0 images.
   at Jellyfin.Server.Implementations.Trickplay.TrickplayManager.CreateTiles(IReadOnlyList`1 images, Int32 width, TrickplayOptions options, String outputDir)
   at Jellyfin.Server.Implementations.Trickplay.TrickplayManager.RefreshTrickplayDataInternal(Video video, Boolean replace, Int32 width, TrickplayOptions options, LibraryOptions libraryOptions, CancellationToken cancellationToken)
[2026-09-01 03:00:42.180 +00:00] [INF] [43] Jellyfin.Server.Implementations.Trickplay.TrickplayManager: Creating trickplay files at 320 width, for "/media/movies/rudy/Rudy.mkv" [ID: 4e2b719f-0336-48ee-a738-414e4ab6aa1d]
[2026-09-01 03:00:42.181 +00:00] [INF] [43] MediaBrowser.MediaEncoding.Encoder.MediaEncoder: Trickplay generation: "/usr/lib/jellyfin-ffmpeg/ffmpeg -loglevel error -skip_frame nokey -init_hw_device rkmpp=rk -hwaccel rkmpp -hwaccel_output_format drm_prime -noautorotate -afbc rga -i file:\"/media/movies/rudy/Rudy.mkv\" -noautoscale -an -sn -vf \"fps=0.10000000149011612,setparams=color_primaries=bt709:color_trc=bt709:colorspace=bt709,vpp_rkrga=format=bgra:afbc=1,vpp_rkrga=w=320:h=176:format=nv12\" -threads 1 -c:v mjpeg_rkmpp -qp_init:v 90 -fps_mode passthrough -f image2 \"/tmp/jellyfin/e67017c801bc438bb9263d5c10dd6373/%08d.jpg\""
[2026-09-01 03:00:42.211 +00:00] [ERR] [52] Jellyfin.Server.Implementations.Trickplay.TrickplayManager: Error creating trickplay images.
System.ArgumentException: Can't create trickplay from 0 images.
   at Jellyfin.Server.Implementations.Trickplay.TrickplayManager.CreateTiles(IReadOnlyList`1 images, Int32 width, TrickplayOptions options, String outputDir)
   at Jellyfin.Server.Implementations.Trickplay.TrickplayManager.RefreshTrickplayDataInternal(Video video, Boolean replace, Int32 width, TrickplayOptions options, LibraryOptions libraryOptions, CancellationToken cancellationToken)
[2026-09-01 03:00:42.216 +00:00] [INF] [52] Jellyfin.Server.Implementations.Trickplay.TrickplayManager: Creating trickplay files at 320 width, for "/media/movies/Scavenger Hunt/Extras/play to win.mkv" [ID: a6160368-5179-2bac-cd92-1a5e8513a5a4]
[2026-09-01 03:00:42.217 +00:00] [INF] [52] MediaBrowser.MediaEncoding.Encoder.MediaEncoder: Trickplay generation: "/usr/lib/jellyfin-ffmpeg/ffmpeg -loglevel error -skip_frame nokey -init_hw_device rkmpp=rk -hwaccel rkmpp -hwaccel_output_format drm_prime -noautorotate -afbc rga -i file:\"/media/movies/Scavenger Hunt/Extras/play to win.mkv\" -noautoscale -an -sn -vf \"fps=0.10000000149011612,setparams=color_primaries=bt709:color_trc=bt709:colorspace=bt709,vpp_rkrga=format=bgra:afbc=1,vpp_rkrga=w=320:h=172:format=nv12\" -threads 1 -c:v mjpeg_rkmpp -qp_init:v 90 -fps_mode passthrough -f image2 \"/tmp/jellyfin/7e803f08c2c744abbb92d9c0f55f78f9/%08d.jpg\""
[2026-09-01 03:00:42.266 +00:00] [ERR] [43] Jellyfin.Server.Implementations.Trickplay.TrickplayManager: Error creating trickplay images.
System.ArgumentException: Can't create trickplay from 0 images.
   at Jellyfin.Server.Implementations.Trickplay.TrickplayManager.CreateTiles(IReadOnlyList`1 images, Int32 width, TrickplayOptions options, String outputDir)
   at Jellyfin.Server.Implementations.Trickplay.TrickplayManager.RefreshTrickplayDataInternal(Video video, Boolean replace, Int32 width, TrickplayOptions options, LibraryOptions libraryOptions, CancellationToken cancellationToken)
[2026-09-01 03:00:42.268 +00:00] [INF] [43] Jellyfin.Server.Implementations.Trickplay.TrickplayManager: Creating trickplay files at 320 width, for "/media/movies/Scavenger Hunt/Extras/winner take all.mkv" [ID: 92009a5a-93d0-1c56-ee51-ea4c3cc485c2]
[2026-09-01 03:00:42.269 +00:00] [INF] [43] MediaBrowser.MediaEncoding.Encoder.MediaEncoder: Trickplay generation: "/usr/lib/jellyfin-ffmpeg/ffmpeg -loglevel error -skip_frame nokey -init_hw_device rkmpp=rk -hwaccel rkmpp -hwaccel_output_format drm_prime -noautorotate -afbc rga -i file:\"/media/movies/Scavenger Hunt/Extras/winner take all.mkv\" -noautoscale -an -sn -vf \"fps=0.10000000149011612,setparams=color_primaries=bt709:color_trc=bt709:colorspace=bt709,vpp_rkrga=format=bgra:afbc=1,vpp_rkrga=w=320:h=180:format=nv12\" -threads 1 -c:v mjpeg_rkmpp -qp_init:v 90 -fps_mode passthrough -f image2 \"/tmp/jellyfin/b89f5fe3a56d4b2cb258cd3d74abfc18/%08d.jpg\""
[2026-09-01 03:00:42.299 +00:00] [ERR] [52] Jellyfin.Server.Implementations.Trickplay.TrickplayManager: Error creating trickplay images.
System.ArgumentException: Can't create trickplay from 0 images.
   at Jellyfin.Server.Implementations.Trickplay.TrickplayManager.CreateTiles(IReadOnlyList`1 images, Int32 width, TrickplayOptions options, String outputDir)
   at Jellyfin.Server.Implementations.Trickplay.TrickplayManager.RefreshTrickplayDataInternal(Video video, Boolean replace, Int32 width, TrickplayOptions options, LibraryOptions libraryOptions, CancellationToken cancellationToken)
[2026-09-01 03:00:42.304 +00:00] [INF] [52] Jellyfin.Server.Implementations.Trickplay.TrickplayManager: Creating trickplay files at 320 width, for "/media/movies/Lincoln/Extras/james cameron.mkv" [ID: 67f5ca02-d371-0003-e084-816f5b57bbc2]
[2026-09-01 03:00:42.305 +00:00] [INF] [52] MediaBrowser.MediaEncoding.Encoder.MediaEncoder: Trickplay generation: "/usr/lib/jellyfin-ffmpeg/ffmpeg -loglevel error -skip_frame nokey -init_hw_device rkmpp=rk -hwaccel rkmpp -hwaccel_output_format drm_prime -noautorotate -afbc rga -i file:\"/media/movies/Lincoln/Extras/james cameron.mkv\" -noautoscale -an -sn -vf \"fps=0.10000000149011612,setparams=color_primaries=bt709:color_trc=bt709:colorspace=bt709,vpp_rkrga=format=bgra:afbc=1,vpp_rkrga=w=320:h=240:format=nv12\" -threads 1 -c:v mjpeg_rkmpp -qp_init:v 90 -fps_mode passthrough -f image2 \"/tmp/jellyfin/0c9b1999261740299f9e3a4debdada11/%08d.jpg\""
[2026-09-01 03:00:42.343 +00:00] [ERR] [43] Jellyfin.Server.Implementations.Trickplay.TrickplayManager: Error creating trickplay images.
System.ArgumentException: Can't create trickplay from 0 images.
   at Jellyfin.Server.Implementations.Trickplay.TrickplayManager.CreateTiles(IReadOnlyList`1 images, Int32 width, TrickplayOptions options, String outputDir)
   at Jellyfin.Server.Implementations.Trickplay.TrickplayManager.RefreshTrickplayDataInternal(Video video, Boolean replace, Int32 width, TrickplayOptions options, LibraryOptions libraryOptions, CancellationToken cancellationToken)
[2026-09-01 03:00:42.348 +00:00] [INF] [43] Jellyfin.Server.Implementations.Trickplay.TrickplayManager: Creating trickplay files at 320 width, for "/media/movies/Lincoln/Extras/Journy to Lincoln.mkv" [ID: 280f61b6-fc1c-09e2-1f01-47f7eb9bc679]
[2026-09-01 03:00:42.348 +00:00] [INF] [43] MediaBrowser.MediaEncoding.Encoder.MediaEncoder: Trickplay generation: "/usr/lib/jellyfin-ffmpeg/ffmpeg -loglevel error -skip_frame nokey -init_hw_device rkmpp=rk -hwaccel rkmpp -hwaccel_output_format drm_prime -noautorotate -afbc rga -i file:\"/media/movies/Lincoln/Extras/Journy to Lincoln.mkv\" -noautoscale -an -sn -vf \"fps=0.10000000149011612,setparams=color_primaries=bt709:color_trc=bt709:colorspace=bt709,vpp_rkrga=format=bgra:afbc=1,vpp_rkrga=w=320:h=180:format=nv12\" -threads 1 -c:v mjpeg_rkmpp -qp_init:v 90 -fps_mode passthrough -f image2 \"/tmp/jellyfin/3775e19e92624a18b4848c31addf5f1a/%08d.jpg\""
[2026-09-01 03:00:42.388 +00:00] [ERR] [35] Jellyfin.Server.Implementations.Trickplay.TrickplayManager: Error creating trickplay images.
System.ArgumentException: Can't create trickplay from 0 images.
   at Jellyfin.Server.Implementations.Trickplay.TrickplayManager.CreateTiles(IReadOnlyList`1 images, Int32 width, TrickplayOptions options, String outputDir)
   at Jellyfin.Server.Implementations.Trickplay.TrickplayManager.RefreshTrickplayDataInternal(Video video, Boolean replace, Int32 width, TrickplayOptions options, LibraryOptions libraryOptions, CancellationToken cancellationToken)
[2026-09-01 03:00:42.394 +00:00] [INF] [35] Jellyfin.Server.Implementations.Trickplay.TrickplayManager: Creating trickplay files at 320 width, for "/media/movies/Lincoln/Extras/mechanical alien.mkv" [ID: b3c02141-c3ab-d62b-614d-8b8ad1bfe6e1]
[2026-09-01 03:00:42.395 +00:00] [INF] [35] MediaBrowser.MediaEncoding.Encoder.MediaEncoder: Trickplay generation: "/usr/lib/jellyfin-ffmpeg/ffmpeg -loglevel error -skip_frame nokey -init_hw_device rkmpp=rk -hwaccel rkmpp -hwaccel_output_format drm_prime -noautorotate -afbc rga -i file:\"/media/movies/Lincoln/Extras/mechanical alien.mkv\" -noautoscale -an -sn -vf \"fps=0.10000000149011612,setparams=color_primaries=bt709:color_trc=bt709:colorspace=bt709,vpp_rkrga=format=bgra:afbc=1,vpp_rkrga=w=320:h=240:format=nv12\" -threads 1 -c:v mjpeg_rkmpp -qp_init:v 90 -fps_mode passthrough -f image2 \"/tmp/jellyfin/794bd5b5893149f2a2b06a0e06266629/%08d.jpg\""
[2026-09-01 03:00:42.459 +00:00] [ERR] [52] Jellyfin.Server.Implementations.Trickplay.TrickplayManager: Error creating trickplay images.
System.ArgumentException: Can't create trickplay from 0 images.
   at Jellyfin.Server.Implementations.Trickplay.TrickplayManager.CreateTiles(IReadOnlyList`1 images, Int32 width, TrickplayOptions options, String outputDir)
   at Jellyfin.Server.Implementations.Trickplay.TrickplayManager.RefreshTrickplayDataInternal(Video video, Boolean replace, Int32 width, TrickplayOptions options, LibraryOptions libraryOptions, CancellationToken cancellationToken)
[2026-09-01 03:00:42.466 +00:00] [INF] [52] Jellyfin.Server.Implementations.Trickplay.TrickplayManager: Creating trickplay files at 320 width, for "/media/movies/the Imitation Game/the Imitation Game.mkv" [ID: ee6c17ef-1a9f-9f0c-8f54-299ff7e3ad67]
[2026-09-01 03:00:42.467 +00:00] [INF] [52] MediaBrowser.MediaEncoding.Encoder.MediaEncoder: Trickplay generation: "/usr/lib/jellyfin-ffmpeg/ffmpeg -loglevel error -skip_frame nokey -init_hw_device rkmpp=rk -hwaccel rkmpp -hwaccel_output_format drm_prime -noautorotate -afbc rga -i file:\"/media/movies/the Imitation Game/the Imitation Game.mkv\" -noautoscale -an -sn -vf \"fps=0.10000000149011612,setparams=color_primaries=bt709:color_trc=bt709:colorspace=bt709,vpp_rkrga=format=bgra:afbc=1,vpp_rkrga=w=320:h=136:format=nv12\" -threads 1 -c:v mjpeg_rkmpp -qp_init:v 90 -fps_mode passthrough -f image2 \"/tmp/jellyfin/de1ba404f86c4be4badf761e0f015869/%08d.jpg\""
[2026-09-01 03:00:42.513 +00:00] [ERR] [35] Jellyfin.Server.Implementations.Trickplay.TrickplayManager: Error creating trickplay images.
System.ArgumentException: Can't create trickplay from 0 images.
   at Jellyfin.Server.Implementations.Trickplay.TrickplayManager.CreateTiles(IReadOnlyList`1 images, Int32 width, TrickplayOptions options, String outputDir)
   at Jellyfin.Server.Implementations.Trickplay.TrickplayManager.RefreshTrickplayDataInternal(Video video, Boolean replace, Int32 width, TrickplayOptions options, LibraryOptions libraryOptions, CancellationToken cancellationToken)
[2026-09-01 03:00:42.517 +00:00] [INF] [35] Jellyfin.Server.Implementations.Trickplay.TrickplayManager: Creating trickplay files at 320 width, for "/media/movies/Terminator 2/Terminator 2.mkv" [ID: f43c439d-25e8-7846-d345-8e84fdecd8d6]
[2026-09-01 03:00:42.518 +00:00] [INF] [35] MediaBrowser.MediaEncoding.Encoder.MediaEncoder: Trickplay generation: "/usr/lib/jellyfin-ffmpeg/ffmpeg -loglevel error -skip_frame nokey -init_hw_device rkmpp=rk -hwaccel rkmpp -hwaccel_output_format drm_prime -noautorotate -afbc rga -i file:\"/media/movies/Terminator 2/Terminator 2.mkv\" -noautoscale -an -sn -vf \"fps=0.10000000149011612,setparams=color_primaries=bt709:color_trc=bt709:colorspace=bt709,vpp_rkrga=format=bgra:afbc=1,vpp_rkrga=w=320:h=136:format=nv12\" -threads 1 -c:v mjpeg_rkmpp -qp_init:v 90 -fps_mode passthrough -f image2 \"/tmp/jellyfin/f0e6d10f5d764ba5b2edd2990bcf60a5/%08d.jpg\""
[2026-09-01 03:00:42.565 +00:00] [ERR] [52] Jellyfin.Server.Implementations.Trickplay.TrickplayManager: Error creating trickplay images.
System.ArgumentException: Can't create trickplay from 0 images.
   at Jellyfin.Server.Implementations.Trickplay.TrickplayManager.CreateTiles(IReadOnlyList`1 images, Int32 width, TrickplayOptions options, String outputDir)
   at Jellyfin.Server.Implementations.Trickplay.TrickplayManager.RefreshTrickplayDataInternal(Video video, Boolean replace, Int32 width, TrickplayOptions options, LibraryOptions libraryOptions, CancellationToken cancellationToken)
[2026-09-01 03:00:42.577 +00:00] [INF] [52] Jellyfin.Server.Implementations.Trickplay.TrickplayManager: Creating trickplay files at 320 width, for "/media/movies/Aliens/Aliens.mkv" [ID: 1926c303-d463-78f6-f1e2-8a97132c87c1]
[2026-09-01 03:00:42.577 +00:00] [INF] [52] MediaBrowser.MediaEncoding.Encoder.MediaEncoder: Trickplay generation: "/usr/lib/jellyfin-ffmpeg/ffmpeg -loglevel error -skip_frame nokey -init_hw_device rkmpp=rk -hwaccel rkmpp -hwaccel_output_format drm_prime -noautorotate -afbc rga -i file:\"/media/movies/Aliens/Aliens.mkv\" -noautoscale -an -sn -vf \"fps=0.10000000149011612,setparams=color_primaries=bt709:color_trc=bt709:colorspace=bt709,vpp_rkrga=format=bgra:afbc=1,vpp_rkrga=w=320:h=172:format=nv12\" -threads 1 -c:v mjpeg_rkmpp -qp_init:v 90 -fps_mode passthrough -f image2 \"/tmp/jellyfin/98f7024134b845c3af8a85e81ae20744/%08d.jpg\""
[2026-09-01 03:00:42.626 +00:00] [ERR] [35] Jellyfin.Server.Implementations.Trickplay.TrickplayManager: Error creating trickplay images.
System.ArgumentException: Can't create trickplay from 0 images.
   at Jellyfin.Server.Implementations.Trickplay.TrickplayManager.CreateTiles(IReadOnlyList`1 images, Int32 width, TrickplayOptions options, String outputDir)
   at Jellyfin.Server.Implementations.Trickplay.TrickplayManager.RefreshTrickplayDataInternal(Video video, Boolean replace, Int32 width, TrickplayOptions options, LibraryOptions libraryOptions, CancellationToken cancellationToken)
[2026-09-01 03:00:42.632 +00:00] [INF] [35] Jellyfin.Server.Implementations.Trickplay.TrickplayManager: Creating trickplay files at 320 width, for "/media/movies/being there/Extras/Extra-2.mkv" [ID: bc4b7676-7456-2f00-aa84-3cfcef93e032]
[2026-09-01 03:00:42.633 +00:00] [INF] [35] MediaBrowser.MediaEncoding.Encoder.MediaEncoder: Trickplay generation: "/usr/lib/jellyfin-ffmpeg/ffmpeg -loglevel error -skip_frame nokey -init_hw_device rkmpp=rk -hwaccel rkmpp -hwaccel_output_format drm_prime -noautorotate -afbc rga -i file:\"/media/movies/being there/Extras/Extra-2.mkv\" -noautoscale -an -sn -vf \"fps=0.10000000149011612,setparams=color_primaries=bt709:color_trc=bt709:colorspace=bt709,vpp_rkrga=format=bgra:afbc=1,vpp_rkrga=w=320:h=240:format=nv12\" -threads 1 -c:v mjpeg_rkmpp -qp_init:v 90 -fps_mode passthrough -f image2 \"/tmp/jellyfin/d4e8de893688496398fe23dc3e104822/%08d.jpg\""
[2026-09-01 03:00:42.681 +00:00] [ERR] [52] Jellyfin.Server.Implementations.Trickplay.TrickplayManager: Error creating trickplay images.
System.ArgumentException: Can't create trickplay from 0 images.
   at Jellyfin.Server.Implementations.Trickplay.TrickplayManager.CreateTiles(IReadOnlyList`1 images, Int32 width, TrickplayOptions options, String outputDir)
   at Jellyfin.Server.Implementations.Trickplay.TrickplayManager.RefreshTrickplayDataInternal(Video video, Boolean replace, Int32 width, TrickplayOptions options, LibraryOptions libraryOptions, CancellationToken cancellationToken)
[2026-09-01 03:00:42.686 +00:00] [INF] [52] Jellyfin.Server.Implementations.Trickplay.TrickplayManager: Creating trickplay files at 320 width, for "/media/movies/being there/Extras/Extra-4.mkv" [ID: 4bd83c8a-d714-e37d-f744-dcc0becc2505]
[2026-09-01 03:00:42.686 +00:00] [INF] [52] MediaBrowser.MediaEncoding.Encoder.MediaEncoder: Trickplay generation: "/usr/lib/jellyfin-ffmpeg/ffmpeg -loglevel error -skip_frame nokey -init_hw_device rkmpp=rk -hwaccel rkmpp -hwaccel_output_format drm_prime -noautorotate -afbc rga -i file:\"/media/movies/being there/Extras/Extra-4.mkv\" -noautoscale -an -sn -vf \"fps=0.10000000149011612,setparams=color_primaries=bt709:color_trc=bt709:colorspace=bt709,vpp_rkrga=format=bgra:afbc=1,vpp_rkrga=w=320:h=240:format=nv12\" -threads 1 -c:v mjpeg_rkmpp -qp_init:v 90 -fps_mode passthrough -f image2 \"/tmp/jellyfin/8036cd79c31f4eea96ece8fc504b6fd0/%08d.jpg\""
[2026-09-01 03:00:42.731 +00:00] [ERR] [35] Jellyfin.Server.Implementations.Trickplay.TrickplayManager: Error creating trickplay images.
System.ArgumentException: Can't create trickplay from 0 images.
   at Jellyfin.Server.Implementations.Trickplay.TrickplayManager.CreateTiles(IReadOnlyList`1 images, Int32 width, TrickplayOptions options, String outputDir)
   at Jellyfin.Server.Implementations.Trickplay.TrickplayManager.RefreshTrickplayDataInternal(Video video, Boolean replace, Int32 width, TrickplayOptions options, LibraryOptions libraryOptions, CancellationToken cancellationToken)
[2026-09-01 03:00:42.735 +00:00] [INF] [35] Jellyfin.Server.Implementations.Trickplay.TrickplayManager: Creating trickplay files at 320 width, for "/media/movies/being there/Extras/Extra-5.mkv" [ID: 2d41c7f4-3403-ff1c-d427-0b3cab0d315b]
[2026-09-01 03:00:42.736 +00:00] [INF] [35] MediaBrowser.MediaEncoding.Encoder.MediaEncoder: Trickplay generation: "/usr/lib/jellyfin-ffmpeg/ffmpeg -loglevel error -skip_frame nokey -init_hw_device rkmpp=rk -hwaccel rkmpp -hwaccel_output_format drm_prime -noautorotate -afbc rga -i file:\"/media/movies/being there/Extras/Extra-5.mkv\" -noautoscale -an -sn -vf \"fps=0.10000000149011612,setparams=color_primaries=bt709:color_trc=bt709:colorspace=bt709,vpp_rkrga=format=bgra:afbc=1,vpp_rkrga=w=320:h=180:format=nv12\" -threads 1 -c:v mjpeg_rkmpp -qp_init:v 90 -fps_mode passthrough -f image2 \"/tmp/jellyfin/ce91aeed1f164c388fdd917b9241774e/%08d.jpg\""
[2026-09-01 03:00:42.780 +00:00] [ERR] [52] Jellyfin.Server.Implementations.Trickplay.TrickplayManager: Error creating trickplay images.
System.ArgumentException: Can't create trickplay from 0 images.
   at Jellyfin.Server.Implementations.Trickplay.TrickplayManager.CreateTiles(IReadOnlyList`1 images, Int32 width, TrickplayOptions options, String outputDir)
   at Jellyfin.Server.Implementations.Trickplay.TrickplayManager.RefreshTrickplayDataInternal(Video video, Boolean replace, Int32 width, TrickplayOptions options, LibraryOptions libraryOptions, CancellationToken cancellationToken)
[2026-09-01 03:00:42.784 +00:00] [INF] [52] Jellyfin.Server.Implementations.Trickplay.TrickplayManager: Creating trickplay files at 320 width, for "/media/movies/being there/Extras/james cameron.mkv" [ID: 6c00b8f5-e822-28fb-dc55-e271b2da68bd]
[2026-09-01 03:00:42.785 +00:00] [INF] [52] MediaBrowser.MediaEncoding.Encoder.MediaEncoder: Trickplay generation: "/usr/lib/jellyfin-ffmpeg/ffmpeg -loglevel error -skip_frame nokey -init_hw_device rkmpp=rk -hwaccel rkmpp -hwaccel_output_format drm_prime -noautorotate -afbc rga -i file:\"/media/movies/being there/Extras/james cameron.mkv\" -noautoscale -an -sn -vf \"fps=0.10000000149011612,setparams=color_primaries=bt709:color_trc=bt709:colorspace=bt709,vpp_rkrga=format=bgra:afbc=1,vpp_rkrga=w=320:h=240:format=nv12\" -threads 1 -c:v mjpeg_rkmpp -qp_init:v 90 -fps_mode passthrough -f image2 \"/tmp/jellyfin/6b9170105c57445397c83eb88ee32517/%08d.jpg\""
[2026-09-01 03:00:42.829 +00:00] [ERR] [35] Jellyfin.Server.Implementations.Trickplay.TrickplayManager: Error creating trickplay images.
System.ArgumentException: Can't create trickplay from 0 images.
   at Jellyfin.Server.Implementations.Trickplay.TrickplayManager.CreateTiles(IReadOnlyList`1 images, Int32 width, TrickplayOptions options, String outputDir)
   at Jellyfin.Server.Implementations.Trickplay.TrickplayManager.RefreshTrickplayDataInternal(Video video, Boolean replace, Int32 width, TrickplayOptions options, LibraryOptions libraryOptions, CancellationToken cancellationToken)
[2026-09-01 03:00:42.833 +00:00] [INF] [35] Jellyfin.Server.Implementations.Trickplay.TrickplayManager: Creating trickplay files at 320 width, for "/media/movies/being there/Extras/mechanical alien.mkv" [ID: 5dde1132-58fe-52b2-287b-43e1ff9ed8b5]
[2026-09-01 03:00:42.834 +00:00] [INF] [35] MediaBrowser.MediaEncoding.Encoder.MediaEncoder: Trickplay generation: "/usr/lib/jellyfin-ffmpeg/ffmpeg -loglevel error -skip_frame nokey -init_hw_device rkmpp=rk -hwaccel rkmpp -hwaccel_output_format drm_prime -noautorotate -afbc rga -i file:\"/media/movies/being there/Extras/mechanical alien.mkv\" -noautoscale -an -sn -vf \"fps=0.10000000149011612,setparams=color_primaries=bt709:color_trc=bt709:colorspace=bt709,vpp_rkrga=format=bgra:afbc=1,vpp_rkrga=w=320:h=240:format=nv12\" -threads 1 -c:v mjpeg_rkmpp -qp_init:v 90 -fps_mode passthrough -f image2 \"/tmp/jellyfin/0e68500b892b4fa3b92d859953375e1f/%08d.jpg\""
[2026-09-01 03:00:42.891 +00:00] [ERR] [50] Jellyfin.Server.Implementations.Trickplay.TrickplayManager: Error creating trickplay images.
System.ArgumentException: Can't create trickplay from 0 images.
   at Jellyfin.Server.Implementations.Trickplay.TrickplayManager.CreateTiles(IReadOnlyList`1 images, Int32 width, TrickplayOptions options, String outputDir)
   at Jellyfin.Server.Implementations.Trickplay.TrickplayManager.RefreshTrickplayDataInternal(Video video, Boolean replace, Int32 width, TrickplayOptions options, LibraryOptions libraryOptions, CancellationToken cancellationToken)
[2026-09-01 03:00:42.894 +00:00] [INF] [50] Jellyfin.Server.Implementations.Trickplay.TrickplayManager: Creating trickplay files at 320 width, for "/media/movies/being there/Extras/Extra-7.mkv" [ID: 7d68a657-aadc-c659-67f9-cbdcce27c6e2]
[2026-09-01 03:00:42.895 +00:00] [INF] [50] MediaBrowser.MediaEncoding.Encoder.MediaEncoder: Trickplay generation: "/usr/lib/jellyfin-ffmpeg/ffmpeg -loglevel error -skip_frame nokey -init_hw_device rkmpp=rk -hwaccel rkmpp -hwaccel_output_format drm_prime -noautorotate -afbc rga -i file:\"/media/movies/being there/Extras/Extra-7.mkv\" -noautoscale -an -sn -vf \"fps=0.10000000149011612,setparams=color_primaries=bt709:color_trc=bt709:colorspace=bt709,vpp_rkrga=format=bgra:afbc=1,vpp_rkrga=w=320:h=180:format=nv12\" -threads 1 -c:v mjpeg_rkmpp -qp_init:v 90 -fps_mode passthrough -f image2 \"/tmp/jellyfin/2805bd2ca76649feb4710de0fcd877a7/%08d.jpg\""
[2026-09-01 03:00:42.956 +00:00] [ERR] [35] Jellyfin.Server.Implementations.Trickplay.TrickplayManager: Error creating trickplay images.
System.ArgumentException: Can't create trickplay from 0 images.
   at Jellyfin.Server.Implementations.Trickplay.TrickplayManager.CreateTiles(IReadOnlyList`1 images, Int32 width, TrickplayOptions options, String outputDir)
   at Jellyfin.Server.Implementations.Trickplay.TrickplayManager.RefreshTrickplayDataInternal(Video video, Boolean replace, Int32 width, TrickplayOptions options, LibraryOptions libraryOptions, CancellationToken cancellationToken)
[2026-09-01 03:00:42.960 +00:00] [INF] [35] Jellyfin.Server.Implementations.Trickplay.TrickplayManager: Creating trickplay files at 320 width, for "/media/movies/being there/Extras/Extra-6.mkv" [ID: b7e3fd04-cc34-9847-ecdc-7a392e00c002]
[2026-09-01 03:00:42.961 +00:00] [INF] [35] MediaBrowser.MediaEncoding.Encoder.MediaEncoder: Trickplay generation: "/usr/lib/jellyfin-ffmpeg/ffmpeg -loglevel error -skip_frame nokey -init_hw_device rkmpp=rk -hwaccel rkmpp -hwaccel_output_format drm_prime -noautorotate -afbc rga -i file:\"/media/movies/being there/Extras/Extra-6.mkv\" -noautoscale -an -sn -vf \"fps=0.10000000149011612,setparams=color_primaries=bt709:color_trc=bt709:colorspace=bt709,vpp_rkrga=format=bgra:afbc=1,vpp_rkrga=w=320:h=180:format=nv12\" -threads 1 -c:v mjpeg_rkmpp -qp_init:v 90 -fps_mode passthrough -f image2 \"/tmp/jellyfin/013a5cf97b984f088acec2ccbd0f480b/%08d.jpg\""
[2026-09-01 03:00:43.010 +00:00] [ERR] [50] Jellyfin.Server.Implementations.Trickplay.TrickplayManager: Error creating trickplay images.
System.ArgumentException: Can't create trickplay from 0 images.
   at Jellyfin.Server.Implementations.Trickplay.TrickplayManager.CreateTiles(IReadOnlyList`1 images, Int32 width, TrickplayOptions options, String outputDir)
   at Jellyfin.Server.Implementations.Trickplay.TrickplayManager.RefreshTrickplayDataInternal(Video video, Boolean replace, Int32 width, TrickplayOptions options, LibraryOptions libraryOptions, CancellationToken cancellationToken)
[2026-09-01 03:00:43.014 +00:00] [INF] [50] Jellyfin.Server.Implementations.Trickplay.TrickplayManager: Creating trickplay files at 320 width, for "/media/movies/being there/Extras/Extra-1.mkv" [ID: e23ec30d-4619-57a1-a304-58b021bf86ee]
[2026-09-01 03:00:43.015 +00:00] [INF] [50] MediaBrowser.MediaEncoding.Encoder.MediaEncoder: Trickplay generation: "/usr/lib/jellyfin-ffmpeg/ffmpeg -loglevel error -skip_frame nokey -init_hw_device rkmpp=rk -hwaccel rkmpp -hwaccel_output_format drm_prime -noautorotate -afbc rga -i file:\"/media/movies/being there/Extras/Extra-1.mkv\" -noautoscale -an -sn -vf \"fps=0.10000000149011612,setparams=color_primaries=bt709:color_trc=bt709:colorspace=bt709,vpp_rkrga=format=bgra:afbc=1,vpp_rkrga=w=320:h=180:format=nv12\" -threads 1 -c:v mjpeg_rkmpp -qp_init:v 90 -fps_mode passthrough -f image2 \"/tmp/jellyfin/d6cab5ff38cc4d2fac2f3c0c4aedc48d/%08d.jpg\""
[2026-09-01 03:00:43.065 +00:00] [ERR] [35] Jellyfin.Server.Implementations.Trickplay.TrickplayManager: Error creating trickplay images.
System.ArgumentException: Can't create trickplay from 0 images.
   at Jellyfin.Server.Implementations.Trickplay.TrickplayManager.CreateTiles(IReadOnlyList`1 images, Int32 width, TrickplayOptions options, String outputDir)
   at Jellyfin.Server.Implementations.Trickplay.TrickplayManager.RefreshTrickplayDataInternal(Video video, Boolean replace, Int32 width, TrickplayOptions options, LibraryOptions libraryOptions, CancellationToken cancellationToken)
[2026-09-01 03:00:43.069 +00:00] [INF] [35] Jellyfin.Server.Implementations.Trickplay.TrickplayManager: Creating trickplay files at 320 width, for "/media/movies/being there/Extras/Extra-3.mkv" [ID: e48e715f-0c82-e2d7-0b4f-2106e169cc58]
[2026-09-01 03:00:43.070 +00:00] [INF] [35] MediaBrowser.MediaEncoding.Encoder.MediaEncoder: Trickplay generation: "/usr/lib/jellyfin-ffmpeg/ffmpeg -loglevel error -skip_frame nokey -init_hw_device rkmpp=rk -hwaccel rkmpp -hwaccel_output_format drm_prime -noautorotate -afbc rga -i file:\"/media/movies/being there/Extras/Extra-3.mkv\" -noautoscale -an -sn -vf \"fps=0.10000000149011612,setparams=color_primaries=bt709:color_trc=bt709:colorspace=bt709,vpp_rkrga=format=bgra:afbc=1,vpp_rkrga=w=320:h=240:format=nv12\" -threads 1 -c:v mjpeg_rkmpp -qp_init:v 90 -fps_mode passthrough -f image2 \"/tmp/jellyfin/032a7e4e467746f79777ee230fcdf0ac/%08d.jpg\""
[2026-09-01 03:00:43.153 +00:00] [ERR] [50] Jellyfin.Server.Implementations.Trickplay.TrickplayManager: Error creating trickplay images.
System.ArgumentException: Can't create trickplay from 0 images.
   at Jellyfin.Server.Implementations.Trickplay.TrickplayManager.CreateTiles(IReadOnlyList`1 images, Int32 width, TrickplayOptions options, String outputDir)
   at Jellyfin.Server.Implementations.Trickplay.TrickplayManager.RefreshTrickplayDataInternal(Video video, Boolean replace, Int32 width, TrickplayOptions options, LibraryOptions libraryOptions, CancellationToken cancellationToken)
[2026-09-01 03:00:43.157 +00:00] [INF] [50] Jellyfin.Server.Implementations.Trickplay.TrickplayManager: Creating trickplay files at 320 width, for "/media/movies/Scavenger Hunt/scavenger hunt.mkv" [ID: 003112db-79dd-a161-7fc8-7ea8f92fc060]
[2026-09-01 03:00:43.158 +00:00] [INF] [50] MediaBrowser.MediaEncoding.Encoder.MediaEncoder: Trickplay generation: "/usr/lib/jellyfin-ffmpeg/ffmpeg -loglevel error -skip_frame nokey -init_hw_device rkmpp=rk -hwaccel rkmpp -hwaccel_output_format drm_prime -noautorotate -afbc rga -i file:\"/media/movies/Scavenger Hunt/scavenger hunt.mkv\" -noautoscale -an -sn -vf \"fps=0.10000000149011612,setparams=color_primaries=bt709:color_trc=bt709:colorspace=bt709,vpp_rkrga=format=bgra:afbc=1,vpp_rkrga=w=320:h=172:format=nv12\" -threads 1 -c:v mjpeg_rkmpp -qp_init:v 90 -fps_mode passthrough -f image2 \"/tmp/jellyfin/bd90757e33aa4c189d3e5021adec0bef/%08d.jpg\""
[2026-09-01 03:00:43.214 +00:00] [ERR] [35] Jellyfin.Server.Implementations.Trickplay.TrickplayManager: Error creating trickplay images.
System.ArgumentException: Can't create trickplay from 0 images.
   at Jellyfin.Server.Implementations.Trickplay.TrickplayManager.CreateTiles(IReadOnlyList`1 images, Int32 width, TrickplayOptions options, String outputDir)
   at Jellyfin.Server.Implementations.Trickplay.TrickplayManager.RefreshTrickplayDataInternal(Video video, Boolean replace, Int32 width, TrickplayOptions options, LibraryOptions libraryOptions, CancellationToken cancellationToken)
[2026-09-01 03:00:43.219 +00:00] [INF] [35] Jellyfin.Server.Implementations.Trickplay.TrickplayManager: Creating trickplay files at 320 width, for "/media/movies/Rocky Balaboa/Rocky Balboa.mkv" [ID: 6db0264e-7261-bf7d-e27f-accc713853b7]
[2026-09-01 03:00:43.220 +00:00] [INF] [35] MediaBrowser.MediaEncoding.Encoder.MediaEncoder: Trickplay generation: "/usr/lib/jellyfin-ffmpeg/ffmpeg -loglevel error -skip_frame nokey -init_hw_device rkmpp=rk -hwaccel rkmpp -hwaccel_output_format drm_prime -noautorotate -afbc rga -i file:\"/media/movies/Rocky Balaboa/Rocky Balboa.mkv\" -noautoscale -an -sn -vf \"fps=0.10000000149011612,setparams=color_primaries=bt709:color_trc=bt709:colorspace=bt709,vpp_rkrga=format=bgra:afbc=1,vpp_rkrga=w=320:h=172:format=nv12\" -threads 1 -c:v mjpeg_rkmpp -qp_init:v 90 -fps_mode passthrough -f image2 \"/tmp/jellyfin/1c556754b4cb4ff18e68809da34d5cd7/%08d.jpg\""
[2026-09-01 03:00:43.272 +00:00] [ERR] [50] Jellyfin.Server.Implementations.Trickplay.TrickplayManager: Error creating trickplay images.
System.ArgumentException: Can't create trickplay from 0 images.
   at Jellyfin.Server.Implementations.Trickplay.TrickplayManager.CreateTiles(IReadOnlyList`1 images, Int32 width, TrickplayOptions options, String outputDir)
   at Jellyfin.Server.Implementations.Trickplay.TrickplayManager.RefreshTrickplayDataInternal(Video video, Boolean replace, Int32 width, TrickplayOptions options, LibraryOptions libraryOptions, CancellationToken cancellationToken)
[2026-09-01 03:00:43.274 +00:00] [INF] [50] Jellyfin.Server.Implementations.Trickplay.TrickplayManager: Creating trickplay files at 320 width, for "/media/movies/Oppenheimer/Oppenheimer.mkv" [ID: 456c2813-8fd7-4d18-a14c-ca162bb8f1c1]
[2026-09-01 03:00:43.274 +00:00] [INF] [50] MediaBrowser.MediaEncoding.Encoder.MediaEncoder: Trickplay generation: "/usr/lib/jellyfin-ffmpeg/ffmpeg -loglevel error -skip_frame nokey -init_hw_device rkmpp=rk -hwaccel rkmpp -hwaccel_output_format drm_prime -noautorotate -afbc rga -i file:\"/media/movies/Oppenheimer/Oppenheimer.mkv\" -noautoscale -an -sn -vf \"fps=0.10000000149011612,setparams=color_primaries=bt709:color_trc=bt709:colorspace=bt709,vpp_rkrga=format=bgra:afbc=1,vpp_rkrga=w=320:h=144:format=nv12\" -threads 1 -c:v mjpeg_rkmpp -qp_init:v 90 -fps_mode passthrough -f image2 \"/tmp/jellyfin/3826d0ab48a74e5a8128c2fc8bb748fc/%08d.jpg\""
[2026-09-01 03:00:43.319 +00:00] [ERR] [52] Jellyfin.Server.Implementations.Trickplay.TrickplayManager: Error creating trickplay images.
System.ArgumentException: Can't create trickplay from 0 images.
   at Jellyfin.Server.Implementations.Trickplay.TrickplayManager.CreateTiles(IReadOnlyList`1 images, Int32 width, TrickplayOptions options, String outputDir)
   at Jellyfin.Server.Implementations.Trickplay.TrickplayManager.RefreshTrickplayDataInternal(Video video, Boolean replace, Int32 width, TrickplayOptions options, LibraryOptions libraryOptions, CancellationToken cancellationToken)
[2026-09-01 03:00:43.323 +00:00] [INF] [52] Jellyfin.Server.Implementations.Trickplay.TrickplayManager: Creating trickplay files at 320 width, for "/media/movies/Lincoln/Lincoln.mkv" [ID: c20d13f3-c5a3-92a0-bc99-2819d4a933bd]
[2026-09-01 03:00:43.324 +00:00] [INF] [52] MediaBrowser.MediaEncoding.Encoder.MediaEncoder: Trickplay generation: "/usr/lib/jellyfin-ffmpeg/ffmpeg -loglevel error -skip_frame nokey -init_hw_device rkmpp=rk -hwaccel rkmpp -hwaccel_output_format drm_prime -noautorotate -afbc rga -i file:\"/media/movies/Lincoln/Lincoln.mkv\" -noautoscale -an -sn -vf \"fps=0.10000000149011612,setparams=color_primaries=bt709:color_trc=bt709:colorspace=bt709,vpp_rkrga=format=bgra:afbc=1,vpp_rkrga=w=320:h=136:format=nv12\" -threads 1 -c:v mjpeg_rkmpp -qp_init:v 90 -fps_mode passthrough -f image2 \"/tmp/jellyfin/85bb21e9640f4e2eb613740d37189a33/%08d.jpg\""
[2026-09-01 03:00:43.407 +00:00] [ERR] [35] Jellyfin.Server.Implementations.Trickplay.TrickplayManager: Error creating trickplay images.
System.ArgumentException: Can't create trickplay from 0 images.
   at Jellyfin.Server.Implementations.Trickplay.TrickplayManager.CreateTiles(IReadOnlyList`1 images, Int32 width, TrickplayOptions options, String outputDir)
   at Jellyfin.Server.Implementations.Trickplay.TrickplayManager.RefreshTrickplayDataInternal(Video video, Boolean replace, Int32 width, TrickplayOptions options, LibraryOptions libraryOptions, CancellationToken cancellationToken)
[2026-09-01 03:00:43.411 +00:00] [INF] [35] Jellyfin.Server.Implementations.Trickplay.TrickplayManager: Creating trickplay files at 320 width, for "/media/movies/being there/Being There.mkv" [ID: d7d00764-a50d-bf84-9aea-c58266d4e38e]
[2026-09-01 03:00:43.412 +00:00] [INF] [35] MediaBrowser.MediaEncoding.Encoder.MediaEncoder: Trickplay generation: "/usr/lib/jellyfin-ffmpeg/ffmpeg -loglevel error -skip_frame nokey -init_hw_device rkmpp=rk -hwaccel rkmpp -hwaccel_output_format drm_prime -noautorotate -afbc rga -i file:\"/media/movies/being there/Being There.mkv\" -noautoscale -an -sn -vf \"fps=0.10000000149011612,setparams=color_primaries=bt709:color_trc=bt709:colorspace=bt709,vpp_rkrga=format=bgra:afbc=1,vpp_rkrga=w=320:h=176:format=nv12\" -threads 1 -c:v mjpeg_rkmpp -qp_init:v 90 -fps_mode passthrough -f image2 \"/tmp/jellyfin/d9354c0041c4470ba6f2ef9560be6bfe/%08d.jpg\""
[2026-09-01 03:00:43.457 +00:00] [ERR] [52] Jellyfin.Server.Implementations.Trickplay.TrickplayManager: Error creating trickplay images.
System.ArgumentException: Can't create trickplay from 0 images.
   at Jellyfin.Server.Implementations.Trickplay.TrickplayManager.CreateTiles(IReadOnlyList`1 images, Int32 width, TrickplayOptions options, String outputDir)
   at Jellyfin.Server.Implementations.Trickplay.TrickplayManager.RefreshTrickplayDataInternal(Video video, Boolean replace, Int32 width, TrickplayOptions options, LibraryOptions libraryOptions, CancellationToken cancellationToken)
[2026-09-01 03:00:43.461 +00:00] [INF] [52] Jellyfin.Server.Implementations.Trickplay.TrickplayManager: Creating trickplay files at 320 width, for "/media/movies/red.mkv" [ID: 37117c99-8b7f-8786-fa6c-f39d3c563168]
[2026-09-01 03:00:43.461 +00:00] [INF] [52] MediaBrowser.MediaEncoding.Encoder.MediaEncoder: Trickplay generation: "/usr/lib/jellyfin-ffmpeg/ffmpeg -loglevel error -skip_frame nokey -init_hw_device rkmpp=rk -hwaccel rkmpp -hwaccel_output_format drm_prime -noautorotate -afbc rga -i file:\"/media/movies/red.mkv\" -noautoscale -an -sn -vf \"fps=0.10000000149011612,setparams=color_primaries=bt709:color_trc=bt709:colorspace=bt709,vpp_rkrga=format=bgra:afbc=1,vpp_rkrga=w=320:h=136:format=nv12\" -threads 1 -c:v mjpeg_rkmpp -qp_init:v 90 -fps_mode passthrough -f image2 \"/tmp/jellyfin/074053f7352447ac9b9d6283d4f28120/%08d.jpg\""
[2026-09-01 03:00:43.497 +00:00] [ERR] [35] Jellyfin.Server.Implementations.Trickplay.TrickplayManager: Error creating trickplay images.
System.ArgumentException: Can't create trickplay from 0 images.
   at Jellyfin.Server.Implementations.Trickplay.TrickplayManager.CreateTiles(IReadOnlyList`1 images, Int32 width, TrickplayOptions options, String outputDir)
   at Jellyfin.Server.Implementations.Trickplay.TrickplayManager.RefreshTrickplayDataInternal(Video video, Boolean replace, Int32 width, TrickplayOptions options, LibraryOptions libraryOptions, CancellationToken cancellationToken)
[2026-09-01 03:00:43.509 +00:00] [INF] [35] Emby.Server.Implementations.ScheduledTasks.TaskManager: "Generate Trickplay Images" Completed after 0 minute(s) and 43 seconds
[2026-09-01 03:27:16.149 +00:00] [INF] [39] Emby.Server.Implementations.ScheduledTasks.TaskManager: "LDAP - Synchronize profile images" Completed after 0 minute(s) and 0 seconds
[2026-09-01 17:50:18.250 +00:00] [INF] [1] Main: Jellyfin version: "10.10.7"
[2026-09-01 17:50:18.306 +00:00] [INF] [1] Main: Environment Variables: ["[JELLYFIN_WEB_DIR, /jellyfin/jellyfin-web]", "[JELLYFIN_CACHE_DIR, /cache]", "[JELLYFIN_FFMPEG, /usr/lib/jellyfin-ffmpeg/ffmpeg]", "[JELLYFIN_CONFIG_DIR, /config/config]", "[JELLYFIN_DATA_DIR, /config]", "[JELLYFIN_LOG_DIR, /config/log]"]
[2026-09-01 17:50:18.322 +00:00] [INF] [1] Main: Arguments: ["/jellyfin/jellyfin.dll"]
[2026-09-01 17:50:18.325 +00:00] [INF] [1] Main: Operating system: "Debian GNU/Linux 12 (bookworm)"
[2026-09-01 17:50:18.325 +00:00] [INF] [1] Main: Architecture: Arm64
[2026-09-01 17:50:18.327 +00:00] [INF] [1] Main: 64-Bit Process: True
[2026-09-01 17:50:18.327 +00:00] [INF] [1] Main: User Interactive: True
[2026-09-01 17:50:18.327 +00:00] [INF] [1] Main: Processor count: 8
[2026-09-01 17:50:18.327 +00:00] [INF] [1] Main: Program data path: "/config"
[2026-09-01 17:50:18.327 +00:00] [INF] [1] Main: Log directory path: "/config/log"
[2026-09-01 17:50:18.327 +00:00] [INF] [1] Main: Config directory path: "/config/config"
[2026-09-01 17:50:18.328 +00:00] [INF] [1] Main: Cache path: "/cache"
[2026-09-01 17:50:18.328 +00:00] [INF] [1] Main: Temp directory path: "/tmp/jellyfin"
[2026-09-01 17:50:18.329 +00:00] [INF] [1] Main: Web resources path: "/jellyfin/jellyfin-web"
[2026-09-01 17:50:18.329 +00:00] [INF] [1] Main: Application directory: "/jellyfin/"
[2026-09-01 17:50:18.830 +00:00] [INF] [1] Emby.Server.Implementations.AppBase.BaseConfigurationManager: Setting cache path: "/cache"
[2026-09-01 17:50:19.081 +00:00] [INF] [1] Emby.Server.Implementations.ApplicationHost: Loading assemblies
[2026-09-01 17:50:19.146 +00:00] [INF] [1] Emby.Server.Implementations.Plugins.PluginManager: Loaded assembly "Novell.Directory.Ldap.NETStandard, Version=3.6.0.0, Culture=neutral, PublicKeyToken=510c34e9dec7f86f" from "/config/plugins/LDAP Authentication_20.0.0.0/Novell.Directory.Ldap.NETStandard.dll"
[2026-09-01 17:50:19.148 +00:00] [INF] [1] Emby.Server.Implementations.Plugins.PluginManager: Loaded assembly "LDAP-Auth, Version=20.0.0.0, Culture=neutral, PublicKeyToken=null" from "/config/plugins/LDAP Authentication_20.0.0.0/LDAP-Auth.dll"
[2026-09-01 17:50:19.161 +00:00] [INF] [1] Emby.Server.Implementations.Plugins.PluginManager: Loaded assembly "SQLitePCL.pretty, Version=1.0.0.0, Culture=neutral, PublicKeyToken=null" from "/config/plugins/Playback Reporting_16.0.0.0/SQLitePCL.pretty.dll"
[2026-09-01 17:50:19.162 +00:00] [INF] [1] Emby.Server.Implementations.Plugins.PluginManager: Loaded assembly "Jellyfin.Plugin.PlaybackReporting, Version=16.0.0.0, Culture=neutral, PublicKeyToken=null" from "/config/plugins/Playback Reporting_16.0.0.0/Jellyfin.Plugin.PlaybackReporting.dll"
[2026-09-01 17:50:19.325 +00:00] [INF] [1] Jellyfin.Networking.Manager.NetworkManager: Defined LAN subnets: ["127.0.0.1/8", "10.0.0.0/8", "172.16.0.0/12", "192.168.0.0/16"]
[2026-09-01 17:50:19.325 +00:00] [INF] [1] Jellyfin.Networking.Manager.NetworkManager: Defined LAN exclusions: []
[2026-09-01 17:50:19.327 +00:00] [INF] [1] Jellyfin.Networking.Manager.NetworkManager: Used LAN subnets: ["127.0.0.1/8", "10.0.0.0/8", "172.16.0.0/12", "192.168.0.0/16"]
[2026-09-01 17:50:19.329 +00:00] [INF] [1] Jellyfin.Networking.Manager.NetworkManager: Filtered interface addresses: ["127.0.0.1", "192.168.254.120", "172.23.0.1", "172.22.0.1", "172.18.0.1"]
[2026-09-01 17:50:19.331 +00:00] [INF] [1] Jellyfin.Networking.Manager.NetworkManager: Bind Addresses ["0.0.0.0"]
[2026-09-01 17:50:19.331 +00:00] [INF] [1] Jellyfin.Networking.Manager.NetworkManager: Remote IP filter is "Allowlist"
[2026-09-01 17:50:19.332 +00:00] [INF] [1] Jellyfin.Networking.Manager.NetworkManager: Filtered subnets: []
[2026-09-01 17:50:22.853 +00:00] [INF] [1] Emby.Server.Implementations.Plugins.PluginManager: Loaded plugin: "LDAP-Auth" "20.0.0.0"
[2026-09-01 17:50:22.856 +00:00] [INF] [1] Emby.Server.Implementations.Plugins.PluginManager: Loaded plugin: "Playback Reporting" "16.0.0.0"
[2026-09-01 17:50:22.858 +00:00] [INF] [1] Emby.Server.Implementations.Plugins.PluginManager: Loaded plugin: "TMDb" "10.10.7.0"
[2026-09-01 17:50:22.859 +00:00] [INF] [1] Emby.Server.Implementations.Plugins.PluginManager: Loaded plugin: "Studio Images" "10.10.7.0"
[2026-09-01 17:50:22.860 +00:00] [INF] [1] Emby.Server.Implementations.Plugins.PluginManager: Loaded plugin: "OMDb" "10.10.7.0"
[2026-09-01 17:50:22.894 +00:00] [INF] [1] Emby.Server.Implementations.Plugins.PluginManager: Loaded plugin: "MusicBrainz" "10.10.7.0"
[2026-09-01 17:50:22.895 +00:00] [INF] [1] Emby.Server.Implementations.Plugins.PluginManager: Loaded plugin: "AudioDB" "10.10.7.0"
[2026-09-01 17:50:23.128 +00:00] [INF] [1] Main: Kestrel is listening on "0.0.0.0"
[2026-09-01 17:50:23.149 +00:00] [INF] [1] Jellyfin.Plugin.PlaybackReporting.EventMonitorEntryPoint: EventMonitorEntryPoint Running
[2026-09-01 17:50:23.169 +00:00] [INF] [1] Jellyfin.Plugin.PlaybackReporting.Data.ActivityRepository: Sqlite version: 3.41.2
[2026-09-01 17:50:23.172 +00:00] [INF] [1] Jellyfin.Plugin.PlaybackReporting.Data.ActivityRepository: Sqlite compiler options: ATOMIC_INTRINSICS=1,COMPILER=gcc-9.4.0,DEFAULT_AUTOVACUUM,DEFAULT_CACHE_SIZE=-2000,DEFAULT_FILE_FORMAT=4,DEFAULT_FOREIGN_KEYS,DEFAULT_JOURNAL_SIZE_LIMIT=-1,DEFAULT_MMAP_SIZE=0,DEFAULT_PAGE_SIZE=4096,DEFAULT_PCACHE_INITSZ=20,DEFAULT_RECURSIVE_TRIGGERS,DEFAULT_SECTOR_SIZE=4096,DEFAULT_SYNCHRONOUS=2,DEFAULT_WAL_AUTOCHECKPOINT=1000,DEFAULT_WAL_SYNCHRONOUS=2,DEFAULT_WORKER_THREADS=0,ENABLE_COLUMN_METADATA,ENABLE_FTS3,ENABLE_FTS3_PARENTHESIS,ENABLE_FTS4,ENABLE_FTS5,ENABLE_MATH_FUNCTIONS,ENABLE_RTREE,ENABLE_SNAPSHOT,MALLOC_SOFT_LIMIT=1024,MAX_ATTACHED=10,MAX_COLUMN=2000,MAX_COMPOUND_SELECT=500,MAX_DEFAULT_PAGE_SIZE=8192,MAX_EXPR_DEPTH=1000,MAX_FUNCTION_ARG=127,MAX_LENGTH=1000000000,MAX_LIKE_PATTERN_LENGTH=50000,MAX_MMAP_SIZE=0x7fff0000,MAX_PAGE_COUNT=1073741823,MAX_PAGE_SIZE=65536,MAX_SQL_LENGTH=1000000000,MAX_TRIGGER_DEPTH=1000,MAX_VARIABLE_NUMBER=32766,MAX_VDBE_OP=250000000,MAX_WORKER_THREADS=8,MUTEX_PTHREADS,SYSTEM_MALLOC,TEMP_STORE=1,THREADSAFE=1
[2026-09-01 17:50:23.192 +00:00] [INF] [1] Jellyfin.Plugin.PlaybackReporting.Data.ActivityRepository: Default journal_mode for "/config/data/playback_reporting.db" is "delete"
[2026-09-01 17:50:23.192 +00:00] [INF] [1] Jellyfin.Plugin.PlaybackReporting.Data.ActivityRepository: Initialize PlaybackActivity Repository
[2026-09-01 17:50:23.196 +00:00] [INF] [1] Jellyfin.Plugin.PlaybackReporting.Data.ActivityRepository: PlaybackActivity table schema OK
[2026-09-01 17:50:23.196 +00:00] [INF] [1] Jellyfin.Plugin.PlaybackReporting.Data.ActivityRepository: Expected : "datecreated:datetime|userid:text|itemid:text|itemtype:text|itemname:text|playbackmethod:text|clientname:text|devicename:text|playduration:int"
[2026-09-01 17:50:23.197 +00:00] [INF] [1] Jellyfin.Plugin.PlaybackReporting.Data.ActivityRepository: Received : "datecreated:datetime|userid:text|itemid:text|itemtype:text|itemname:text|playbackmethod:text|clientname:text|devicename:text|playduration:int"
[2026-09-01 17:50:24.427 +00:00] [WRN] [1] Microsoft.AspNetCore.StaticFiles.StaticFileMiddleware: The WebRootPath was not found: "/wwwroot". Static files may be unavailable.
[2026-09-01 17:50:24.521 +00:00] [INF] [1] Emby.Server.Implementations.ApplicationHost: Running startup tasks
[2026-09-01 17:50:24.525 +00:00] [INF] [1] Jellyfin.Plugin.PlaybackReporting.TaskCleanDb: TaskCleanDb Loaded
[2026-09-01 17:50:24.526 +00:00] [INF] [1] Jellyfin.Plugin.PlaybackReporting.TaskRunBackup: TaskRunBackup Loaded
[2026-09-01 17:50:24.533 +00:00] [INF] [8] Emby.Server.Implementations.IO.LibraryMonitor: Watching directory "/media/movies"
[2026-09-01 17:50:24.553 +00:00] [INF] [1] Emby.Server.Implementations.ScheduledTasks.TaskManager: Daily trigger for "Playback Reporting Trim Db" set to fire at 2026-09-02 00:00:00.000 +00:00, which is 06:09:35.4467209 from now.
[2026-09-01 17:50:24.564 +00:00] [INF] [1] Emby.Server.Implementations.ScheduledTasks.TaskManager: Daily trigger for "Generate Trickplay Images" set to fire at 2026-09-02 03:00:00.000 +00:00, which is 09:09:35.4353893 from now.
[2026-09-01 17:50:24.570 +00:00] [INF] [1] Emby.Server.Implementations.ScheduledTasks.TaskManager: Daily trigger for "Extract Chapter Images" set to fire at 2026-09-02 02:00:00.000 +00:00, which is 08:09:35.4293391 from now.
[2026-09-01 17:50:24.944 +00:00] [INF] [1] MediaBrowser.MediaEncoding.Encoder.MediaEncoder: Found ffmpeg version "7.1.3"
[2026-09-01 17:50:25.045 +00:00] [INF] [1] MediaBrowser.MediaEncoding.Encoder.MediaEncoder: Available "decoders": ["libdav1d", "av1", "av1_cuvid", "av1_rkmpp", "h264", "h264_rkmpp", "h264_cuvid", "hevc", "hevc_rkmpp", "hevc_cuvid", "mpeg1_rkmpp", "mpeg2video", "mpeg2_rkmpp", "mpeg2_cuvid", "mpeg4", "mpeg4_rkmpp", "mpeg4_cuvid", "msmpeg4", "vc1_cuvid", "vp8", "vp8_rkmpp", "libvpx", "vp8_cuvid", "vp9", "vp9_rkmpp", "libvpx-vp9", "vp9_cuvid", "aac", "ac3", "ac4", "dca", "flac", "mp3", "truehd"]
[2026-09-01 17:50:25.087 +00:00] [INF] [1] MediaBrowser.MediaEncoding.Encoder.MediaEncoder: Available "encoders": ["libsvtav1", "av1_nvenc", "libx264", "h264_nvenc", "h264_v4l2m2m", "h264_rkmpp", "libx265", "hevc_nvenc", "hevc_rkmpp", "mjpeg_rkmpp", "aac", "libfdk_aac", "ac3", "alac", "dca", "flac", "libmp3lame", "libopus", "truehd", "libvorbis", "srt"]
[2026-09-01 17:50:25.120 +00:00] [INF] [1] MediaBrowser.MediaEncoding.Encoder.MediaEncoder: Available filters: ["bwdif_cuda", "bwdif_opencl", "hwupload_cuda", "overlay_opencl", "overlay_cuda", "overlay_rkrga", "scale_cuda", "scale_opencl", "scale_rkrga", "tonemapx", "tonemap_cuda", "tonemap_opencl", "transpose_cuda", "transpose_opencl", "vpp_rkrga", "yadif_cuda", "yadif_opencl", "zscale", "alphasrc"]
[2026-09-01 17:50:25.269 +00:00] [WRN] [1] MediaBrowser.MediaEncoding.Encoder.MediaEncoder: Filter: "overlay_vaapi" with option "Action to take when encountering EOF from secondary input" is not available
[2026-09-01 17:50:25.310 +00:00] [WRN] [1] MediaBrowser.MediaEncoding.Encoder.MediaEncoder: Filter: "overlay_vulkan" with option "Action to take when encountering EOF from secondary input" is not available
[2026-09-01 17:50:25.428 +00:00] [INF] [1] MediaBrowser.MediaEncoding.Encoder.MediaEncoder: Available hwaccel types: ["cuda", "drm", "opencl", "rkmpp"]
[2026-09-01 17:50:27.594 +00:00] [INF] [10] Emby.Server.Implementations.ScheduledTasks.TaskManager: "Clean Transcode Directory" Completed after 0 minute(s) and 0 seconds
[2026-09-01 17:50:27.596 +00:00] [INF] [17] Emby.Server.Implementations.ScheduledTasks.TaskManager: "Clean up collections and playlists" Completed after 0 minute(s) and 0 seconds
[2026-09-01 17:50:29.244 +00:00] [INF] [18] Emby.Server.Implementations.ScheduledTasks.TaskManager: "Update Plugins" Completed after 0 minute(s) and 1 seconds
[2026-09-01 17:50:32.837 +00:00] [INF] [1] MediaBrowser.MediaEncoding.Encoder.MediaEncoder: FFmpeg: "/usr/lib/jellyfin-ffmpeg/ffmpeg"
[2026-09-01 17:50:32.840 +00:00] [INF] [1] Emby.Server.Implementations.ApplicationHost: ServerId: "31a2c68aebb54a898146ddbe266b0a3b"
[2026-09-01 17:50:32.840 +00:00] [INF] [1] Emby.Server.Implementations.ApplicationHost: Core startup complete
[2026-09-01 17:50:32.841 +00:00] [INF] [1] Main: Startup complete 0:00:15.3831907
[2026-09-01 17:55:02.608 +00:00] [INF] [28] Jellyfin.Api.Helpers.MediaInfoHelper: User policy for "admin2". EnablePlaybackRemuxing: True EnableVideoPlaybackTranscoding: True EnableAudioPlaybackTranscoding: True
[2026-09-01 17:55:03.235 +00:00] [INF] [26] Jellyfin.Api.Controllers.DynamicHlsController: Current HLS implementation doesn't support non-keyframe breaks but one is requested, ignoring that request
[2026-09-01 17:55:03.281 +00:00] [INF] [26] MediaBrowser.MediaEncoding.Transcoding.TranscodeManager: "/usr/lib/jellyfin-ffmpeg/ffmpeg" "-analyzeduration 200M -probesize 1G -f matroska -init_hw_device rkmpp=rk -hwaccel rkmpp -hwaccel_output_format drm_prime -noautorotate -afbc rga -i file:\"/media/movies/The Matrix.mkv\" -noautoscale -map_metadata -1 -map_chapters -1 -threads 0 -map 0:0 -map 0:1 -map -0:s -codec:v:0 h264_rkmpp -b:v 2834925 -maxrate 2834925 -bufsize 5669850 -profile:v:0 high -level 51 -g:v:0 72 -keyint_min:v:0 72 -vf \"setparams=color_primaries=bt709:color_trc=bt709:colorspace=bt709,vpp_rkrga=format=nv12:afbc=1\" -codec:a:0 copy -copyts -avoid_negative_ts disabled -max_muxing_queue_size 2048 -f hls -max_delay 5000000 -hls_time 3 -hls_segment_type fmp4 -hls_fmp4_init_filename \"cdcc45f577d5ef684e4e3427737d7bb7-1.mp4\" -start_number 0 -hls_segment_filename \"/transcode/cdcc45f577d5ef684e4e3427737d7bb7%d.mp4\" -hls_playlist_type vod -hls_list_size 0 -hls_segment_options movflags=+frag_discont -y \"/transcode/cdcc45f577d5ef684e4e3427737d7bb7.m3u8\""
[2026-09-01 17:55:03.357 +00:00] [ERR] [26] MediaBrowser.MediaEncoding.Transcoding.TranscodeManager: FFmpeg exited with code 187
[2026-09-01 17:55:03.451 +00:00] [ERR] [29] Jellyfin.Api.Middleware.ExceptionMiddleware: Error processing request. URL "GET" "/videos/7f1a50ec-fbcc-d211-e04d-96425632e60b/hls1/main/-1.mp4".
MediaBrowser.Common.FfmpegException: FFmpeg exited with code 187
   at MediaBrowser.MediaEncoding.Transcoding.TranscodeManager.StartFfMpeg(StreamState state, String outputPath, String commandLineArguments, Guid userId, TranscodingJobType transcodingJobType, CancellationTokenSource cancellationTokenSource, String workingDirectory)
   at Jellyfin.Api.Controllers.DynamicHlsController.GetDynamicSegment(StreamingRequestDto streamingRequest, Int32 segmentId)
   at Jellyfin.Api.Controllers.DynamicHlsController.GetHlsVideoSegment(Guid itemId, String playlistId, Int32 segmentId, String container, Int64 runtimeTicks, Int64 actualSegmentLengthTicks, Nullable`1 static, String params, String tag, String deviceProfileId, String playSessionId, String segmentContainer, Nullable`1 segmentLength, Nullable`1 minSegments, String mediaSourceId, String deviceId, String audioCodec, Nullable`1 enableAutoStreamCopy, Nullable`1 allowVideoStreamCopy, Nullable`1 allowAudioStreamCopy, Nullable`1 breakOnNonKeyFrames, Nullable`1 audioSampleRate, Nullable`1 maxAudioBitDepth, Nullable`1 audioBitRate, Nullable`1 audioChannels, Nullable`1 maxAudioChannels, String profile, String level, Nullable`1 framerate, Nullable`1 maxFramerate, Nullable`1 copyTimestamps, Nullable`1 startTimeTicks, Nullable`1 width, Nullable`1 height, Nullable`1 maxWidth, Nullable`1 maxHeight, Nullable`1 videoBitRate, Nullable`1 subtitleStreamIndex, Nullable`1 subtitleMethod, Nullable`1 maxRefFrames, Nullable`1 maxVideoBitDepth, Nullable`1 requireAvc, Nullable`1 deInterlace, Nullable`1 requireNonAnamorphic, Nullable`1 transcodingMaxAudioChannels, Nullable`1 cpuCoreLimit, String liveStreamId, Nullable`1 enableMpegtsM2TsMode, String videoCodec, String subtitleCodec, String transcodeReasons, Nullable`1 audioStreamIndex, Nullable`1 videoStreamIndex, Nullable`1 context, Dictionary`2 streamOptions, Boolean enableAudioVbrEncoding, Boolean alwaysBurnInSubtitleWhenTranscoding)
   at lambda_method588(Closure, Object)
   at Microsoft.AspNetCore.Mvc.Infrastructure.ActionMethodExecutor.TaskOfActionResultExecutor.Execute(ActionContext actionContext, IActionResultTypeMapper mapper, ObjectMethodExecutor executor, Object controller, Object[] arguments)
   at Microsoft.AspNetCore.Mvc.Infrastructure.ControllerActionInvoker.<InvokeActionMethodAsync>g__Awaited|12_0(ControllerActionInvoker invoker, ValueTask`1 actionResultValueTask)
   at Microsoft.AspNetCore.Mvc.Infrastructure.ControllerActionInvoker.<InvokeNextActionFilterAsync>g__Awaited|10_0(ControllerActionInvoker invoker, Task lastTask, State next, Scope scope, Object state, Boolean isCompleted)
   at Microsoft.AspNetCore.Mvc.Infrastructure.ControllerActionInvoker.Rethrow(ActionExecutedContextSealed context)
   at Microsoft.AspNetCore.Mvc.Infrastructure.ControllerActionInvoker.Next(State& next, Scope& scope, Object& state, Boolean& isCompleted)
   at Microsoft.AspNetCore.Mvc.Infrastructure.ControllerActionInvoker.<InvokeInnerFilterAsync>g__Awaited|13_0(ControllerActionInvoker invoker, Task lastTask, State next, Scope scope, Object state, Boolean isCompleted)
   at Microsoft.AspNetCore.Mvc.Infrastructure.ResourceInvoker.<InvokeNextResourceFilter>g__Awaited|25_0(ResourceInvoker invoker, Task lastTask, State next, Scope scope, Object state, Boolean isCompleted)
   at Microsoft.AspNetCore.Mvc.Infrastructure.ResourceInvoker.Rethrow(ResourceExecutedContextSealed context)
   at Microsoft.AspNetCore.Mvc.Infrastructure.ResourceInvoker.Next(State& next, Scope& scope, Object& state, Boolean& isCompleted)
   at Microsoft.AspNetCore.Mvc.Infrastructure.ResourceInvoker.<InvokeFilterPipelineAsync>g__Awaited|20_0(ResourceInvoker invoker, Task lastTask, State next, Scope scope, Object state, Boolean isCompleted)
   at Microsoft.AspNetCore.Mvc.Infrastructure.ResourceInvoker.<InvokeAsync>g__Awaited|17_0(ResourceInvoker invoker, Task task, IDisposable scope)
   at Microsoft.AspNetCore.Mvc.Infrastructure.ResourceInvoker.<InvokeAsync>g__Awaited|17_0(ResourceInvoker invoker, Task task, IDisposable scope)
   at Jellyfin.Api.Middleware.ServerStartupMessageMiddleware.Invoke(HttpContext httpContext, IServerApplicationHost serverApplicationHost, ILocalizationManager localizationManager)
   at Jellyfin.Api.Middleware.WebSocketHandlerMiddleware.Invoke(HttpContext httpContext, IWebSocketManager webSocketManager)
   at Jellyfin.Api.Middleware.IPBasedAccessValidationMiddleware.Invoke(HttpContext httpContext, INetworkManager networkManager)
   at Jellyfin.Api.Middleware.LanFilteringMiddleware.Invoke(HttpContext httpContext, INetworkManager networkManager, IServerConfigurationManager serverConfigurationManager)
   at Microsoft.AspNetCore.Authorization.AuthorizationMiddleware.Invoke(HttpContext context)
   at Jellyfin.Api.Middleware.QueryStringDecodingMiddleware.Invoke(HttpContext httpContext)
   at Swashbuckle.AspNetCore.ReDoc.ReDocMiddleware.Invoke(HttpContext httpContext)
   at Swashbuckle.AspNetCore.SwaggerUI.SwaggerUIMiddleware.Invoke(HttpContext httpContext)
   at Swashbuckle.AspNetCore.Swagger.SwaggerMiddleware.Invoke(HttpContext httpContext, ISwaggerProvider swaggerProvider)
   at Microsoft.AspNetCore.Authentication.AuthenticationMiddleware.Invoke(HttpContext context)
   at Jellyfin.Api.Middleware.RobotsRedirectionMiddleware.Invoke(HttpContext httpContext)
   at Jellyfin.Api.Middleware.LegacyEmbyRouteRewriteMiddleware.Invoke(HttpContext httpContext)
   at Microsoft.AspNetCore.ResponseCompression.ResponseCompressionMiddleware.InvokeCore(HttpContext context)
   at Jellyfin.Api.Middleware.ResponseTimeMiddleware.Invoke(HttpContext context, IServerConfigurationManager serverConfigurationManager)
   at Jellyfin.Api.Middleware.ExceptionMiddleware.Invoke(HttpContext context)
[2026-09-01 17:55:03.610 +00:00] [INF] [26] Jellyfin.Api.Helpers.MediaInfoHelper: User policy for "admin2". EnablePlaybackRemuxing: True EnableVideoPlaybackTranscoding: True EnableAudioPlaybackTranscoding: True
[2026-09-01 17:55:03.628 +00:00] [INF] [26] MediaBrowser.MediaEncoding.Transcoding.TranscodeManager: Deleting partial stream file(s) "/transcode/cdcc45f577d5ef684e4e3427737d7bb7.m3u8"
[2026-09-01 17:55:03.734 +00:00] [INF] [26] Jellyfin.Api.Controllers.DynamicHlsController: Current HLS implementation doesn't support non-keyframe breaks but one is requested, ignoring that request
[2026-09-01 17:55:03.734 +00:00] [INF] [26] MediaBrowser.MediaEncoding.Transcoding.TranscodeManager: "/usr/lib/jellyfin-ffmpeg/ffmpeg" "-analyzeduration 200M -probesize 1G -f matroska -init_hw_device rkmpp=rk -hwaccel rkmpp -hwaccel_output_format drm_prime -noautorotate -afbc rga -i file:\"/media/movies/The Matrix.mkv\" -noautoscale -map_metadata -1 -map_chapters -1 -threads 0 -map 0:0 -map 0:1 -map -0:s -codec:v:0 h264_rkmpp -b:v 2834925 -maxrate 2834925 -bufsize 5669850 -profile:v:0 high -level 51 -g:v:0 72 -keyint_min:v:0 72 -vf \"setparams=color_primaries=bt709:color_trc=bt709:colorspace=bt709,vpp_rkrga=format=nv12:afbc=1\" -codec:a:0 copy -copyts -avoid_negative_ts disabled -max_muxing_queue_size 2048 -f hls -max_delay 5000000 -hls_time 3 -hls_segment_type fmp4 -hls_fmp4_init_filename \"ff68185424b925fbb43000a53c9ee0d1-1.mp4\" -start_number 0 -hls_segment_filename \"/transcode/ff68185424b925fbb43000a53c9ee0d1%d.mp4\" -hls_playlist_type vod -hls_list_size 0 -hls_segment_options movflags=+frag_discont -y \"/transcode/ff68185424b925fbb43000a53c9ee0d1.m3u8\""
[2026-09-01 17:55:03.791 +00:00] [ERR] [24] MediaBrowser.MediaEncoding.Transcoding.TranscodeManager: FFmpeg exited with code 187
[2026-09-01 17:55:03.885 +00:00] [ERR] [24] Jellyfin.Api.Middleware.ExceptionMiddleware: Error processing request. URL "GET" "/videos/7f1a50ec-fbcc-d211-e04d-96425632e60b/hls1/main/-1.mp4".
MediaBrowser.Common.FfmpegException: FFmpeg exited with code 187
   at MediaBrowser.MediaEncoding.Transcoding.TranscodeManager.StartFfMpeg(StreamState state, String outputPath, String commandLineArguments, Guid userId, TranscodingJobType transcodingJobType, CancellationTokenSource cancellationTokenSource, String workingDirectory)
   at Jellyfin.Api.Controllers.DynamicHlsController.GetDynamicSegment(StreamingRequestDto streamingRequest, Int32 segmentId)
   at Jellyfin.Api.Controllers.DynamicHlsController.GetHlsVideoSegment(Guid itemId, String playlistId, Int32 segmentId, String container, Int64 runtimeTicks, Int64 actualSegmentLengthTicks, Nullable`1 static, String params, String tag, String deviceProfileId, String playSessionId, String segmentContainer, Nullable`1 segmentLength, Nullable`1 minSegments, String mediaSourceId, String deviceId, String audioCodec, Nullable`1 enableAutoStreamCopy, Nullable`1 allowVideoStreamCopy, Nullable`1 allowAudioStreamCopy, Nullable`1 breakOnNonKeyFrames, Nullable`1 audioSampleRate, Nullable`1 maxAudioBitDepth, Nullable`1 audioBitRate, Nullable`1 audioChannels, Nullable`1 maxAudioChannels, String profile, String level, Nullable`1 framerate, Nullable`1 maxFramerate, Nullable`1 copyTimestamps, Nullable`1 startTimeTicks, Nullable`1 width, Nullable`1 height, Nullable`1 maxWidth, Nullable`1 maxHeight, Nullable`1 videoBitRate, Nullable`1 subtitleStreamIndex, Nullable`1 subtitleMethod, Nullable`1 maxRefFrames, Nullable`1 maxVideoBitDepth, Nullable`1 requireAvc, Nullable`1 deInterlace, Nullable`1 requireNonAnamorphic, Nullable`1 transcodingMaxAudioChannels, Nullable`1 cpuCoreLimit, String liveStreamId, Nullable`1 enableMpegtsM2TsMode, String videoCodec, String subtitleCodec, String transcodeReasons, Nullable`1 audioStreamIndex, Nullable`1 videoStreamIndex, Nullable`1 context, Dictionary`2 streamOptions, Boolean enableAudioVbrEncoding, Boolean alwaysBurnInSubtitleWhenTranscoding)
   at lambda_method588(Closure, Object)
   at Microsoft.AspNetCore.Mvc.Infrastructure.ActionMethodExecutor.TaskOfActionResultExecutor.Execute(ActionContext actionContext, IActionResultTypeMapper mapper, ObjectMethodExecutor executor, Object controller, Object[] arguments)
   at Microsoft.AspNetCore.Mvc.Infrastructure.ControllerActionInvoker.<InvokeActionMethodAsync>g__Awaited|12_0(ControllerActionInvoker invoker, ValueTask`1 actionResultValueTask)
   at Microsoft.AspNetCore.Mvc.Infrastructure.ControllerActionInvoker.<InvokeNextActionFilterAsync>g__Awaited|10_0(ControllerActionInvoker invoker, Task lastTask, State next, Scope scope, Object state, Boolean isCompleted)
   at Microsoft.AspNetCore.Mvc.Infrastructure.ControllerActionInvoker.Rethrow(ActionExecutedContextSealed context)
   at Microsoft.AspNetCore.Mvc.Infrastructure.ControllerActionInvoker.Next(State& next, Scope& scope, Object& state, Boolean& isCompleted)
   at Microsoft.AspNetCore.Mvc.Infrastructure.ControllerActionInvoker.<InvokeInnerFilterAsync>g__Awaited|13_0(ControllerActionInvoker invoker, Task lastTask, State next, Scope scope, Object state, Boolean isCompleted)
   at Microsoft.AspNetCore.Mvc.Infrastructure.ResourceInvoker.<InvokeNextResourceFilter>g__Awaited|25_0(ResourceInvoker invoker, Task lastTask, State next, Scope scope, Object state, Boolean isCompleted)
   at Microsoft.AspNetCore.Mvc.Infrastructure.ResourceInvoker.Rethrow(ResourceExecutedContextSealed context)
   at Microsoft.AspNetCore.Mvc.Infrastructure.ResourceInvoker.Next(State& next, Scope& scope, Object& state, Boolean& isCompleted)
   at Microsoft.AspNetCore.Mvc.Infrastructure.ResourceInvoker.<InvokeFilterPipelineAsync>g__Awaited|20_0(ResourceInvoker invoker, Task lastTask, State next, Scope scope, Object state, Boolean isCompleted)
   at Microsoft.AspNetCore.Mvc.Infrastructure.ResourceInvoker.<InvokeAsync>g__Awaited|17_0(ResourceInvoker invoker, Task task, IDisposable scope)
   at Microsoft.AspNetCore.Mvc.Infrastructure.ResourceInvoker.<InvokeAsync>g__Awaited|17_0(ResourceInvoker invoker, Task task, IDisposable scope)
   at Jellyfin.Api.Middleware.ServerStartupMessageMiddleware.Invoke(HttpContext httpContext, IServerApplicationHost serverApplicationHost, ILocalizationManager localizationManager)
   at Jellyfin.Api.Middleware.WebSocketHandlerMiddleware.Invoke(HttpContext httpContext, IWebSocketManager webSocketManager)
   at Jellyfin.Api.Middleware.IPBasedAccessValidationMiddleware.Invoke(HttpContext httpContext, INetworkManager networkManager)
   at Jellyfin.Api.Middleware.LanFilteringMiddleware.Invoke(HttpContext httpContext, INetworkManager networkManager, IServerConfigurationManager serverConfigurationManager)
   at Microsoft.AspNetCore.Authorization.AuthorizationMiddleware.Invoke(HttpContext context)
   at Jellyfin.Api.Middleware.QueryStringDecodingMiddleware.Invoke(HttpContext httpContext)
   at Swashbuckle.AspNetCore.ReDoc.ReDocMiddleware.Invoke(HttpContext httpContext)
   at Swashbuckle.AspNetCore.SwaggerUI.SwaggerUIMiddleware.Invoke(HttpContext httpContext)
   at Swashbuckle.AspNetCore.Swagger.SwaggerMiddleware.Invoke(HttpContext httpContext, ISwaggerProvider swaggerProvider)
   at Microsoft.AspNetCore.Authentication.AuthenticationMiddleware.Invoke(HttpContext context)
   at Jellyfin.Api.Middleware.RobotsRedirectionMiddleware.Invoke(HttpContext httpContext)
   at Jellyfin.Api.Middleware.LegacyEmbyRouteRewriteMiddleware.Invoke(HttpContext httpContext)
   at Microsoft.AspNetCore.ResponseCompression.ResponseCompressionMiddleware.InvokeCore(HttpContext context)
   at Jellyfin.Api.Middleware.ResponseTimeMiddleware.Invoke(HttpContext context, IServerConfigurationManager serverConfigurationManager)
   at Jellyfin.Api.Middleware.ExceptionMiddleware.Invoke(HttpContext context)
[2026-09-01 17:55:03.910 +00:00] [INF] [29] Jellyfin.Api.Helpers.MediaInfoHelper: User policy for "admin2". EnablePlaybackRemuxing: True EnableVideoPlaybackTranscoding: True EnableAudioPlaybackTranscoding: True
[2026-09-01 17:55:03.924 +00:00] [INF] [29] MediaBrowser.MediaEncoding.Transcoding.TranscodeManager: Deleting partial stream file(s) "/transcode/ff68185424b925fbb43000a53c9ee0d1.m3u8"
[2026-09-01 17:55:03.982 +00:00] [INF] [24] Jellyfin.Plugin.PlaybackReporting.EventMonitorEntryPoint: Adding playback tracker : TW96aWxsYS81LjAgKFdpbmRvd3MgTlQgMTAuMDsgV2luNjQ7IHg2NDsgcnY6MTU0LjApIEdlY2tvLzIwMTAwMTAxIEZpcmVmb3gvMTU0LjB8MTc4ODIxOTc2NDI5Nw11-8622faae841a48c5bb17541857a083c3-7f1a50ecfbccd211e04d96425632e60b
[2026-09-01 17:55:03.984 +00:00] [INF] [24] Jellyfin.Plugin.PlaybackReporting.Data.PlaybackTracker: PlaybackTracker : Adding Start Event : 09/01/2026 17:55:03
[2026-09-01 17:55:03.985 +00:00] [INF] [24] Jellyfin.Plugin.PlaybackReporting.EventMonitorEntryPoint: Creating StartPlaybackTimer Task
[2026-09-01 17:55:04.008 +00:00] [INF] [29] Jellyfin.Plugin.PlaybackReporting.EventMonitorEntryPoint: StartPlaybackTimer : Entered
[2026-09-01 17:55:04.023 +00:00] [INF] [24] Jellyfin.Api.Controllers.DynamicHlsController: Current HLS implementation doesn't support non-keyframe breaks but one is requested, ignoring that request
[2026-09-01 17:55:04.028 +00:00] [INF] [24] MediaBrowser.MediaEncoding.Transcoding.TranscodeManager: "/usr/lib/jellyfin-ffmpeg/ffmpeg" "-analyzeduration 200M -probesize 1G -f matroska -init_hw_device rkmpp=rk -hwaccel rkmpp -hwaccel_output_format drm_prime -noautorotate -afbc rga -i file:\"/media/movies/The Matrix.mkv\" -noautoscale -map_metadata -1 -map_chapters -1 -threads 0 -map 0:0 -map 0:1 -map -0:s -codec:v:0 h264_rkmpp -b:v 2834925 -maxrate 2834925 -bufsize 5669850 -profile:v:0 high -level 51 -g:v:0 72 -keyint_min:v:0 72 -vf \"setparams=color_primaries=bt709:color_trc=bt709:colorspace=bt709,vpp_rkrga=format=nv12:afbc=1\" -codec:a:0 libfdk_aac -ac 2 -ab 192000 -ar 48000 -copyts -avoid_negative_ts disabled -max_muxing_queue_size 2048 -f hls -max_delay 5000000 -hls_time 3 -hls_segment_type fmp4 -hls_fmp4_init_filename \"45a8649182a26716384cdbc2481f2ef4-1.mp4\" -start_number 0 -hls_segment_filename \"/transcode/45a8649182a26716384cdbc2481f2ef4%d.mp4\" -hls_playlist_type vod -hls_list_size 0 -hls_segment_options movflags=+frag_discont -y \"/transcode/45a8649182a26716384cdbc2481f2ef4.m3u8\""
[2026-09-01 17:55:04.067 +00:00] [ERR] [20] MediaBrowser.MediaEncoding.Transcoding.TranscodeManager: FFmpeg exited with code 187
[2026-09-01 17:55:04.162 +00:00] [ERR] [29] Jellyfin.Api.Middleware.ExceptionMiddleware: Error processing request. URL "GET" "/videos/7f1a50ec-fbcc-d211-e04d-96425632e60b/hls1/main/-1.mp4".
MediaBrowser.Common.FfmpegException: FFmpeg exited with code 187
   at MediaBrowser.MediaEncoding.Transcoding.TranscodeManager.StartFfMpeg(StreamState state, String outputPath, String commandLineArguments, Guid userId, TranscodingJobType transcodingJobType, CancellationTokenSource cancellationTokenSource, String workingDirectory)
   at Jellyfin.Api.Controllers.DynamicHlsController.GetDynamicSegment(StreamingRequestDto streamingRequest, Int32 segmentId)
   at Jellyfin.Api.Controllers.DynamicHlsController.GetHlsVideoSegment(Guid itemId, String playlistId, Int32 segmentId, String container, Int64 runtimeTicks, Int64 actualSegmentLengthTicks, Nullable`1 static, String params, String tag, String deviceProfileId, String playSessionId, String segmentContainer, Nullable`1 segmentLength, Nullable`1 minSegments, String mediaSourceId, String deviceId, String audioCodec, Nullable`1 enableAutoStreamCopy, Nullable`1 allowVideoStreamCopy, Nullable`1 allowAudioStreamCopy, Nullable`1 breakOnNonKeyFrames, Nullable`1 audioSampleRate, Nullable`1 maxAudioBitDepth, Nullable`1 audioBitRate, Nullable`1 audioChannels, Nullable`1 maxAudioChannels, String profile, String level, Nullable`1 framerate, Nullable`1 maxFramerate, Nullable`1 copyTimestamps, Nullable`1 startTimeTicks, Nullable`1 width, Nullable`1 height, Nullable`1 maxWidth, Nullable`1 maxHeight, Nullable`1 videoBitRate, Nullable`1 subtitleStreamIndex, Nullable`1 subtitleMethod, Nullable`1 maxRefFrames, Nullable`1 maxVideoBitDepth, Nullable`1 requireAvc, Nullable`1 deInterlace, Nullable`1 requireNonAnamorphic, Nullable`1 transcodingMaxAudioChannels, Nullable`1 cpuCoreLimit, String liveStreamId, Nullable`1 enableMpegtsM2TsMode, String videoCodec, String subtitleCodec, String transcodeReasons, Nullable`1 audioStreamIndex, Nullable`1 videoStreamIndex, Nullable`1 context, Dictionary`2 streamOptions, Boolean enableAudioVbrEncoding, Boolean alwaysBurnInSubtitleWhenTranscoding)
   at lambda_method588(Closure, Object)
   at Microsoft.AspNetCore.Mvc.Infrastructure.ActionMethodExecutor.TaskOfActionResultExecutor.Execute(ActionContext actionContext, IActionResultTypeMapper mapper, ObjectMethodExecutor executor, Object controller, Object[] arguments)
   at Microsoft.AspNetCore.Mvc.Infrastructure.ControllerActionInvoker.<InvokeActionMethodAsync>g__Awaited|12_0(ControllerActionInvoker invoker, ValueTask`1 actionResultValueTask)
   at Microsoft.AspNetCore.Mvc.Infrastructure.ControllerActionInvoker.<InvokeNextActionFilterAsync>g__Awaited|10_0(ControllerActionInvoker invoker, Task lastTask, State next, Scope scope, Object state, Boolean isCompleted)
   at Microsoft.AspNetCore.Mvc.Infrastructure.ControllerActionInvoker.Rethrow(ActionExecutedContextSealed context)
   at Microsoft.AspNetCore.Mvc.Infrastructure.ControllerActionInvoker.Next(State& next, Scope& scope, Object& state, Boolean& isCompleted)
   at Microsoft.AspNetCore.Mvc.Infrastructure.ControllerActionInvoker.<InvokeInnerFilterAsync>g__Awaited|13_0(ControllerActionInvoker invoker, Task lastTask, State next, Scope scope, Object state, Boolean isCompleted)
   at Microsoft.AspNetCore.Mvc.Infrastructure.ResourceInvoker.<InvokeNextResourceFilter>g__Awaited|25_0(ResourceInvoker invoker, Task lastTask, State next, Scope scope, Object state, Boolean isCompleted)
   at Microsoft.AspNetCore.Mvc.Infrastructure.ResourceInvoker.Rethrow(ResourceExecutedContextSealed context)
   at Microsoft.AspNetCore.Mvc.Infrastructure.ResourceInvoker.Next(State& next, Scope& scope, Object& state, Boolean& isCompleted)
   at Microsoft.AspNetCore.Mvc.Infrastructure.ResourceInvoker.<InvokeFilterPipelineAsync>g__Awaited|20_0(ResourceInvoker invoker, Task lastTask, State next, Scope scope, Object state, Boolean isCompleted)
   at Microsoft.AspNetCore.Mvc.Infrastructure.ResourceInvoker.<InvokeAsync>g__Awaited|17_0(ResourceInvoker invoker, Task task, IDisposable scope)
   at Microsoft.AspNetCore.Mvc.Infrastructure.ResourceInvoker.<InvokeAsync>g__Awaited|17_0(ResourceInvoker invoker, Task task, IDisposable scope)
   at Jellyfin.Api.Middleware.ServerStartupMessageMiddleware.Invoke(HttpContext httpContext, IServerApplicationHost serverApplicationHost, ILocalizationManager localizationManager)
   at Jellyfin.Api.Middleware.WebSocketHandlerMiddleware.Invoke(HttpContext httpContext, IWebSocketManager webSocketManager)
   at Jellyfin.Api.Middleware.IPBasedAccessValidationMiddleware.Invoke(HttpContext httpContext, INetworkManager networkManager)
   at Jellyfin.Api.Middleware.LanFilteringMiddleware.Invoke(HttpContext httpContext, INetworkManager networkManager, IServerConfigurationManager serverConfigurationManager)
   at Microsoft.AspNetCore.Authorization.AuthorizationMiddleware.Invoke(HttpContext context)
   at Jellyfin.Api.Middleware.QueryStringDecodingMiddleware.Invoke(HttpContext httpContext)
   at Swashbuckle.AspNetCore.ReDoc.ReDocMiddleware.Invoke(HttpContext httpContext)
   at Swashbuckle.AspNetCore.SwaggerUI.SwaggerUIMiddleware.Invoke(HttpContext httpContext)
   at Swashbuckle.AspNetCore.Swagger.SwaggerMiddleware.Invoke(HttpContext httpContext, ISwaggerProvider swaggerProvider)
   at Microsoft.AspNetCore.Authentication.AuthenticationMiddleware.Invoke(HttpContext context)
   at Jellyfin.Api.Middleware.RobotsRedirectionMiddleware.Invoke(HttpContext httpContext)
   at Jellyfin.Api.Middleware.LegacyEmbyRouteRewriteMiddleware.Invoke(HttpContext httpContext)
   at Microsoft.AspNetCore.ResponseCompression.ResponseCompressionMiddleware.InvokeCore(HttpContext context)
   at Jellyfin.Api.Middleware.ResponseTimeMiddleware.Invoke(HttpContext context, IServerConfigurationManager serverConfigurationManager)
   at Jellyfin.Api.Middleware.ExceptionMiddleware.Invoke(HttpContext context)
[2026-09-01 17:55:04.230 +00:00] [INF] [29] MediaBrowser.MediaEncoding.Transcoding.TranscodeManager: Deleting partial stream file(s) "/transcode/45a8649182a26716384cdbc2481f2ef4.m3u8"
[2026-09-01 17:55:05.735 +00:00] [INF] [28] Emby.Server.Implementations.Session.SessionManager: Playback stopped reported by app "Jellyfin Web" "10.10.7" playing "The Matrix". Stopped at "0" ms
[2026-09-01 17:55:05.756 +00:00] [INF] [27] Jellyfin.Plugin.PlaybackReporting.EventMonitorEntryPoint: Playback stop tracker found, processing stop : "TW96aWxsYS81LjAgKFdpbmRvd3MgTlQgMTAuMDsgV2luNjQ7IHg2NDsgcnY6MTU0LjApIEdlY2tvLzIwMTAwMTAxIEZpcmVmb3gvMTU0LjB8MTc4ODIxOTc2NDI5Nw11-8622faae841a48c5bb17541857a083c3-7f1a50ecfbccd211e04d96425632e60b"
[2026-09-01 17:55:05.757 +00:00] [INF] [27] Jellyfin.Plugin.PlaybackReporting.Data.PlaybackTracker: PlaybackTracker : Adding Stop Event : 09/01/2026 17:55:05
[2026-09-01 17:55:05.763 +00:00] [INF] [27] Jellyfin.Plugin.PlaybackReporting.EventMonitorEntryPoint: Playback stop but TrackedPlaybackInfo not found! not storing activity in DB
[2026-09-01 17:55:13.146 +00:00] [INF] [25] Jellyfin.Api.Helpers.MediaInfoHelper: User policy for "admin2". EnablePlaybackRemuxing: True EnableVideoPlaybackTranscoding: True EnableAudioPlaybackTranscoding: True
[2026-09-01 17:55:13.515 +00:00] [INF] [30] Jellyfin.Api.Controllers.DynamicHlsController: Current HLS implementation doesn't support non-keyframe breaks but one is requested, ignoring that request
[2026-09-01 17:55:13.516 +00:00] [INF] [30] MediaBrowser.MediaEncoding.Transcoding.TranscodeManager: "/usr/lib/jellyfin-ffmpeg/ffmpeg" "-analyzeduration 200M -probesize 1G -f matroska -init_hw_device rkmpp=rk -hwaccel rkmpp -hwaccel_output_format drm_prime -noautorotate -afbc rga -i file:\"/media/movies/Aliens/Aliens.mkv\" -noautoscale -map_metadata -1 -map_chapters -1 -threads 0 -map 0:0 -map 0:1 -map -0:s -codec:v:0 h264_rkmpp -b:v 4233536 -maxrate 4233536 -bufsize 8467072 -profile:v:0 high -level 51 -g:v:0 72 -keyint_min:v:0 72 -vf \"setparams=color_primaries=bt709:color_trc=bt709:colorspace=bt709,vpp_rkrga=format=nv12:afbc=1\" -codec:a:0 copy -copyts -avoid_negative_ts disabled -max_muxing_queue_size 2048 -f hls -max_delay 5000000 -hls_time 3 -hls_segment_type fmp4 -hls_fmp4_init_filename \"e4c43d705979353f52a0de447b8a7b5c-1.mp4\" -start_number 0 -hls_segment_filename \"/transcode/e4c43d705979353f52a0de447b8a7b5c%d.mp4\" -hls_playlist_type vod -hls_list_size 0 -hls_segment_options movflags=+frag_discont -y \"/transcode/e4c43d705979353f52a0de447b8a7b5c.m3u8\""
[2026-09-01 17:55:13.581 +00:00] [ERR] [30] MediaBrowser.MediaEncoding.Transcoding.TranscodeManager: FFmpeg exited with code 187
[2026-09-01 17:55:13.665 +00:00] [ERR] [30] Jellyfin.Api.Middleware.ExceptionMiddleware: Error processing request. URL "GET" "/videos/1926c303-d463-78f6-f1e2-8a97132c87c1/hls1/main/-1.mp4".
MediaBrowser.Common.FfmpegException: FFmpeg exited with code 187
   at MediaBrowser.MediaEncoding.Transcoding.TranscodeManager.StartFfMpeg(StreamState state, String outputPath, String commandLineArguments, Guid userId, TranscodingJobType transcodingJobType, CancellationTokenSource cancellationTokenSource, String workingDirectory)
   at Jellyfin.Api.Controllers.DynamicHlsController.GetDynamicSegment(StreamingRequestDto streamingRequest, Int32 segmentId)
   at Jellyfin.Api.Controllers.DynamicHlsController.GetHlsVideoSegment(Guid itemId, String playlistId, Int32 segmentId, String container, Int64 runtimeTicks, Int64 actualSegmentLengthTicks, Nullable`1 static, String params, String tag, String deviceProfileId, String playSessionId, String segmentContainer, Nullable`1 segmentLength, Nullable`1 minSegments, String mediaSourceId, String deviceId, String audioCodec, Nullable`1 enableAutoStreamCopy, Nullable`1 allowVideoStreamCopy, Nullable`1 allowAudioStreamCopy, Nullable`1 breakOnNonKeyFrames, Nullable`1 audioSampleRate, Nullable`1 maxAudioBitDepth, Nullable`1 audioBitRate, Nullable`1 audioChannels, Nullable`1 maxAudioChannels, String profile, String level, Nullable`1 framerate, Nullable`1 maxFramerate, Nullable`1 copyTimestamps, Nullable`1 startTimeTicks, Nullable`1 width, Nullable`1 height, Nullable`1 maxWidth, Nullable`1 maxHeight, Nullable`1 videoBitRate, Nullable`1 subtitleStreamIndex, Nullable`1 subtitleMethod, Nullable`1 maxRefFrames, Nullable`1 maxVideoBitDepth, Nullable`1 requireAvc, Nullable`1 deInterlace, Nullable`1 requireNonAnamorphic, Nullable`1 transcodingMaxAudioChannels, Nullable`1 cpuCoreLimit, String liveStreamId, Nullable`1 enableMpegtsM2TsMode, String videoCodec, String subtitleCodec, String transcodeReasons, Nullable`1 audioStreamIndex, Nullable`1 videoStreamIndex, Nullable`1 context, Dictionary`2 streamOptions, Boolean enableAudioVbrEncoding, Boolean alwaysBurnInSubtitleWhenTranscoding)
   at lambda_method588(Closure, Object)
   at Microsoft.AspNetCore.Mvc.Infrastructure.ActionMethodExecutor.TaskOfActionResultExecutor.Execute(ActionContext actionContext, IActionResultTypeMapper mapper, ObjectMethodExecutor executor, Object controller, Object[] arguments)
   at Microsoft.AspNetCore.Mvc.Infrastructure.ControllerActionInvoker.<InvokeActionMethodAsync>g__Awaited|12_0(ControllerActionInvoker invoker, ValueTask`1 actionResultValueTask)
   at Microsoft.AspNetCore.Mvc.Infrastructure.ControllerActionInvoker.<InvokeNextActionFilterAsync>g__Awaited|10_0(ControllerActionInvoker invoker, Task lastTask, State next, Scope scope, Object state, Boolean isCompleted)
   at Microsoft.AspNetCore.Mvc.Infrastructure.ControllerActionInvoker.Rethrow(ActionExecutedContextSealed context)
   at Microsoft.AspNetCore.Mvc.Infrastructure.ControllerActionInvoker.Next(State& next, Scope& scope, Object& state, Boolean& isCompleted)
   at Microsoft.AspNetCore.Mvc.Infrastructure.ControllerActionInvoker.<InvokeInnerFilterAsync>g__Awaited|13_0(ControllerActionInvoker invoker, Task lastTask, State next, Scope scope, Object state, Boolean isCompleted)
   at Microsoft.AspNetCore.Mvc.Infrastructure.ResourceInvoker.<InvokeNextResourceFilter>g__Awaited|25_0(ResourceInvoker invoker, Task lastTask, State next, Scope scope, Object state, Boolean isCompleted)
   at Microsoft.AspNetCore.Mvc.Infrastructure.ResourceInvoker.Rethrow(ResourceExecutedContextSealed context)
   at Microsoft.AspNetCore.Mvc.Infrastructure.ResourceInvoker.Next(State& next, Scope& scope, Object& state, Boolean& isCompleted)
   at Microsoft.AspNetCore.Mvc.Infrastructure.ResourceInvoker.<InvokeFilterPipelineAsync>g__Awaited|20_0(ResourceInvoker invoker, Task lastTask, State next, Scope scope, Object state, Boolean isCompleted)
   at Microsoft.AspNetCore.Mvc.Infrastructure.ResourceInvoker.<InvokeAsync>g__Awaited|17_0(ResourceInvoker invoker, Task task, IDisposable scope)
   at Microsoft.AspNetCore.Mvc.Infrastructure.ResourceInvoker.<InvokeAsync>g__Awaited|17_0(ResourceInvoker invoker, Task task, IDisposable scope)
   at Jellyfin.Api.Middleware.ServerStartupMessageMiddleware.Invoke(HttpContext httpContext, IServerApplicationHost serverApplicationHost, ILocalizationManager localizationManager)
   at Jellyfin.Api.Middleware.WebSocketHandlerMiddleware.Invoke(HttpContext httpContext, IWebSocketManager webSocketManager)
   at Jellyfin.Api.Middleware.IPBasedAccessValidationMiddleware.Invoke(HttpContext httpContext, INetworkManager networkManager)
   at Jellyfin.Api.Middleware.LanFilteringMiddleware.Invoke(HttpContext httpContext, INetworkManager networkManager, IServerConfigurationManager serverConfigurationManager)
   at Microsoft.AspNetCore.Authorization.AuthorizationMiddleware.Invoke(HttpContext context)
   at Jellyfin.Api.Middleware.QueryStringDecodingMiddleware.Invoke(HttpContext httpContext)
   at Swashbuckle.AspNetCore.ReDoc.ReDocMiddleware.Invoke(HttpContext httpContext)
   at Swashbuckle.AspNetCore.SwaggerUI.SwaggerUIMiddleware.Invoke(HttpContext httpContext)
   at Swashbuckle.AspNetCore.Swagger.SwaggerMiddleware.Invoke(HttpContext httpContext, ISwaggerProvider swaggerProvider)
   at Microsoft.AspNetCore.Authentication.AuthenticationMiddleware.Invoke(HttpContext context)
   at Jellyfin.Api.Middleware.RobotsRedirectionMiddleware.Invoke(HttpContext httpContext)
   at Jellyfin.Api.Middleware.LegacyEmbyRouteRewriteMiddleware.Invoke(HttpContext httpContext)
   at Microsoft.AspNetCore.ResponseCompression.ResponseCompressionMiddleware.InvokeCore(HttpContext context)
   at Jellyfin.Api.Middleware.ResponseTimeMiddleware.Invoke(HttpContext context, IServerConfigurationManager serverConfigurationManager)
   at Jellyfin.Api.Middleware.ExceptionMiddleware.Invoke(HttpContext context)
[2026-09-01 17:55:13.735 +00:00] [INF] [27] Jellyfin.Plugin.PlaybackReporting.EventMonitorEntryPoint: Adding playback tracker : TW96aWxsYS81LjAgKFdpbmRvd3MgTlQgMTAuMDsgV2luNjQ7IHg2NDsgcnY6MTU0LjApIEdlY2tvLzIwMTAwMTAxIEZpcmVmb3gvMTU0LjB8MTc4ODIxOTc2NDI5Nw11-8622faae841a48c5bb17541857a083c3-1926c303d46378f6f1e28a97132c87c1
[2026-09-01 17:55:13.735 +00:00] [INF] [27] Jellyfin.Plugin.PlaybackReporting.Data.PlaybackTracker: PlaybackTracker : Adding Start Event : 09/01/2026 17:55:13
[2026-09-01 17:55:13.735 +00:00] [INF] [27] Jellyfin.Plugin.PlaybackReporting.EventMonitorEntryPoint: Creating StartPlaybackTimer Task
[2026-09-01 17:55:13.735 +00:00] [INF] [30] Jellyfin.Plugin.PlaybackReporting.EventMonitorEntryPoint: StartPlaybackTimer : Entered
[2026-09-01 17:55:13.792 +00:00] [INF] [26] Jellyfin.Api.Helpers.MediaInfoHelper: User policy for "admin2". EnablePlaybackRemuxing: True EnableVideoPlaybackTranscoding: True EnableAudioPlaybackTranscoding: True
[2026-09-01 17:55:13.801 +00:00] [INF] [26] MediaBrowser.MediaEncoding.Transcoding.TranscodeManager: Deleting partial stream file(s) "/transcode/e4c43d705979353f52a0de447b8a7b5c.m3u8"
[2026-09-01 17:55:13.911 +00:00] [INF] [26] Jellyfin.Api.Controllers.DynamicHlsController: Current HLS implementation doesn't support non-keyframe breaks but one is requested, ignoring that request
[2026-09-01 17:55:13.912 +00:00] [INF] [26] MediaBrowser.MediaEncoding.Transcoding.TranscodeManager: "/usr/lib/jellyfin-ffmpeg/ffmpeg" "-analyzeduration 200M -probesize 1G -f matroska -init_hw_device rkmpp=rk -hwaccel rkmpp -hwaccel_output_format drm_prime -noautorotate -afbc rga -i file:\"/media/movies/Aliens/Aliens.mkv\" -noautoscale -map_metadata -1 -map_chapters -1 -threads 0 -map 0:0 -map 0:1 -map -0:s -codec:v:0 h264_rkmpp -b:v 4233536 -maxrate 4233536 -bufsize 8467072 -profile:v:0 high -level 51 -g:v:0 72 -keyint_min:v:0 72 -vf \"setparams=color_primaries=bt709:color_trc=bt709:colorspace=bt709,vpp_rkrga=format=nv12:afbc=1\" -codec:a:0 copy -copyts -avoid_negative_ts disabled -max_muxing_queue_size 2048 -f hls -max_delay 5000000 -hls_time 3 -hls_segment_type fmp4 -hls_fmp4_init_filename \"4a754996262aa4f866cd504b9be25064-1.mp4\" -start_number 0 -hls_segment_filename \"/transcode/4a754996262aa4f866cd504b9be25064%d.mp4\" -hls_playlist_type vod -hls_list_size 0 -hls_segment_options movflags=+frag_discont -y \"/transcode/4a754996262aa4f866cd504b9be25064.m3u8\""
[2026-09-01 17:55:13.971 +00:00] [ERR] [26] MediaBrowser.MediaEncoding.Transcoding.TranscodeManager: FFmpeg exited with code 187
[2026-09-01 17:55:14.064 +00:00] [ERR] [27] Jellyfin.Api.Middleware.ExceptionMiddleware: Error processing request. URL "GET" "/videos/1926c303-d463-78f6-f1e2-8a97132c87c1/hls1/main/-1.mp4".
MediaBrowser.Common.FfmpegException: FFmpeg exited with code 187
   at MediaBrowser.MediaEncoding.Transcoding.TranscodeManager.StartFfMpeg(StreamState state, String outputPath, String commandLineArguments, Guid userId, TranscodingJobType transcodingJobType, CancellationTokenSource cancellationTokenSource, String workingDirectory)
   at Jellyfin.Api.Controllers.DynamicHlsController.GetDynamicSegment(StreamingRequestDto streamingRequest, Int32 segmentId)
   at Jellyfin.Api.Controllers.DynamicHlsController.GetHlsVideoSegment(Guid itemId, String playlistId, Int32 segmentId, String container, Int64 runtimeTicks, Int64 actualSegmentLengthTicks, Nullable`1 static, String params, String tag, String deviceProfileId, String playSessionId, String segmentContainer, Nullable`1 segmentLength, Nullable`1 minSegments, String mediaSourceId, String deviceId, String audioCodec, Nullable`1 enableAutoStreamCopy, Nullable`1 allowVideoStreamCopy, Nullable`1 allowAudioStreamCopy, Nullable`1 breakOnNonKeyFrames, Nullable`1 audioSampleRate, Nullable`1 maxAudioBitDepth, Nullable`1 audioBitRate, Nullable`1 audioChannels, Nullable`1 maxAudioChannels, String profile, String level, Nullable`1 framerate, Nullable`1 maxFramerate, Nullable`1 copyTimestamps, Nullable`1 startTimeTicks, Nullable`1 width, Nullable`1 height, Nullable`1 maxWidth, Nullable`1 maxHeight, Nullable`1 videoBitRate, Nullable`1 subtitleStreamIndex, Nullable`1 subtitleMethod, Nullable`1 maxRefFrames, Nullable`1 maxVideoBitDepth, Nullable`1 requireAvc, Nullable`1 deInterlace, Nullable`1 requireNonAnamorphic, Nullable`1 transcodingMaxAudioChannels, Nullable`1 cpuCoreLimit, String liveStreamId, Nullable`1 enableMpegtsM2TsMode, String videoCodec, String subtitleCodec, String transcodeReasons, Nullable`1 audioStreamIndex, Nullable`1 videoStreamIndex, Nullable`1 context, Dictionary`2 streamOptions, Boolean enableAudioVbrEncoding, Boolean alwaysBurnInSubtitleWhenTranscoding)
   at lambda_method588(Closure, Object)
   at Microsoft.AspNetCore.Mvc.Infrastructure.ActionMethodExecutor.TaskOfActionResultExecutor.Execute(ActionContext actionContext, IActionResultTypeMapper mapper, ObjectMethodExecutor executor, Object controller, Object[] arguments)
   at Microsoft.AspNetCore.Mvc.Infrastructure.ControllerActionInvoker.<InvokeActionMethodAsync>g__Awaited|12_0(ControllerActionInvoker invoker, ValueTask`1 actionResultValueTask)
   at Microsoft.AspNetCore.Mvc.Infrastructure.ControllerActionInvoker.<InvokeNextActionFilterAsync>g__Awaited|10_0(ControllerActionInvoker invoker, Task lastTask, State next, Scope scope, Object state, Boolean isCompleted)
   at Microsoft.AspNetCore.Mvc.Infrastructure.ControllerActionInvoker.Rethrow(ActionExecutedContextSealed context)
   at Microsoft.AspNetCore.Mvc.Infrastructure.ControllerActionInvoker.Next(State& next, Scope& scope, Object& state, Boolean& isCompleted)
   at Microsoft.AspNetCore.Mvc.Infrastructure.ControllerActionInvoker.<InvokeInnerFilterAsync>g__Awaited|13_0(ControllerActionInvoker invoker, Task lastTask, State next, Scope scope, Object state, Boolean isCompleted)
   at Microsoft.AspNetCore.Mvc.Infrastructure.ResourceInvoker.<InvokeNextResourceFilter>g__Awaited|25_0(ResourceInvoker invoker, Task lastTask, State next, Scope scope, Object state, Boolean isCompleted)
   at Microsoft.AspNetCore.Mvc.Infrastructure.ResourceInvoker.Rethrow(ResourceExecutedContextSealed context)
   at Microsoft.AspNetCore.Mvc.Infrastructure.ResourceInvoker.Next(State& next, Scope& scope, Object& state, Boolean& isCompleted)
   at Microsoft.AspNetCore.Mvc.Infrastructure.ResourceInvoker.<InvokeFilterPipelineAsync>g__Awaited|20_0(ResourceInvoker invoker, Task lastTask, State next, Scope scope, Object state, Boolean isCompleted)
   at Microsoft.AspNetCore.Mvc.Infrastructure.ResourceInvoker.<InvokeAsync>g__Awaited|17_0(ResourceInvoker invoker, Task task, IDisposable scope)
   at Microsoft.AspNetCore.Mvc.Infrastructure.ResourceInvoker.<InvokeAsync>g__Awaited|17_0(ResourceInvoker invoker, Task task, IDisposable scope)
   at Jellyfin.Api.Middleware.ServerStartupMessageMiddleware.Invoke(HttpContext httpContext, IServerApplicationHost serverApplicationHost, ILocalizationManager localizationManager)
   at Jellyfin.Api.Middleware.WebSocketHandlerMiddleware.Invoke(HttpContext httpContext, IWebSocketManager webSocketManager)
   at Jellyfin.Api.Middleware.IPBasedAccessValidationMiddleware.Invoke(HttpContext httpContext, INetworkManager networkManager)
   at Jellyfin.Api.Middleware.LanFilteringMiddleware.Invoke(HttpContext httpContext, INetworkManager networkManager, IServerConfigurationManager serverConfigurationManager)
   at Microsoft.AspNetCore.Authorization.AuthorizationMiddleware.Invoke(HttpContext context)
   at Jellyfin.Api.Middleware.QueryStringDecodingMiddleware.Invoke(HttpContext httpContext)
   at Swashbuckle.AspNetCore.ReDoc.ReDocMiddleware.Invoke(HttpContext httpContext)
   at Swashbuckle.AspNetCore.SwaggerUI.SwaggerUIMiddleware.Invoke(HttpContext httpContext)
   at Swashbuckle.AspNetCore.Swagger.SwaggerMiddleware.Invoke(HttpContext httpContext, ISwaggerProvider swaggerProvider)
   at Microsoft.AspNetCore.Authentication.AuthenticationMiddleware.Invoke(HttpContext context)
   at Jellyfin.Api.Middleware.RobotsRedirectionMiddleware.Invoke(HttpContext httpContext)
   at Jellyfin.Api.Middleware.LegacyEmbyRouteRewriteMiddleware.Invoke(HttpContext httpContext)
   at Microsoft.AspNetCore.ResponseCompression.ResponseCompressionMiddleware.InvokeCore(HttpContext context)
   at Jellyfin.Api.Middleware.ResponseTimeMiddleware.Invoke(HttpContext context, IServerConfigurationManager serverConfigurationManager)
   at Jellyfin.Api.Middleware.ExceptionMiddleware.Invoke(HttpContext context)
[2026-09-01 17:55:14.089 +00:00] [INF] [28] Jellyfin.Api.Helpers.MediaInfoHelper: User policy for "admin2". EnablePlaybackRemuxing: True EnableVideoPlaybackTranscoding: True EnableAudioPlaybackTranscoding: True
[2026-09-01 17:55:14.109 +00:00] [INF] [26] MediaBrowser.MediaEncoding.Transcoding.TranscodeManager: Deleting partial stream file(s) "/transcode/4a754996262aa4f866cd504b9be25064.m3u8"
[2026-09-01 17:55:14.209 +00:00] [INF] [28] Jellyfin.Api.Controllers.DynamicHlsController: Current HLS implementation doesn't support non-keyframe breaks but one is requested, ignoring that request
[2026-09-01 17:55:14.210 +00:00] [INF] [28] MediaBrowser.MediaEncoding.Transcoding.TranscodeManager: "/usr/lib/jellyfin-ffmpeg/ffmpeg" "-analyzeduration 200M -probesize 1G -f matroska -init_hw_device rkmpp=rk -hwaccel rkmpp -hwaccel_output_format drm_prime -noautorotate -afbc rga -i file:\"/media/movies/Aliens/Aliens.mkv\" -noautoscale -map_metadata -1 -map_chapters -1 -threads 0 -map 0:0 -map 0:1 -map -0:s -codec:v:0 h264_rkmpp -b:v 4233536 -maxrate 4233536 -bufsize 8467072 -profile:v:0 high -level 51 -g:v:0 72 -keyint_min:v:0 72 -vf \"setparams=color_primaries=bt709:color_trc=bt709:colorspace=bt709,vpp_rkrga=format=nv12:afbc=1\" -codec:a:0 libfdk_aac -ac 2 -ab 192000 -ar 48000 -copyts -avoid_negative_ts disabled -max_muxing_queue_size 2048 -f hls -max_delay 5000000 -hls_time 3 -hls_segment_type fmp4 -hls_fmp4_init_filename \"9a5e2ca159bfaef058c274919567a94d-1.mp4\" -start_number 0 -hls_segment_filename \"/transcode/9a5e2ca159bfaef058c274919567a94d%d.mp4\" -hls_playlist_type vod -hls_list_size 0 -hls_segment_options movflags=+frag_discont -y \"/transcode/9a5e2ca159bfaef058c274919567a94d.m3u8\""
[2026-09-01 17:55:14.282 +00:00] [ERR] [26] MediaBrowser.MediaEncoding.Transcoding.TranscodeManager: FFmpeg exited with code 187
[2026-09-01 17:55:14.369 +00:00] [ERR] [28] Jellyfin.Api.Middleware.ExceptionMiddleware: Error processing request. URL "GET" "/videos/1926c303-d463-78f6-f1e2-8a97132c87c1/hls1/main/-1.mp4".
MediaBrowser.Common.FfmpegException: FFmpeg exited with code 187
   at MediaBrowser.MediaEncoding.Transcoding.TranscodeManager.StartFfMpeg(StreamState state, String outputPath, String commandLineArguments, Guid userId, TranscodingJobType transcodingJobType, CancellationTokenSource cancellationTokenSource, String workingDirectory)
   at Jellyfin.Api.Controllers.DynamicHlsController.GetDynamicSegment(StreamingRequestDto streamingRequest, Int32 segmentId)
   at Jellyfin.Api.Controllers.DynamicHlsController.GetHlsVideoSegment(Guid itemId, String playlistId, Int32 segmentId, String container, Int64 runtimeTicks, Int64 actualSegmentLengthTicks, Nullable`1 static, String params, String tag, String deviceProfileId, String playSessionId, String segmentContainer, Nullable`1 segmentLength, Nullable`1 minSegments, String mediaSourceId, String deviceId, String audioCodec, Nullable`1 enableAutoStreamCopy, Nullable`1 allowVideoStreamCopy, Nullable`1 allowAudioStreamCopy, Nullable`1 breakOnNonKeyFrames, Nullable`1 audioSampleRate, Nullable`1 maxAudioBitDepth, Nullable`1 audioBitRate, Nullable`1 audioChannels, Nullable`1 maxAudioChannels, String profile, String level, Nullable`1 framerate, Nullable`1 maxFramerate, Nullable`1 copyTimestamps, Nullable`1 startTimeTicks, Nullable`1 width, Nullable`1 height, Nullable`1 maxWidth, Nullable`1 maxHeight, Nullable`1 videoBitRate, Nullable`1 subtitleStreamIndex, Nullable`1 subtitleMethod, Nullable`1 maxRefFrames, Nullable`1 maxVideoBitDepth, Nullable`1 requireAvc, Nullable`1 deInterlace, Nullable`1 requireNonAnamorphic, Nullable`1 transcodingMaxAudioChannels, Nullable`1 cpuCoreLimit, String liveStreamId, Nullable`1 enableMpegtsM2TsMode, String videoCodec, String subtitleCodec, String transcodeReasons, Nullable`1 audioStreamIndex, Nullable`1 videoStreamIndex, Nullable`1 context, Dictionary`2 streamOptions, Boolean enableAudioVbrEncoding, Boolean alwaysBurnInSubtitleWhenTranscoding)
   at lambda_method588(Closure, Object)
   at Microsoft.AspNetCore.Mvc.Infrastructure.ActionMethodExecutor.TaskOfActionResultExecutor.Execute(ActionContext actionContext, IActionResultTypeMapper mapper, ObjectMethodExecutor executor, Object controller, Object[] arguments)
   at Microsoft.AspNetCore.Mvc.Infrastructure.ControllerActionInvoker.<InvokeActionMethodAsync>g__Awaited|12_0(ControllerActionInvoker invoker, ValueTask`1 actionResultValueTask)
   at Microsoft.AspNetCore.Mvc.Infrastructure.ControllerActionInvoker.<InvokeNextActionFilterAsync>g__Awaited|10_0(ControllerActionInvoker invoker, Task lastTask, State next, Scope scope, Object state, Boolean isCompleted)
   at Microsoft.AspNetCore.Mvc.Infrastructure.ControllerActionInvoker.Rethrow(ActionExecutedContextSealed context)
   at Microsoft.AspNetCore.Mvc.Infrastructure.ControllerActionInvoker.Next(State& next, Scope& scope, Object& state, Boolean& isCompleted)
   at Microsoft.AspNetCore.Mvc.Infrastructure.ControllerActionInvoker.<InvokeInnerFilterAsync>g__Awaited|13_0(ControllerActionInvoker invoker, Task lastTask, State next, Scope scope, Object state, Boolean isCompleted)
   at Microsoft.AspNetCore.Mvc.Infrastructure.ResourceInvoker.<InvokeNextResourceFilter>g__Awaited|25_0(ResourceInvoker invoker, Task lastTask, State next, Scope scope, Object state, Boolean isCompleted)
   at Microsoft.AspNetCore.Mvc.Infrastructure.ResourceInvoker.Rethrow(ResourceExecutedContextSealed context)
   at Microsoft.AspNetCore.Mvc.Infrastructure.ResourceInvoker.Next(State& next, Scope& scope, Object& state, Boolean& isCompleted)
   at Microsoft.AspNetCore.Mvc.Infrastructure.ResourceInvoker.<InvokeFilterPipelineAsync>g__Awaited|20_0(ResourceInvoker invoker, Task lastTask, State next, Scope scope, Object state, Boolean isCompleted)
   at Microsoft.AspNetCore.Mvc.Infrastructure.ResourceInvoker.<InvokeAsync>g__Awaited|17_0(ResourceInvoker invoker, Task task, IDisposable scope)
   at Microsoft.AspNetCore.Mvc.Infrastructure.ResourceInvoker.<InvokeAsync>g__Awaited|17_0(ResourceInvoker invoker, Task task, IDisposable scope)
   at Jellyfin.Api.Middleware.ServerStartupMessageMiddleware.Invoke(HttpContext httpContext, IServerApplicationHost serverApplicationHost, ILocalizationManager localizationManager)
   at Jellyfin.Api.Middleware.WebSocketHandlerMiddleware.Invoke(HttpContext httpContext, IWebSocketManager webSocketManager)
   at Jellyfin.Api.Middleware.IPBasedAccessValidationMiddleware.Invoke(HttpContext httpContext, INetworkManager networkManager)
   at Jellyfin.Api.Middleware.LanFilteringMiddleware.Invoke(HttpContext httpContext, INetworkManager networkManager, IServerConfigurationManager serverConfigurationManager)
   at Microsoft.AspNetCore.Authorization.AuthorizationMiddleware.Invoke(HttpContext context)
   at Jellyfin.Api.Middleware.QueryStringDecodingMiddleware.Invoke(HttpContext httpContext)
   at Swashbuckle.AspNetCore.ReDoc.ReDocMiddleware.Invoke(HttpContext httpContext)
   at Swashbuckle.AspNetCore.SwaggerUI.SwaggerUIMiddleware.Invoke(HttpContext httpContext)
   at Swashbuckle.AspNetCore.Swagger.SwaggerMiddleware.Invoke(HttpContext httpContext, ISwaggerProvider swaggerProvider)
   at Microsoft.AspNetCore.Authentication.AuthenticationMiddleware.Invoke(HttpContext context)
   at Jellyfin.Api.Middleware.RobotsRedirectionMiddleware.Invoke(HttpContext httpContext)
   at Jellyfin.Api.Middleware.LegacyEmbyRouteRewriteMiddleware.Invoke(HttpContext httpContext)
   at Microsoft.AspNetCore.ResponseCompression.ResponseCompressionMiddleware.InvokeCore(HttpContext context)
   at Jellyfin.Api.Middleware.ResponseTimeMiddleware.Invoke(HttpContext context, IServerConfigurationManager serverConfigurationManager)
   at Jellyfin.Api.Middleware.ExceptionMiddleware.Invoke(HttpContext context)
[2026-09-01 17:55:14.394 +00:00] [INF] [27] MediaBrowser.MediaEncoding.Transcoding.TranscodeManager: Deleting partial stream file(s) "/transcode/9a5e2ca159bfaef058c274919567a94d.m3u8"
[2026-09-01 17:55:15.898 +00:00] [INF] [27] Emby.Server.Implementations.Session.SessionManager: Playback stopped reported by app "Jellyfin Web" "10.10.7" playing "Aliens". Stopped at "0" ms
[2026-09-01 17:55:15.914 +00:00] [INF] [28] Jellyfin.Plugin.PlaybackReporting.EventMonitorEntryPoint: Playback stop tracker found, processing stop : "TW96aWxsYS81LjAgKFdpbmRvd3MgTlQgMTAuMDsgV2luNjQ7IHg2NDsgcnY6MTU0LjApIEdlY2tvLzIwMTAwMTAxIEZpcmVmb3gvMTU0LjB8MTc4ODIxOTc2NDI5Nw11-8622faae841a48c5bb17541857a083c3-1926c303d46378f6f1e28a97132c87c1"
[2026-09-01 17:55:15.915 +00:00] [INF] [28] Jellyfin.Plugin.PlaybackReporting.Data.PlaybackTracker: PlaybackTracker : Adding Stop Event : 09/01/2026 17:55:15
[2026-09-01 17:55:15.915 +00:00] [INF] [28] Jellyfin.Plugin.PlaybackReporting.EventMonitorEntryPoint: Playback stop but TrackedPlaybackInfo not found! not storing activity in DB
[2026-09-01 17:55:24.016 +00:00] [INF] [30] Jellyfin.Plugin.PlaybackReporting.EventMonitorEntryPoint: session.RemoteEndPoint : "127.0.0.1"
[2026-09-01 17:55:24.020 +00:00] [INF] [30] Jellyfin.Plugin.PlaybackReporting.EventMonitorEntryPoint: StartPlaybackTimer : event_playing_id     = "7f1a50ecfbccd211e04d96425632e60b"
[2026-09-01 17:55:24.020 +00:00] [INF] [30] Jellyfin.Plugin.PlaybackReporting.EventMonitorEntryPoint: StartPlaybackTimer : event_user_id        = "8622faae841a48c5bb17541857a083c3"
[2026-09-01 17:55:24.020 +00:00] [INF] [30] Jellyfin.Plugin.PlaybackReporting.EventMonitorEntryPoint: StartPlaybackTimer : event_user_id_int    = 1
[2026-09-01 17:55:24.021 +00:00] [INF] [30] Jellyfin.Plugin.PlaybackReporting.EventMonitorEntryPoint: StartPlaybackTimer : session_playing_id   = ""
[2026-09-01 17:55:24.021 +00:00] [INF] [30] Jellyfin.Plugin.PlaybackReporting.EventMonitorEntryPoint: StartPlaybackTimer : session_user_id      = "8622faae841a48c5bb17541857a083c3"
[2026-09-01 17:55:24.021 +00:00] [INF] [30] Jellyfin.Plugin.PlaybackReporting.EventMonitorEntryPoint: StartPlaybackTimer : play_method          = "na"
[2026-09-01 17:55:24.021 +00:00] [INF] [30] Jellyfin.Plugin.PlaybackReporting.EventMonitorEntryPoint: StartPlaybackTimer : e.ClientName         = "Jellyfin Web"
[2026-09-01 17:55:24.021 +00:00] [INF] [30] Jellyfin.Plugin.PlaybackReporting.EventMonitorEntryPoint: StartPlaybackTimer : e.DeviceName         = "Firefox"
[2026-09-01 17:55:24.021 +00:00] [INF] [30] Jellyfin.Plugin.PlaybackReporting.EventMonitorEntryPoint: StartPlaybackTimer : ItemName             = "The Matrix"
[2026-09-01 17:55:24.021 +00:00] [INF] [30] Jellyfin.Plugin.PlaybackReporting.EventMonitorEntryPoint: StartPlaybackTimer : ItemId               = "7f1a50ecfbccd211e04d96425632e60b"
[2026-09-01 17:55:24.021 +00:00] [INF] [30] Jellyfin.Plugin.PlaybackReporting.EventMonitorEntryPoint: StartPlaybackTimer : ItemType             = "Movie"
[2026-09-01 17:55:24.021 +00:00] [INF] [30] Jellyfin.Plugin.PlaybackReporting.EventMonitorEntryPoint: StartPlaybackTimer : Details do not match for play item
[2026-09-01 17:55:24.021 +00:00] [INF] [30] Jellyfin.Plugin.PlaybackReporting.EventMonitorEntryPoint: StartPlaybackTimer : Exited
[2026-09-01 17:55:27.862 +00:00] [INF] [26] Jellyfin.Api.Helpers.MediaInfoHelper: User policy for "admin2". EnablePlaybackRemuxing: True EnableVideoPlaybackTranscoding: True EnableAudioPlaybackTranscoding: True
[2026-09-01 17:55:28.398 +00:00] [INF] [26] Jellyfin.Plugin.PlaybackReporting.EventMonitorEntryPoint: Adding playback tracker : TW96aWxsYS81LjAgKFdpbmRvd3MgTlQgMTAuMDsgV2luNjQ7IHg2NDsgcnY6MTU0LjApIEdlY2tvLzIwMTAwMTAxIEZpcmVmb3gvMTU0LjB8MTc4ODIxOTc2NDI5Nw11-8622faae841a48c5bb17541857a083c3-c5eb23a8357d65eef6e2464cec2b12eb
[2026-09-01 17:55:28.399 +00:00] [INF] [26] Jellyfin.Plugin.PlaybackReporting.Data.PlaybackTracker: PlaybackTracker : Adding Start Event : 09/01/2026 17:55:28
[2026-09-01 17:55:28.399 +00:00] [INF] [26] Jellyfin.Plugin.PlaybackReporting.EventMonitorEntryPoint: Creating StartPlaybackTimer Task
[2026-09-01 17:55:28.399 +00:00] [INF] [3] Jellyfin.Plugin.PlaybackReporting.EventMonitorEntryPoint: StartPlaybackTimer : Entered
[2026-09-01 17:55:28.737 +00:00] [INF] [28] Jellyfin.Plugin.PlaybackReporting.EventMonitorEntryPoint: Processing playback tracker : "TW96aWxsYS81LjAgKFdpbmRvd3MgTlQgMTAuMDsgV2luNjQ7IHg2NDsgcnY6MTU0LjApIEdlY2tvLzIwMTAwMTAxIEZpcmVmb3gvMTU0LjB8MTc4ODIxOTc2NDI5Nw11-8622faae841a48c5bb17541857a083c3-c5eb23a8357d65eef6e2464cec2b12eb"
[2026-09-01 17:55:33.739 +00:00] [INF] [28] Jellyfin.Plugin.PlaybackReporting.EventMonitorEntryPoint: session.RemoteEndPoint : "127.0.0.1"
[2026-09-01 17:55:33.739 +00:00] [INF] [28] Jellyfin.Plugin.PlaybackReporting.EventMonitorEntryPoint: StartPlaybackTimer : event_playing_id     = "1926c303d46378f6f1e28a97132c87c1"
[2026-09-01 17:55:33.739 +00:00] [INF] [28] Jellyfin.Plugin.PlaybackReporting.EventMonitorEntryPoint: StartPlaybackTimer : event_user_id        = "8622faae841a48c5bb17541857a083c3"
[2026-09-01 17:55:33.739 +00:00] [INF] [28] Jellyfin.Plugin.PlaybackReporting.EventMonitorEntryPoint: StartPlaybackTimer : event_user_id_int    = 1
[2026-09-01 17:55:33.739 +00:00] [INF] [28] Jellyfin.Plugin.PlaybackReporting.EventMonitorEntryPoint: StartPlaybackTimer : session_playing_id   = "c5eb23a8357d65eef6e2464cec2b12eb"
[2026-09-01 17:55:33.739 +00:00] [INF] [28] Jellyfin.Plugin.PlaybackReporting.EventMonitorEntryPoint: StartPlaybackTimer : session_user_id      = "8622faae841a48c5bb17541857a083c3"
[2026-09-01 17:55:33.739 +00:00] [INF] [28] Jellyfin.Plugin.PlaybackReporting.EventMonitorEntryPoint: StartPlaybackTimer : play_method          = "DirectPlay"
[2026-09-01 17:55:33.739 +00:00] [INF] [28] Jellyfin.Plugin.PlaybackReporting.EventMonitorEntryPoint: StartPlaybackTimer : e.ClientName         = "Jellyfin Web"
[2026-09-01 17:55:33.739 +00:00] [INF] [28] Jellyfin.Plugin.PlaybackReporting.EventMonitorEntryPoint: StartPlaybackTimer : e.DeviceName         = "Firefox"
[2026-09-01 17:55:33.739 +00:00] [INF] [28] Jellyfin.Plugin.PlaybackReporting.EventMonitorEntryPoint: StartPlaybackTimer : ItemName             = "Aliens"
[2026-09-01 17:55:33.739 +00:00] [INF] [28] Jellyfin.Plugin.PlaybackReporting.EventMonitorEntryPoint: StartPlaybackTimer : ItemId               = "1926c303d46378f6f1e28a97132c87c1"
[2026-09-01 17:55:33.740 +00:00] [INF] [28] Jellyfin.Plugin.PlaybackReporting.EventMonitorEntryPoint: StartPlaybackTimer : ItemType             = "Movie"
[2026-09-01 17:55:33.740 +00:00] [INF] [28] Jellyfin.Plugin.PlaybackReporting.EventMonitorEntryPoint: StartPlaybackTimer : Details do not match for play item
[2026-09-01 17:55:33.740 +00:00] [INF] [28] Jellyfin.Plugin.PlaybackReporting.EventMonitorEntryPoint: StartPlaybackTimer : Exited
[2026-09-01 17:55:48.401 +00:00] [INF] [30] Jellyfin.Plugin.PlaybackReporting.EventMonitorEntryPoint: session.RemoteEndPoint : "127.0.0.1"
[2026-09-01 17:55:48.401 +00:00] [INF] [30] Jellyfin.Plugin.PlaybackReporting.EventMonitorEntryPoint: StartPlaybackTimer : event_playing_id     = "c5eb23a8357d65eef6e2464cec2b12eb"
[2026-09-01 17:55:48.401 +00:00] [INF] [30] Jellyfin.Plugin.PlaybackReporting.EventMonitorEntryPoint: StartPlaybackTimer : event_user_id        = "8622faae841a48c5bb17541857a083c3"
[2026-09-01 17:55:48.401 +00:00] [INF] [30] Jellyfin.Plugin.PlaybackReporting.EventMonitorEntryPoint: StartPlaybackTimer : event_user_id_int    = 1
[2026-09-01 17:55:48.401 +00:00] [INF] [30] Jellyfin.Plugin.PlaybackReporting.EventMonitorEntryPoint: StartPlaybackTimer : session_playing_id   = "c5eb23a8357d65eef6e2464cec2b12eb"
[2026-09-01 17:55:48.401 +00:00] [INF] [30] Jellyfin.Plugin.PlaybackReporting.EventMonitorEntryPoint: StartPlaybackTimer : session_user_id      = "8622faae841a48c5bb17541857a083c3"
[2026-09-01 17:55:48.401 +00:00] [INF] [30] Jellyfin.Plugin.PlaybackReporting.EventMonitorEntryPoint: StartPlaybackTimer : play_method          = "DirectPlay"
[2026-09-01 17:55:48.401 +00:00] [INF] [30] Jellyfin.Plugin.PlaybackReporting.EventMonitorEntryPoint: StartPlaybackTimer : e.ClientName         = "Jellyfin Web"
[2026-09-01 17:55:48.402 +00:00] [INF] [30] Jellyfin.Plugin.PlaybackReporting.EventMonitorEntryPoint: StartPlaybackTimer : e.DeviceName         = "Firefox"
[2026-09-01 17:55:48.402 +00:00] [INF] [30] Jellyfin.Plugin.PlaybackReporting.EventMonitorEntryPoint: StartPlaybackTimer : ItemName             = "Star Wars"
[2026-09-01 17:55:48.402 +00:00] [INF] [30] Jellyfin.Plugin.PlaybackReporting.EventMonitorEntryPoint: StartPlaybackTimer : ItemId               = "c5eb23a8357d65eef6e2464cec2b12eb"
[2026-09-01 17:55:48.402 +00:00] [INF] [30] Jellyfin.Plugin.PlaybackReporting.EventMonitorEntryPoint: StartPlaybackTimer : ItemType             = "Movie"
[2026-09-01 17:55:48.402 +00:00] [INF] [30] Jellyfin.Plugin.PlaybackReporting.EventMonitorEntryPoint: StartPlaybackTimer : All matches, playback registered
[2026-09-01 17:55:48.402 +00:00] [INF] [30] Jellyfin.Plugin.PlaybackReporting.EventMonitorEntryPoint: Playback tracker found, adding playback info : "TW96aWxsYS81LjAgKFdpbmRvd3MgTlQgMTAuMDsgV2luNjQ7IHg2NDsgcnY6MTU0LjApIEdlY2tvLzIwMTAwMTAxIEZpcmVmb3gvMTU0LjB8MTc4ODIxOTc2NDI5Nw11-8622faae841a48c5bb17541857a083c3-c5eb23a8357d65eef6e2464cec2b12eb"
[2026-09-01 17:55:48.402 +00:00] [INF] [30] Jellyfin.Plugin.PlaybackReporting.EventMonitorEntryPoint: Saving playback tracking activity in DB
[2026-09-01 17:55:48.439 +00:00] [INF] [30] Jellyfin.Plugin.PlaybackReporting.EventMonitorEntryPoint: StartPlaybackTimer : Exited
[2026-09-01 17:55:49.687 +00:00] [INF] [30] Jellyfin.Plugin.PlaybackReporting.EventMonitorEntryPoint: Processing playback tracker : "TW96aWxsYS81LjAgKFdpbmRvd3MgTlQgMTAuMDsgV2luNjQ7IHg2NDsgcnY6MTU0LjApIEdlY2tvLzIwMTAwMTAxIEZpcmVmb3gvMTU0LjB8MTc4ODIxOTc2NDI5Nw11-8622faae841a48c5bb17541857a083c3-c5eb23a8357d65eef6e2464cec2b12eb"
[2026-09-01 17:56:09.732 +00:00] [INF] [26] Jellyfin.Plugin.PlaybackReporting.EventMonitorEntryPoint: Processing playback tracker : "TW96aWxsYS81LjAgKFdpbmRvd3MgTlQgMTAuMDsgV2luNjQ7IHg2NDsgcnY6MTU0LjApIEdlY2tvLzIwMTAwMTAxIEZpcmVmb3gvMTU0LjB8MTc4ODIxOTc2NDI5Nw11-8622faae841a48c5bb17541857a083c3-c5eb23a8357d65eef6e2464cec2b12eb"
[2026-09-01 17:56:30.715 +00:00] [INF] [23] Jellyfin.Plugin.PlaybackReporting.EventMonitorEntryPoint: Processing playback tracker : "TW96aWxsYS81LjAgKFdpbmRvd3MgTlQgMTAuMDsgV2luNjQ7IHg2NDsgcnY6MTU0LjApIEdlY2tvLzIwMTAwMTAxIEZpcmVmb3gvMTU0LjB8MTc4ODIxOTc2NDI5Nw11-8622faae841a48c5bb17541857a083c3-c5eb23a8357d65eef6e2464cec2b12eb"
[2026-09-01 17:56:50.747 +00:00] [INF] [23] Jellyfin.Plugin.PlaybackReporting.EventMonitorEntryPoint: Processing playback tracker : "TW96aWxsYS81LjAgKFdpbmRvd3MgTlQgMTAuMDsgV2luNjQ7IHg2NDsgcnY6MTU0LjApIEdlY2tvLzIwMTAwMTAxIEZpcmVmb3gvMTU0LjB8MTc4ODIxOTc2NDI5Nw11-8622faae841a48c5bb17541857a083c3-c5eb23a8357d65eef6e2464cec2b12eb"
[2026-09-01 17:57:10.752 +00:00] [INF] [23] Jellyfin.Plugin.PlaybackReporting.EventMonitorEntryPoint: Processing playback tracker : "TW96aWxsYS81LjAgKFdpbmRvd3MgTlQgMTAuMDsgV2luNjQ7IHg2NDsgcnY6MTU0LjApIEdlY2tvLzIwMTAwMTAxIEZpcmVmb3gvMTU0LjB8MTc4ODIxOTc2NDI5Nw11-8622faae841a48c5bb17541857a083c3-c5eb23a8357d65eef6e2464cec2b12eb"
[2026-09-01 17:57:30.780 +00:00] [INF] [23] Jellyfin.Plugin.PlaybackReporting.EventMonitorEntryPoint: Processing playback tracker : "TW96aWxsYS81LjAgKFdpbmRvd3MgTlQgMTAuMDsgV2luNjQ7IHg2NDsgcnY6MTU0LjApIEdlY2tvLzIwMTAwMTAxIEZpcmVmb3gvMTU0LjB8MTc4ODIxOTc2NDI5Nw11-8622faae841a48c5bb17541857a083c3-c5eb23a8357d65eef6e2464cec2b12eb"
[2026-09-01 17:57:50.805 +00:00] [INF] [28] Jellyfin.Plugin.PlaybackReporting.EventMonitorEntryPoint: Processing playback tracker : "TW96aWxsYS81LjAgKFdpbmRvd3MgTlQgMTAuMDsgV2luNjQ7IHg2NDsgcnY6MTU0LjApIEdlY2tvLzIwMTAwMTAxIEZpcmVmb3gvMTU0LjB8MTc4ODIxOTc2NDI5Nw11-8622faae841a48c5bb17541857a083c3-c5eb23a8357d65eef6e2464cec2b12eb"
[2026-09-01 17:58:10.819 +00:00] [INF] [17] Jellyfin.Plugin.PlaybackReporting.EventMonitorEntryPoint: Processing playback tracker : "TW96aWxsYS81LjAgKFdpbmRvd3MgTlQgMTAuMDsgV2luNjQ7IHg2NDsgcnY6MTU0LjApIEdlY2tvLzIwMTAwMTAxIEZpcmVmb3gvMTU0LjB8MTc4ODIxOTc2NDI5Nw11-8622faae841a48c5bb17541857a083c3-c5eb23a8357d65eef6e2464cec2b12eb"
[2026-09-01 17:58:30.842 +00:00] [INF] [8] Jellyfin.Plugin.PlaybackReporting.EventMonitorEntryPoint: Processing playback tracker : "TW96aWxsYS81LjAgKFdpbmRvd3MgTlQgMTAuMDsgV2luNjQ7IHg2NDsgcnY6MTU0LjApIEdlY2tvLzIwMTAwMTAxIEZpcmVmb3gvMTU0LjB8MTc4ODIxOTc2NDI5Nw11-8622faae841a48c5bb17541857a083c3-c5eb23a8357d65eef6e2464cec2b12eb"
[2026-09-01 17:58:58.870 +00:00] [INF] [32] Jellyfin.Plugin.PlaybackReporting.EventMonitorEntryPoint: Processing playback tracker : "TW96aWxsYS81LjAgKFdpbmRvd3MgTlQgMTAuMDsgV2luNjQ7IHg2NDsgcnY6MTU0LjApIEdlY2tvLzIwMTAwMTAxIEZpcmVmb3gvMTU0LjB8MTc4ODIxOTc2NDI5Nw11-8622faae841a48c5bb17541857a083c3-c5eb23a8357d65eef6e2464cec2b12eb"
[2026-09-01 17:59:18.912 +00:00] [INF] [14] Jellyfin.Plugin.PlaybackReporting.EventMonitorEntryPoint: Processing playback tracker : "TW96aWxsYS81LjAgKFdpbmRvd3MgTlQgMTAuMDsgV2luNjQ7IHg2NDsgcnY6MTU0LjApIEdlY2tvLzIwMTAwMTAxIEZpcmVmb3gvMTU0LjB8MTc4ODIxOTc2NDI5Nw11-8622faae841a48c5bb17541857a083c3-c5eb23a8357d65eef6e2464cec2b12eb"
[2026-09-01 17:59:48.905 +00:00] [INF] [17] Jellyfin.Plugin.PlaybackReporting.EventMonitorEntryPoint: Processing playback tracker : "TW96aWxsYS81LjAgKFdpbmRvd3MgTlQgMTAuMDsgV2luNjQ7IHg2NDsgcnY6MTU0LjApIEdlY2tvLzIwMTAwMTAxIEZpcmVmb3gvMTU0LjB8MTc4ODIxOTc2NDI5Nw11-8622faae841a48c5bb17541857a083c3-c5eb23a8357d65eef6e2464cec2b12eb"
[2026-09-01 18:00:08.913 +00:00] [INF] [17] Jellyfin.Plugin.PlaybackReporting.EventMonitorEntryPoint: Processing playback tracker : "TW96aWxsYS81LjAgKFdpbmRvd3MgTlQgMTAuMDsgV2luNjQ7IHg2NDsgcnY6MTU0LjApIEdlY2tvLzIwMTAwMTAxIEZpcmVmb3gvMTU0LjB8MTc4ODIxOTc2NDI5Nw11-8622faae841a48c5bb17541857a083c3-c5eb23a8357d65eef6e2464cec2b12eb"
[2026-09-01 18:00:28.922 +00:00] [INF] [14] Jellyfin.Plugin.PlaybackReporting.EventMonitorEntryPoint: Processing playback tracker : "TW96aWxsYS81LjAgKFdpbmRvd3MgTlQgMTAuMDsgV2luNjQ7IHg2NDsgcnY6MTU0LjApIEdlY2tvLzIwMTAwMTAxIEZpcmVmb3gvMTU0LjB8MTc4ODIxOTc2NDI5Nw11-8622faae841a48c5bb17541857a083c3-c5eb23a8357d65eef6e2464cec2b12eb"
[2026-09-01 18:00:48.939 +00:00] [INF] [17] Jellyfin.Plugin.PlaybackReporting.EventMonitorEntryPoint: Processing playback tracker : "TW96aWxsYS81LjAgKFdpbmRvd3MgTlQgMTAuMDsgV2luNjQ7IHg2NDsgcnY6MTU0LjApIEdlY2tvLzIwMTAwMTAxIEZpcmVmb3gvMTU0LjB8MTc4ODIxOTc2NDI5Nw11-8622faae841a48c5bb17541857a083c3-c5eb23a8357d65eef6e2464cec2b12eb"
[2026-09-01 18:01:08.947 +00:00] [INF] [33] Jellyfin.Plugin.PlaybackReporting.EventMonitorEntryPoint: Processing playback tracker : "TW96aWxsYS81LjAgKFdpbmRvd3MgTlQgMTAuMDsgV2luNjQ7IHg2NDsgcnY6MTU0LjApIEdlY2tvLzIwMTAwMTAxIEZpcmVmb3gvMTU0LjB8MTc4ODIxOTc2NDI5Nw11-8622faae841a48c5bb17541857a083c3-c5eb23a8357d65eef6e2464cec2b12eb"
[2026-09-01 18:01:28.970 +00:00] [INF] [8] Jellyfin.Plugin.PlaybackReporting.EventMonitorEntryPoint: Processing playback tracker : "TW96aWxsYS81LjAgKFdpbmRvd3MgTlQgMTAuMDsgV2luNjQ7IHg2NDsgcnY6MTU0LjApIEdlY2tvLzIwMTAwMTAxIEZpcmVmb3gvMTU0LjB8MTc4ODIxOTc2NDI5Nw11-8622faae841a48c5bb17541857a083c3-c5eb23a8357d65eef6e2464cec2b12eb"
[2026-09-01 18:01:48.991 +00:00] [INF] [33] Jellyfin.Plugin.PlaybackReporting.EventMonitorEntryPoint: Processing playback tracker : "TW96aWxsYS81LjAgKFdpbmRvd3MgTlQgMTAuMDsgV2luNjQ7IHg2NDsgcnY6MTU0LjApIEdlY2tvLzIwMTAwMTAxIEZpcmVmb3gvMTU0LjB8MTc4ODIxOTc2NDI5Nw11-8622faae841a48c5bb17541857a083c3-c5eb23a8357d65eef6e2464cec2b12eb"
[2026-09-01 18:02:09.006 +00:00] [INF] [14] Jellyfin.Plugin.PlaybackReporting.EventMonitorEntryPoint: Processing playback tracker : "TW96aWxsYS81LjAgKFdpbmRvd3MgTlQgMTAuMDsgV2luNjQ7IHg2NDsgcnY6MTU0LjApIEdlY2tvLzIwMTAwMTAxIEZpcmVmb3gvMTU0LjB8MTc4ODIxOTc2NDI5Nw11-8622faae841a48c5bb17541857a083c3-c5eb23a8357d65eef6e2464cec2b12eb"
[2026-09-01 18:02:29.027 +00:00] [INF] [33] Jellyfin.Plugin.PlaybackReporting.EventMonitorEntryPoint: Processing playback tracker : "TW96aWxsYS81LjAgKFdpbmRvd3MgTlQgMTAuMDsgV2luNjQ7IHg2NDsgcnY6MTU0LjApIEdlY2tvLzIwMTAwMTAxIEZpcmVmb3gvMTU0LjB8MTc4ODIxOTc2NDI5Nw11-8622faae841a48c5bb17541857a083c3-c5eb23a8357d65eef6e2464cec2b12eb"
[2026-09-01 18:02:49.042 +00:00] [INF] [14] Jellyfin.Plugin.PlaybackReporting.EventMonitorEntryPoint: Processing playback tracker : "TW96aWxsYS81LjAgKFdpbmRvd3MgTlQgMTAuMDsgV2luNjQ7IHg2NDsgcnY6MTU0LjApIEdlY2tvLzIwMTAwMTAxIEZpcmVmb3gvMTU0LjB8MTc4ODIxOTc2NDI5Nw11-8622faae841a48c5bb17541857a083c3-c5eb23a8357d65eef6e2464cec2b12eb"
[2026-09-01 18:03:09.062 +00:00] [INF] [14] Jellyfin.Plugin.PlaybackReporting.EventMonitorEntryPoint: Processing playback tracker : "TW96aWxsYS81LjAgKFdpbmRvd3MgTlQgMTAuMDsgV2luNjQ7IHg2NDsgcnY6MTU0LjApIEdlY2tvLzIwMTAwMTAxIEZpcmVmb3gvMTU0LjB8MTc4ODIxOTc2NDI5Nw11-8622faae841a48c5bb17541857a083c3-c5eb23a8357d65eef6e2464cec2b12eb"
[2026-09-01 18:03:29.074 +00:00] [INF] [14] Jellyfin.Plugin.PlaybackReporting.EventMonitorEntryPoint: Processing playback tracker : "TW96aWxsYS81LjAgKFdpbmRvd3MgTlQgMTAuMDsgV2luNjQ7IHg2NDsgcnY6MTU0LjApIEdlY2tvLzIwMTAwMTAxIEZpcmVmb3gvMTU0LjB8MTc4ODIxOTc2NDI5Nw11-8622faae841a48c5bb17541857a083c3-c5eb23a8357d65eef6e2464cec2b12eb"
[2026-09-01 18:03:49.094 +00:00] [INF] [33] Jellyfin.Plugin.PlaybackReporting.EventMonitorEntryPoint: Processing playback tracker : "TW96aWxsYS81LjAgKFdpbmRvd3MgTlQgMTAuMDsgV2luNjQ7IHg2NDsgcnY6MTU0LjApIEdlY2tvLzIwMTAwMTAxIEZpcmVmb3gvMTU0LjB8MTc4ODIxOTc2NDI5Nw11-8622faae841a48c5bb17541857a083c3-c5eb23a8357d65eef6e2464cec2b12eb"
[2026-09-01 18:04:09.097 +00:00] [INF] [22] Jellyfin.Plugin.PlaybackReporting.EventMonitorEntryPoint: Processing playback tracker : "TW96aWxsYS81LjAgKFdpbmRvd3MgTlQgMTAuMDsgV2luNjQ7IHg2NDsgcnY6MTU0LjApIEdlY2tvLzIwMTAwMTAxIEZpcmVmb3gvMTU0LjB8MTc4ODIxOTc2NDI5Nw11-8622faae841a48c5bb17541857a083c3-c5eb23a8357d65eef6e2464cec2b12eb"
[2026-09-01 18:04:29.115 +00:00] [INF] [33] Jellyfin.Plugin.PlaybackReporting.EventMonitorEntryPoint: Processing playback tracker : "TW96aWxsYS81LjAgKFdpbmRvd3MgTlQgMTAuMDsgV2luNjQ7IHg2NDsgcnY6MTU0LjApIEdlY2tvLzIwMTAwMTAxIEZpcmVmb3gvMTU0LjB8MTc4ODIxOTc2NDI5Nw11-8622faae841a48c5bb17541857a083c3-c5eb23a8357d65eef6e2464cec2b12eb"
[2026-09-01 18:04:49.122 +00:00] [INF] [14] Jellyfin.Plugin.PlaybackReporting.EventMonitorEntryPoint: Processing playback tracker : "TW96aWxsYS81LjAgKFdpbmRvd3MgTlQgMTAuMDsgV2luNjQ7IHg2NDsgcnY6MTU0LjApIEdlY2tvLzIwMTAwMTAxIEZpcmVmb3gvMTU0LjB8MTc4ODIxOTc2NDI5Nw11-8622faae841a48c5bb17541857a083c3-c5eb23a8357d65eef6e2464cec2b12eb"
[2026-09-01 18:05:09.134 +00:00] [INF] [23] Jellyfin.Plugin.PlaybackReporting.EventMonitorEntryPoint: Processing playback tracker : "TW96aWxsYS81LjAgKFdpbmRvd3MgTlQgMTAuMDsgV2luNjQ7IHg2NDsgcnY6MTU0LjApIEdlY2tvLzIwMTAwMTAxIEZpcmVmb3gvMTU0LjB8MTc4ODIxOTc2NDI5Nw11-8622faae841a48c5bb17541857a083c3-c5eb23a8357d65eef6e2464cec2b12eb"
[2026-09-01 18:05:29.153 +00:00] [INF] [23] Jellyfin.Plugin.PlaybackReporting.EventMonitorEntryPoint: Processing playback tracker : "TW96aWxsYS81LjAgKFdpbmRvd3MgTlQgMTAuMDsgV2luNjQ7IHg2NDsgcnY6MTU0LjApIEdlY2tvLzIwMTAwMTAxIEZpcmVmb3gvMTU0LjB8MTc4ODIxOTc2NDI5Nw11-8622faae841a48c5bb17541857a083c3-c5eb23a8357d65eef6e2464cec2b12eb"
[2026-09-01 18:05:49.169 +00:00] [INF] [33] Jellyfin.Plugin.PlaybackReporting.EventMonitorEntryPoint: Processing playback tracker : "TW96aWxsYS81LjAgKFdpbmRvd3MgTlQgMTAuMDsgV2luNjQ7IHg2NDsgcnY6MTU0LjApIEdlY2tvLzIwMTAwMTAxIEZpcmVmb3gvMTU0LjB8MTc4ODIxOTc2NDI5Nw11-8622faae841a48c5bb17541857a083c3-c5eb23a8357d65eef6e2464cec2b12eb"
[2026-09-01 18:05:52.267 +00:00] [INF] [14] Emby.Server.Implementations.Session.SessionManager: Playback stopped reported by app "Jellyfin Web" "10.10.7" playing "Star Wars". Stopped at "2665833" ms
[2026-09-01 18:05:52.293 +00:00] [INF] [23] Jellyfin.Plugin.PlaybackReporting.EventMonitorEntryPoint: Playback stop tracker found, processing stop : "TW96aWxsYS81LjAgKFdpbmRvd3MgTlQgMTAuMDsgV2luNjQ7IHg2NDsgcnY6MTU0LjApIEdlY2tvLzIwMTAwMTAxIEZpcmVmb3gvMTU0LjB8MTc4ODIxOTc2NDI5Nw11-8622faae841a48c5bb17541857a083c3-c5eb23a8357d65eef6e2464cec2b12eb"
[2026-09-01 18:05:52.294 +00:00] [INF] [23] Jellyfin.Plugin.PlaybackReporting.Data.PlaybackTracker: PlaybackTracker : Adding Stop Event : 09/01/2026 18:05:52
[2026-09-01 18:05:52.294 +00:00] [INF] [23] Jellyfin.Plugin.PlaybackReporting.EventMonitorEntryPoint: Saving playback tracking activity in DB
[2026-09-01 18:08:19.613 +00:00] [INF] [14] Emby.Server.Implementations.IO.LibraryMonitor: "movies" ("/media/movies") will be refreshed.
[2026-09-01 18:13:49.563 +00:00] [INF] [38] Emby.Server.Implementations.IO.LibraryMonitor: "movies" ("/media/movies") will be refreshed.
[2026-09-01 18:13:49.689 +00:00] [INF] [45] MediaBrowser.MediaEncoding.Encoder.MediaEncoder: Starting "/usr/lib/jellyfin-ffmpeg/ffprobe" with args "-analyzeduration 200M -probesize 1G -i file:\"/media/movies/A Few Good Men (1992).mp4\" -threads 0 -v warning -print_format json -show_streams -show_chapters -show_format"
[2026-09-01 18:13:49.689 +00:00] [INF] [11] MediaBrowser.MediaEncoding.Encoder.MediaEncoder: Starting "/usr/lib/jellyfin-ffmpeg/ffprobe" with args "-analyzeduration 200M -probesize 1G -i file:\"/media/movies/blackberry.mkv\" -threads 0 -v warning -print_format json -show_streams -show_chapters -show_format"
[2026-09-01 18:17:06.452 +00:00] [INF] [14] Jellyfin.Api.Helpers.MediaInfoHelper: User policy for "admin2". EnablePlaybackRemuxing: True EnableVideoPlaybackTranscoding: True EnableAudioPlaybackTranscoding: True
[2026-09-01 18:17:06.783 +00:00] [INF] [42] Jellyfin.Api.Controllers.DynamicHlsController: Current HLS implementation doesn't support non-keyframe breaks but one is requested, ignoring that request
[2026-09-01 18:17:06.783 +00:00] [INF] [42] MediaBrowser.MediaEncoding.Transcoding.TranscodeManager: "/usr/lib/jellyfin-ffmpeg/ffmpeg" "-analyzeduration 200M -probesize 1G -f matroska -init_hw_device rkmpp=rk -hwaccel rkmpp -hwaccel_output_format drm_prime -noautorotate -afbc rga -i file:\"/media/movies/Clear and Present Danger.mkv\" -noautoscale -map_metadata -1 -map_chapters -1 -threads 0 -map 0:0 -map 0:1 -map -0:s -codec:v:0 h264_rkmpp -b:v 4129855 -maxrate 4129855 -bufsize 8259710 -profile:v:0 high -level 51 -g:v:0 72 -keyint_min:v:0 72 -vf \"setparams=color_primaries=bt709:color_trc=bt709:colorspace=bt709,vpp_rkrga=format=nv12:afbc=1\" -codec:a:0 copy -copyts -avoid_negative_ts disabled -max_muxing_queue_size 2048 -f hls -max_delay 5000000 -hls_time 3 -hls_segment_type fmp4 -hls_fmp4_init_filename \"ea26d667c5ec77541e22301d13ebeffa-1.mp4\" -start_number 0 -hls_segment_filename \"/transcode/ea26d667c5ec77541e22301d13ebeffa%d.mp4\" -hls_playlist_type vod -hls_list_size 0 -hls_segment_options movflags=+frag_discont -y \"/transcode/ea26d667c5ec77541e22301d13ebeffa.m3u8\""
[2026-09-01 18:17:06.830 +00:00] [ERR] [32] MediaBrowser.MediaEncoding.Transcoding.TranscodeManager: FFmpeg exited with code 187
[2026-09-01 18:17:06.918 +00:00] [ERR] [32] Jellyfin.Api.Middleware.ExceptionMiddleware: Error processing request. URL "GET" "/videos/11cadcaa-96c3-0ce7-ead9-e45e62e3af01/hls1/main/-1.mp4".
MediaBrowser.Common.FfmpegException: FFmpeg exited with code 187
   at MediaBrowser.MediaEncoding.Transcoding.TranscodeManager.StartFfMpeg(StreamState state, String outputPath, String commandLineArguments, Guid userId, TranscodingJobType transcodingJobType, CancellationTokenSource cancellationTokenSource, String workingDirectory)
   at Jellyfin.Api.Controllers.DynamicHlsController.GetDynamicSegment(StreamingRequestDto streamingRequest, Int32 segmentId)
   at Jellyfin.Api.Controllers.DynamicHlsController.GetHlsVideoSegment(Guid itemId, String playlistId, Int32 segmentId, String container, Int64 runtimeTicks, Int64 actualSegmentLengthTicks, Nullable`1 static, String params, String tag, String deviceProfileId, String playSessionId, String segmentContainer, Nullable`1 segmentLength, Nullable`1 minSegments, String mediaSourceId, String deviceId, String audioCodec, Nullable`1 enableAutoStreamCopy, Nullable`1 allowVideoStreamCopy, Nullable`1 allowAudioStreamCopy, Nullable`1 breakOnNonKeyFrames, Nullable`1 audioSampleRate, Nullable`1 maxAudioBitDepth, Nullable`1 audioBitRate, Nullable`1 audioChannels, Nullable`1 maxAudioChannels, String profile, String level, Nullable`1 framerate, Nullable`1 maxFramerate, Nullable`1 copyTimestamps, Nullable`1 startTimeTicks, Nullable`1 width, Nullable`1 height, Nullable`1 maxWidth, Nullable`1 maxHeight, Nullable`1 videoBitRate, Nullable`1 subtitleStreamIndex, Nullable`1 subtitleMethod, Nullable`1 maxRefFrames, Nullable`1 maxVideoBitDepth, Nullable`1 requireAvc, Nullable`1 deInterlace, Nullable`1 requireNonAnamorphic, Nullable`1 transcodingMaxAudioChannels, Nullable`1 cpuCoreLimit, String liveStreamId, Nullable`1 enableMpegtsM2TsMode, String videoCodec, String subtitleCodec, String transcodeReasons, Nullable`1 audioStreamIndex, Nullable`1 videoStreamIndex, Nullable`1 context, Dictionary`2 streamOptions, Boolean enableAudioVbrEncoding, Boolean alwaysBurnInSubtitleWhenTranscoding)
   at lambda_method588(Closure, Object)
   at Microsoft.AspNetCore.Mvc.Infrastructure.ActionMethodExecutor.TaskOfActionResultExecutor.Execute(ActionContext actionContext, IActionResultTypeMapper mapper, ObjectMethodExecutor executor, Object controller, Object[] arguments)
   at Microsoft.AspNetCore.Mvc.Infrastructure.ControllerActionInvoker.<InvokeActionMethodAsync>g__Awaited|12_0(ControllerActionInvoker invoker, ValueTask`1 actionResultValueTask)
   at Microsoft.AspNetCore.Mvc.Infrastructure.ControllerActionInvoker.<InvokeNextActionFilterAsync>g__Awaited|10_0(ControllerActionInvoker invoker, Task lastTask, State next, Scope scope, Object state, Boolean isCompleted)
   at Microsoft.AspNetCore.Mvc.Infrastructure.ControllerActionInvoker.Rethrow(ActionExecutedContextSealed context)
   at Microsoft.AspNetCore.Mvc.Infrastructure.ControllerActionInvoker.Next(State& next, Scope& scope, Object& state, Boolean& isCompleted)
   at Microsoft.AspNetCore.Mvc.Infrastructure.ControllerActionInvoker.<InvokeInnerFilterAsync>g__Awaited|13_0(ControllerActionInvoker invoker, Task lastTask, State next, Scope scope, Object state, Boolean isCompleted)
   at Microsoft.AspNetCore.Mvc.Infrastructure.ResourceInvoker.<InvokeNextResourceFilter>g__Awaited|25_0(ResourceInvoker invoker, Task lastTask, State next, Scope scope, Object state, Boolean isCompleted)
   at Microsoft.AspNetCore.Mvc.Infrastructure.ResourceInvoker.Rethrow(ResourceExecutedContextSealed context)
   at Microsoft.AspNetCore.Mvc.Infrastructure.ResourceInvoker.Next(State& next, Scope& scope, Object& state, Boolean& isCompleted)
   at Microsoft.AspNetCore.Mvc.Infrastructure.ResourceInvoker.<InvokeFilterPipelineAsync>g__Awaited|20_0(ResourceInvoker invoker, Task lastTask, State next, Scope scope, Object state, Boolean isCompleted)
   at Microsoft.AspNetCore.Mvc.Infrastructure.ResourceInvoker.<InvokeAsync>g__Awaited|17_0(ResourceInvoker invoker, Task task, IDisposable scope)
   at Microsoft.AspNetCore.Mvc.Infrastructure.ResourceInvoker.<InvokeAsync>g__Awaited|17_0(ResourceInvoker invoker, Task task, IDisposable scope)
   at Jellyfin.Api.Middleware.ServerStartupMessageMiddleware.Invoke(HttpContext httpContext, IServerApplicationHost serverApplicationHost, ILocalizationManager localizationManager)
   at Jellyfin.Api.Middleware.WebSocketHandlerMiddleware.Invoke(HttpContext httpContext, IWebSocketManager webSocketManager)
   at Jellyfin.Api.Middleware.IPBasedAccessValidationMiddleware.Invoke(HttpContext httpContext, INetworkManager networkManager)
   at Jellyfin.Api.Middleware.LanFilteringMiddleware.Invoke(HttpContext httpContext, INetworkManager networkManager, IServerConfigurationManager serverConfigurationManager)
   at Microsoft.AspNetCore.Authorization.AuthorizationMiddleware.Invoke(HttpContext context)
   at Jellyfin.Api.Middleware.QueryStringDecodingMiddleware.Invoke(HttpContext httpContext)
   at Swashbuckle.AspNetCore.ReDoc.ReDocMiddleware.Invoke(HttpContext httpContext)
   at Swashbuckle.AspNetCore.SwaggerUI.SwaggerUIMiddleware.Invoke(HttpContext httpContext)
   at Swashbuckle.AspNetCore.Swagger.SwaggerMiddleware.Invoke(HttpContext httpContext, ISwaggerProvider swaggerProvider)
   at Microsoft.AspNetCore.Authentication.AuthenticationMiddleware.Invoke(HttpContext context)
   at Jellyfin.Api.Middleware.RobotsRedirectionMiddleware.Invoke(HttpContext httpContext)
   at Jellyfin.Api.Middleware.LegacyEmbyRouteRewriteMiddleware.Invoke(HttpContext httpContext)
   at Microsoft.AspNetCore.ResponseCompression.ResponseCompressionMiddleware.InvokeCore(HttpContext context)
   at Jellyfin.Api.Middleware.ResponseTimeMiddleware.Invoke(HttpContext context, IServerConfigurationManager serverConfigurationManager)
   at Jellyfin.Api.Middleware.ExceptionMiddleware.Invoke(HttpContext context)
[2026-09-01 18:17:06.971 +00:00] [INF] [42] Jellyfin.Plugin.PlaybackReporting.EventMonitorEntryPoint: Adding playback tracker : TW96aWxsYS81LjAgKFdpbmRvd3MgTlQgMTAuMDsgV2luNjQ7IHg2NDsgcnY6MTU0LjApIEdlY2tvLzIwMTAwMTAxIEZpcmVmb3gvMTU0LjB8MTc4ODIxOTc2NDI5Nw11-8622faae841a48c5bb17541857a083c3-11cadcaa96c30ce7ead9e45e62e3af01
[2026-09-01 18:17:06.971 +00:00] [INF] [42] Jellyfin.Plugin.PlaybackReporting.Data.PlaybackTracker: PlaybackTracker : Adding Start Event : 09/01/2026 18:17:06
[2026-09-01 18:17:06.971 +00:00] [INF] [42] Jellyfin.Plugin.PlaybackReporting.EventMonitorEntryPoint: Creating StartPlaybackTimer Task
[2026-09-01 18:17:06.972 +00:00] [INF] [32] Jellyfin.Plugin.PlaybackReporting.EventMonitorEntryPoint: StartPlaybackTimer : Entered
[2026-09-01 18:17:07.041 +00:00] [INF] [32] Jellyfin.Api.Helpers.MediaInfoHelper: User policy for "admin2". EnablePlaybackRemuxing: True EnableVideoPlaybackTranscoding: True EnableAudioPlaybackTranscoding: True
[2026-09-01 18:17:07.049 +00:00] [INF] [32] MediaBrowser.MediaEncoding.Transcoding.TranscodeManager: Deleting partial stream file(s) "/transcode/ea26d667c5ec77541e22301d13ebeffa.m3u8"
[2026-09-01 18:17:07.141 +00:00] [INF] [8] Jellyfin.Api.Controllers.DynamicHlsController: Current HLS implementation doesn't support non-keyframe breaks but one is requested, ignoring that request
[2026-09-01 18:17:07.142 +00:00] [INF] [8] MediaBrowser.MediaEncoding.Transcoding.TranscodeManager: "/usr/lib/jellyfin-ffmpeg/ffmpeg" "-analyzeduration 200M -probesize 1G -f matroska -init_hw_device rkmpp=rk -hwaccel rkmpp -hwaccel_output_format drm_prime -noautorotate -afbc rga -i file:\"/media/movies/Clear and Present Danger.mkv\" -noautoscale -map_metadata -1 -map_chapters -1 -threads 0 -map 0:0 -map 0:1 -map -0:s -codec:v:0 h264_rkmpp -b:v 4129855 -maxrate 4129855 -bufsize 8259710 -profile:v:0 high -level 51 -g:v:0 72 -keyint_min:v:0 72 -vf \"setparams=color_primaries=bt709:color_trc=bt709:colorspace=bt709,vpp_rkrga=format=nv12:afbc=1\" -codec:a:0 copy -copyts -avoid_negative_ts disabled -max_muxing_queue_size 2048 -f hls -max_delay 5000000 -hls_time 3 -hls_segment_type fmp4 -hls_fmp4_init_filename \"8c855ca4b8a9fb42f25e4a3f2b5601b0-1.mp4\" -start_number 0 -hls_segment_filename \"/transcode/8c855ca4b8a9fb42f25e4a3f2b5601b0%d.mp4\" -hls_playlist_type vod -hls_list_size 0 -hls_segment_options movflags=+frag_discont -y \"/transcode/8c855ca4b8a9fb42f25e4a3f2b5601b0.m3u8\""
[2026-09-01 18:17:07.220 +00:00] [ERR] [32] MediaBrowser.MediaEncoding.Transcoding.TranscodeManager: FFmpeg exited with code 187
[2026-09-01 18:17:07.313 +00:00] [ERR] [8] Jellyfin.Api.Middleware.ExceptionMiddleware: Error processing request. URL "GET" "/videos/11cadcaa-96c3-0ce7-ead9-e45e62e3af01/hls1/main/-1.mp4".
MediaBrowser.Common.FfmpegException: FFmpeg exited with code 187
   at MediaBrowser.MediaEncoding.Transcoding.TranscodeManager.StartFfMpeg(StreamState state, String outputPath, String commandLineArguments, Guid userId, TranscodingJobType transcodingJobType, CancellationTokenSource cancellationTokenSource, String workingDirectory)
   at Jellyfin.Api.Controllers.DynamicHlsController.GetDynamicSegment(StreamingRequestDto streamingRequest, Int32 segmentId)
   at Jellyfin.Api.Controllers.DynamicHlsController.GetHlsVideoSegment(Guid itemId, String playlistId, Int32 segmentId, String container, Int64 runtimeTicks, Int64 actualSegmentLengthTicks, Nullable`1 static, String params, String tag, String deviceProfileId, String playSessionId, String segmentContainer, Nullable`1 segmentLength, Nullable`1 minSegments, String mediaSourceId, String deviceId, String audioCodec, Nullable`1 enableAutoStreamCopy, Nullable`1 allowVideoStreamCopy, Nullable`1 allowAudioStreamCopy, Nullable`1 breakOnNonKeyFrames, Nullable`1 audioSampleRate, Nullable`1 maxAudioBitDepth, Nullable`1 audioBitRate, Nullable`1 audioChannels, Nullable`1 maxAudioChannels, String profile, String level, Nullable`1 framerate, Nullable`1 maxFramerate, Nullable`1 copyTimestamps, Nullable`1 startTimeTicks, Nullable`1 width, Nullable`1 height, Nullable`1 maxWidth, Nullable`1 maxHeight, Nullable`1 videoBitRate, Nullable`1 subtitleStreamIndex, Nullable`1 subtitleMethod, Nullable`1 maxRefFrames, Nullable`1 maxVideoBitDepth, Nullable`1 requireAvc, Nullable`1 deInterlace, Nullable`1 requireNonAnamorphic, Nullable`1 transcodingMaxAudioChannels, Nullable`1 cpuCoreLimit, String liveStreamId, Nullable`1 enableMpegtsM2TsMode, String videoCodec, String subtitleCodec, String transcodeReasons, Nullable`1 audioStreamIndex, Nullable`1 videoStreamIndex, Nullable`1 context, Dictionary`2 streamOptions, Boolean enableAudioVbrEncoding, Boolean alwaysBurnInSubtitleWhenTranscoding)
   at lambda_method588(Closure, Object)
   at Microsoft.AspNetCore.Mvc.Infrastructure.ActionMethodExecutor.TaskOfActionResultExecutor.Execute(ActionContext actionContext, IActionResultTypeMapper mapper, ObjectMethodExecutor executor, Object controller, Object[] arguments)
   at Microsoft.AspNetCore.Mvc.Infrastructure.ControllerActionInvoker.<InvokeActionMethodAsync>g__Awaited|12_0(ControllerActionInvoker invoker, ValueTask`1 actionResultValueTask)
   at Microsoft.AspNetCore.Mvc.Infrastructure.ControllerActionInvoker.<InvokeNextActionFilterAsync>g__Awaited|10_0(ControllerActionInvoker invoker, Task lastTask, State next, Scope scope, Object state, Boolean isCompleted)
   at Microsoft.AspNetCore.Mvc.Infrastructure.ControllerActionInvoker.Rethrow(ActionExecutedContextSealed context)
   at Microsoft.AspNetCore.Mvc.Infrastructure.ControllerActionInvoker.Next(State& next, Scope& scope, Object& state, Boolean& isCompleted)
   at Microsoft.AspNetCore.Mvc.Infrastructure.ControllerActionInvoker.<InvokeInnerFilterAsync>g__Awaited|13_0(ControllerActionInvoker invoker, Task lastTask, State next, Scope scope, Object state, Boolean isCompleted)
   at Microsoft.AspNetCore.Mvc.Infrastructure.ResourceInvoker.<InvokeNextResourceFilter>g__Awaited|25_0(ResourceInvoker invoker, Task lastTask, State next, Scope scope, Object state, Boolean isCompleted)
   at Microsoft.AspNetCore.Mvc.Infrastructure.ResourceInvoker.Rethrow(ResourceExecutedContextSealed context)
   at Microsoft.AspNetCore.Mvc.Infrastructure.ResourceInvoker.Next(State& next, Scope& scope, Object& state, Boolean& isCompleted)
   at Microsoft.AspNetCore.Mvc.Infrastructure.ResourceInvoker.<InvokeFilterPipelineAsync>g__Awaited|20_0(ResourceInvoker invoker, Task lastTask, State next, Scope scope, Object state, Boolean isCompleted)
   at Microsoft.AspNetCore.Mvc.Infrastructure.ResourceInvoker.<InvokeAsync>g__Awaited|17_0(ResourceInvoker invoker, Task task, IDisposable scope)
   at Microsoft.AspNetCore.Mvc.Infrastructure.ResourceInvoker.<InvokeAsync>g__Awaited|17_0(ResourceInvoker invoker, Task task, IDisposable scope)
   at Jellyfin.Api.Middleware.ServerStartupMessageMiddleware.Invoke(HttpContext httpContext, IServerApplicationHost serverApplicationHost, ILocalizationManager localizationManager)
   at Jellyfin.Api.Middleware.WebSocketHandlerMiddleware.Invoke(HttpContext httpContext, IWebSocketManager webSocketManager)
   at Jellyfin.Api.Middleware.IPBasedAccessValidationMiddleware.Invoke(HttpContext httpContext, INetworkManager networkManager)
   at Jellyfin.Api.Middleware.LanFilteringMiddleware.Invoke(HttpContext httpContext, INetworkManager networkManager, IServerConfigurationManager serverConfigurationManager)
   at Microsoft.AspNetCore.Authorization.AuthorizationMiddleware.Invoke(HttpContext context)
   at Jellyfin.Api.Middleware.QueryStringDecodingMiddleware.Invoke(HttpContext httpContext)
   at Swashbuckle.AspNetCore.ReDoc.ReDocMiddleware.Invoke(HttpContext httpContext)
   at Swashbuckle.AspNetCore.SwaggerUI.SwaggerUIMiddleware.Invoke(HttpContext httpContext)
   at Swashbuckle.AspNetCore.Swagger.SwaggerMiddleware.Invoke(HttpContext httpContext, ISwaggerProvider swaggerProvider)
   at Microsoft.AspNetCore.Authentication.AuthenticationMiddleware.Invoke(HttpContext context)
   at Jellyfin.Api.Middleware.RobotsRedirectionMiddleware.Invoke(HttpContext httpContext)
   at Jellyfin.Api.Middleware.LegacyEmbyRouteRewriteMiddleware.Invoke(HttpContext httpContext)
   at Microsoft.AspNetCore.ResponseCompression.ResponseCompressionMiddleware.InvokeCore(HttpContext context)
   at Jellyfin.Api.Middleware.ResponseTimeMiddleware.Invoke(HttpContext context, IServerConfigurationManager serverConfigurationManager)
   at Jellyfin.Api.Middleware.ExceptionMiddleware.Invoke(HttpContext context)
[2026-09-01 18:17:07.329 +00:00] [INF] [46] Jellyfin.Api.Helpers.MediaInfoHelper: User policy for "admin2". EnablePlaybackRemuxing: True EnableVideoPlaybackTranscoding: True EnableAudioPlaybackTranscoding: True
[2026-09-01 18:17:07.337 +00:00] [INF] [46] MediaBrowser.MediaEncoding.Transcoding.TranscodeManager: Deleting partial stream file(s) "/transcode/8c855ca4b8a9fb42f25e4a3f2b5601b0.m3u8"
[2026-09-01 18:17:07.449 +00:00] [INF] [46] Jellyfin.Api.Controllers.DynamicHlsController: Current HLS implementation doesn't support non-keyframe breaks but one is requested, ignoring that request
[2026-09-01 18:17:07.450 +00:00] [INF] [46] MediaBrowser.MediaEncoding.Transcoding.TranscodeManager: "/usr/lib/jellyfin-ffmpeg/ffmpeg" "-analyzeduration 200M -probesize 1G -f matroska -init_hw_device rkmpp=rk -hwaccel rkmpp -hwaccel_output_format drm_prime -noautorotate -afbc rga -i file:\"/media/movies/Clear and Present Danger.mkv\" -noautoscale -map_metadata -1 -map_chapters -1 -threads 0 -map 0:0 -map 0:1 -map -0:s -codec:v:0 h264_rkmpp -b:v 4129855 -maxrate 4129855 -bufsize 8259710 -profile:v:0 high -level 51 -g:v:0 72 -keyint_min:v:0 72 -vf \"setparams=color_primaries=bt709:color_trc=bt709:colorspace=bt709,vpp_rkrga=format=nv12:afbc=1\" -codec:a:0 libfdk_aac -ac 2 -ab 192000 -ar 48000 -copyts -avoid_negative_ts disabled -max_muxing_queue_size 2048 -f hls -max_delay 5000000 -hls_time 3 -hls_segment_type fmp4 -hls_fmp4_init_filename \"b15dc770dcbeca5ebb740921f7b5a15e-1.mp4\" -start_number 0 -hls_segment_filename \"/transcode/b15dc770dcbeca5ebb740921f7b5a15e%d.mp4\" -hls_playlist_type vod -hls_list_size 0 -hls_segment_options movflags=+frag_discont -y \"/transcode/b15dc770dcbeca5ebb740921f7b5a15e.m3u8\""
[2026-09-01 18:17:07.506 +00:00] [ERR] [42] MediaBrowser.MediaEncoding.Transcoding.TranscodeManager: FFmpeg exited with code 187
[2026-09-01 18:17:07.603 +00:00] [ERR] [42] Jellyfin.Api.Middleware.ExceptionMiddleware: Error processing request. URL "GET" "/videos/11cadcaa-96c3-0ce7-ead9-e45e62e3af01/hls1/main/-1.mp4".
MediaBrowser.Common.FfmpegException: FFmpeg exited with code 187
   at MediaBrowser.MediaEncoding.Transcoding.TranscodeManager.StartFfMpeg(StreamState state, String outputPath, String commandLineArguments, Guid userId, TranscodingJobType transcodingJobType, CancellationTokenSource cancellationTokenSource, String workingDirectory)
   at Jellyfin.Api.Controllers.DynamicHlsController.GetDynamicSegment(StreamingRequestDto streamingRequest, Int32 segmentId)
   at Jellyfin.Api.Controllers.DynamicHlsController.GetHlsVideoSegment(Guid itemId, String playlistId, Int32 segmentId, String container, Int64 runtimeTicks, Int64 actualSegmentLengthTicks, Nullable`1 static, String params, String tag, String deviceProfileId, String playSessionId, String segmentContainer, Nullable`1 segmentLength, Nullable`1 minSegments, String mediaSourceId, String deviceId, String audioCodec, Nullable`1 enableAutoStreamCopy, Nullable`1 allowVideoStreamCopy, Nullable`1 allowAudioStreamCopy, Nullable`1 breakOnNonKeyFrames, Nullable`1 audioSampleRate, Nullable`1 maxAudioBitDepth, Nullable`1 audioBitRate, Nullable`1 audioChannels, Nullable`1 maxAudioChannels, String profile, String level, Nullable`1 framerate, Nullable`1 maxFramerate, Nullable`1 copyTimestamps, Nullable`1 startTimeTicks, Nullable`1 width, Nullable`1 height, Nullable`1 maxWidth, Nullable`1 maxHeight, Nullable`1 videoBitRate, Nullable`1 subtitleStreamIndex, Nullable`1 subtitleMethod, Nullable`1 maxRefFrames, Nullable`1 maxVideoBitDepth, Nullable`1 requireAvc, Nullable`1 deInterlace, Nullable`1 requireNonAnamorphic, Nullable`1 transcodingMaxAudioChannels, Nullable`1 cpuCoreLimit, String liveStreamId, Nullable`1 enableMpegtsM2TsMode, String videoCodec, String subtitleCodec, String transcodeReasons, Nullable`1 audioStreamIndex, Nullable`1 videoStreamIndex, Nullable`1 context, Dictionary`2 streamOptions, Boolean enableAudioVbrEncoding, Boolean alwaysBurnInSubtitleWhenTranscoding)
   at lambda_method588(Closure, Object)
   at Microsoft.AspNetCore.Mvc.Infrastructure.ActionMethodExecutor.TaskOfActionResultExecutor.Execute(ActionContext actionContext, IActionResultTypeMapper mapper, ObjectMethodExecutor executor, Object controller, Object[] arguments)
   at Microsoft.AspNetCore.Mvc.Infrastructure.ControllerActionInvoker.<InvokeActionMethodAsync>g__Awaited|12_0(ControllerActionInvoker invoker, ValueTask`1 actionResultValueTask)
   at Microsoft.AspNetCore.Mvc.Infrastructure.ControllerActionInvoker.<InvokeNextActionFilterAsync>g__Awaited|10_0(ControllerActionInvoker invoker, Task lastTask, State next, Scope scope, Object state, Boolean isCompleted)
   at Microsoft.AspNetCore.Mvc.Infrastructure.ControllerActionInvoker.Rethrow(ActionExecutedContextSealed context)
   at Microsoft.AspNetCore.Mvc.Infrastructure.ControllerActionInvoker.Next(State& next, Scope& scope, Object& state, Boolean& isCompleted)
   at Microsoft.AspNetCore.Mvc.Infrastructure.ControllerActionInvoker.<InvokeInnerFilterAsync>g__Awaited|13_0(ControllerActionInvoker invoker, Task lastTask, State next, Scope scope, Object state, Boolean isCompleted)
   at Microsoft.AspNetCore.Mvc.Infrastructure.ResourceInvoker.<InvokeNextResourceFilter>g__Awaited|25_0(ResourceInvoker invoker, Task lastTask, State next, Scope scope, Object state, Boolean isCompleted)
   at Microsoft.AspNetCore.Mvc.Infrastructure.ResourceInvoker.Rethrow(ResourceExecutedContextSealed context)
   at Microsoft.AspNetCore.Mvc.Infrastructure.ResourceInvoker.Next(State& next, Scope& scope, Object& state, Boolean& isCompleted)
   at Microsoft.AspNetCore.Mvc.Infrastructure.ResourceInvoker.<InvokeFilterPipelineAsync>g__Awaited|20_0(ResourceInvoker invoker, Task lastTask, State next, Scope scope, Object state, Boolean isCompleted)
   at Microsoft.AspNetCore.Mvc.Infrastructure.ResourceInvoker.<InvokeAsync>g__Awaited|17_0(ResourceInvoker invoker, Task task, IDisposable scope)
   at Microsoft.AspNetCore.Mvc.Infrastructure.ResourceInvoker.<InvokeAsync>g__Awaited|17_0(ResourceInvoker invoker, Task task, IDisposable scope)
   at Jellyfin.Api.Middleware.ServerStartupMessageMiddleware.Invoke(HttpContext httpContext, IServerApplicationHost serverApplicationHost, ILocalizationManager localizationManager)
   at Jellyfin.Api.Middleware.WebSocketHandlerMiddleware.Invoke(HttpContext httpContext, IWebSocketManager webSocketManager)
   at Jellyfin.Api.Middleware.IPBasedAccessValidationMiddleware.Invoke(HttpContext httpContext, INetworkManager networkManager)
   at Jellyfin.Api.Middleware.LanFilteringMiddleware.Invoke(HttpContext httpContext, INetworkManager networkManager, IServerConfigurationManager serverConfigurationManager)
   at Microsoft.AspNetCore.Authorization.AuthorizationMiddleware.Invoke(HttpContext context)
   at Jellyfin.Api.Middleware.QueryStringDecodingMiddleware.Invoke(HttpContext httpContext)
   at Swashbuckle.AspNetCore.ReDoc.ReDocMiddleware.Invoke(HttpContext httpContext)
   at Swashbuckle.AspNetCore.SwaggerUI.SwaggerUIMiddleware.Invoke(HttpContext httpContext)
   at Swashbuckle.AspNetCore.Swagger.SwaggerMiddleware.Invoke(HttpContext httpContext, ISwaggerProvider swaggerProvider)
   at Microsoft.AspNetCore.Authentication.AuthenticationMiddleware.Invoke(HttpContext context)
   at Jellyfin.Api.Middleware.RobotsRedirectionMiddleware.Invoke(HttpContext httpContext)
   at Jellyfin.Api.Middleware.LegacyEmbyRouteRewriteMiddleware.Invoke(HttpContext httpContext)
   at Microsoft.AspNetCore.ResponseCompression.ResponseCompressionMiddleware.InvokeCore(HttpContext context)
   at Jellyfin.Api.Middleware.ResponseTimeMiddleware.Invoke(HttpContext context, IServerConfigurationManager serverConfigurationManager)
   at Jellyfin.Api.Middleware.ExceptionMiddleware.Invoke(HttpContext context)
[2026-09-01 18:17:07.623 +00:00] [INF] [32] MediaBrowser.MediaEncoding.Transcoding.TranscodeManager: Deleting partial stream file(s) "/transcode/b15dc770dcbeca5ebb740921f7b5a15e.m3u8"
[2026-09-01 18:17:09.122 +00:00] [INF] [42] Emby.Server.Implementations.Session.SessionManager: Playback stopped reported by app "Jellyfin Web" "10.10.7" playing "Clear and Present Danger". Stopped at "0" ms
[2026-09-01 18:17:09.134 +00:00] [INF] [46] Jellyfin.Plugin.PlaybackReporting.EventMonitorEntryPoint: Playback stop tracker found, processing stop : "TW96aWxsYS81LjAgKFdpbmRvd3MgTlQgMTAuMDsgV2luNjQ7IHg2NDsgcnY6MTU0LjApIEdlY2tvLzIwMTAwMTAxIEZpcmVmb3gvMTU0LjB8MTc4ODIxOTc2NDI5Nw11-8622faae841a48c5bb17541857a083c3-11cadcaa96c30ce7ead9e45e62e3af01"
[2026-09-01 18:17:09.134 +00:00] [INF] [46] Jellyfin.Plugin.PlaybackReporting.Data.PlaybackTracker: PlaybackTracker : Adding Stop Event : 09/01/2026 18:17:09
[2026-09-01 18:17:09.134 +00:00] [INF] [46] Jellyfin.Plugin.PlaybackReporting.EventMonitorEntryPoint: Playback stop but TrackedPlaybackInfo not found! not storing activity in DB
[2026-09-01 18:17:26.972 +00:00] [INF] [14] Jellyfin.Plugin.PlaybackReporting.EventMonitorEntryPoint: session.RemoteEndPoint : "127.0.0.1"
[2026-09-01 18:17:26.972 +00:00] [INF] [14] Jellyfin.Plugin.PlaybackReporting.EventMonitorEntryPoint: StartPlaybackTimer : event_playing_id     = "11cadcaa96c30ce7ead9e45e62e3af01"
[2026-09-01 18:17:26.972 +00:00] [INF] [14] Jellyfin.Plugin.PlaybackReporting.EventMonitorEntryPoint: StartPlaybackTimer : event_user_id        = "8622faae841a48c5bb17541857a083c3"
[2026-09-01 18:17:26.972 +00:00] [INF] [14] Jellyfin.Plugin.PlaybackReporting.EventMonitorEntryPoint: StartPlaybackTimer : event_user_id_int    = 1
[2026-09-01 18:17:26.972 +00:00] [INF] [14] Jellyfin.Plugin.PlaybackReporting.EventMonitorEntryPoint: StartPlaybackTimer : session_playing_id   = ""
[2026-09-01 18:17:26.972 +00:00] [INF] [14] Jellyfin.Plugin.PlaybackReporting.EventMonitorEntryPoint: StartPlaybackTimer : session_user_id      = "8622faae841a48c5bb17541857a083c3"
[2026-09-01 18:17:26.972 +00:00] [INF] [14] Jellyfin.Plugin.PlaybackReporting.EventMonitorEntryPoint: StartPlaybackTimer : play_method          = "na"
[2026-09-01 18:17:26.972 +00:00] [INF] [14] Jellyfin.Plugin.PlaybackReporting.EventMonitorEntryPoint: StartPlaybackTimer : e.ClientName         = "Jellyfin Web"
[2026-09-01 18:17:26.972 +00:00] [INF] [14] Jellyfin.Plugin.PlaybackReporting.EventMonitorEntryPoint: StartPlaybackTimer : e.DeviceName         = "Firefox"
[2026-09-01 18:17:26.972 +00:00] [INF] [14] Jellyfin.Plugin.PlaybackReporting.EventMonitorEntryPoint: StartPlaybackTimer : ItemName             = "Clear and Present Danger"
[2026-09-01 18:17:26.973 +00:00] [INF] [14] Jellyfin.Plugin.PlaybackReporting.EventMonitorEntryPoint: StartPlaybackTimer : ItemId               = "11cadcaa96c30ce7ead9e45e62e3af01"
[2026-09-01 18:17:26.973 +00:00] [INF] [14] Jellyfin.Plugin.PlaybackReporting.EventMonitorEntryPoint: StartPlaybackTimer : ItemType             = "Movie"
[2026-09-01 18:17:26.973 +00:00] [INF] [14] Jellyfin.Plugin.PlaybackReporting.EventMonitorEntryPoint: StartPlaybackTimer : Details do not match for play item
[2026-09-01 18:17:26.973 +00:00] [INF] [14] Jellyfin.Plugin.PlaybackReporting.EventMonitorEntryPoint: StartPlaybackTimer : Exited
