[2026-09-02 00:00:00.011 +00:00] [INF] [42] Jellyfin.Plugin.PlaybackReporting.TaskCleanDb: Playback Reporting Data Trim
[2026-09-02 00:00:00.012 +00:00] [INF] [42] Jellyfin.Plugin.PlaybackReporting.TaskCleanDb: MaxDataAge : 3
[2026-09-02 00:00:00.020 +00:00] [INF] [42] Jellyfin.Plugin.PlaybackReporting.Data.ActivityRepository: DeleteOldData : "delete from PlaybackActivity where DateCreated < '2026-06-02 00:00:00.0128476'"
[2026-09-02 00:00:00.023 +00:00] [INF] [42] Jellyfin.Plugin.PlaybackReporting.Data.ActivityRepository: Default journal_mode for "/config/data/playback_reporting.db" is "delete"
[2026-09-02 00:00:00.030 +00:00] [INF] [42] Emby.Server.Implementations.ScheduledTasks.TaskManager: "Playback Reporting Trim Db" Completed after 0 minute(s) and 0 seconds
[2026-09-02 00:00:01.002 +00:00] [INF] [42] Emby.Server.Implementations.ScheduledTasks.TaskManager: Daily trigger for "Playback Reporting Trim Db" set to fire at 2026-09-03 00:00:00.000 +00:00, which is 23:59:58.9977616 from now.
[2026-09-02 02:00:00.074 +00:00] [INF] [17] Emby.Server.Implementations.MediaEncoder.EncodingManager: Skipping chapter image extraction for "Dressing the Part" as the average chapter duration 0 was lower than the minimum threshold 10000000
[2026-09-02 02:00:00.074 +00:00] [INF] [17] Emby.Server.Implementations.MediaEncoder.EncodingManager: Skipping chapter image extraction for "Insider Trading" as the average chapter duration 0 was lower than the minimum threshold 10000000
[2026-09-02 02:00:00.075 +00:00] [INF] [17] Emby.Server.Implementations.MediaEncoder.EncodingManager: Skipping chapter image extraction for "james cameron" as the average chapter duration 0 was lower than the minimum threshold 10000000
[2026-09-02 02:00:00.076 +00:00] [INF] [17] Emby.Server.Implementations.MediaEncoder.EncodingManager: Skipping chapter image extraction for "industry promotion" as the average chapter duration 0 was lower than the minimum threshold 10000000
[2026-09-02 02:00:00.076 +00:00] [INF] [17] Emby.Server.Implementations.MediaEncoder.EncodingManager: Skipping chapter image extraction for "the Trade" as the average chapter duration 0 was lower than the minimum threshold 10000000
[2026-09-02 02:00:00.076 +00:00] [INF] [17] Emby.Server.Implementations.MediaEncoder.EncodingManager: Skipping chapter image extraction for "Extra-3" as the average chapter duration 0 was lower than the minimum threshold 10000000
[2026-09-02 02:00:00.077 +00:00] [INF] [17] Emby.Server.Implementations.MediaEncoder.EncodingManager: Skipping chapter image extraction for "Extra-2" as the average chapter duration 0 was lower than the minimum threshold 10000000
[2026-09-02 02:00:00.077 +00:00] [INF] [17] Emby.Server.Implementations.MediaEncoder.EncodingManager: Skipping chapter image extraction for "producer" as the average chapter duration 0 was lower than the minimum threshold 10000000
[2026-09-02 02:00:00.077 +00:00] [INF] [17] Emby.Server.Implementations.MediaEncoder.EncodingManager: Skipping chapter image extraction for "james cameron" as the average chapter duration 0 was lower than the minimum threshold 10000000
[2026-09-02 02:00:00.079 +00:00] [INF] [17] Emby.Server.Implementations.MediaEncoder.EncodingManager: Skipping chapter image extraction for "interviews" as the average chapter duration 0 was lower than the minimum threshold 10000000
[2026-09-02 02:00:00.080 +00:00] [INF] [17] Emby.Server.Implementations.MediaEncoder.EncodingManager: Skipping chapter image extraction for "mechanical alien" as the average chapter duration 0 was lower than the minimum threshold 10000000
[2026-09-02 02:00:00.081 +00:00] [INF] [17] Emby.Server.Implementations.MediaEncoder.EncodingManager: Skipping chapter image extraction for "vault scene" as the average chapter duration 0 was lower than the minimum threshold 10000000
[2026-09-02 02:00:00.081 +00:00] [INF] [17] Emby.Server.Implementations.MediaEncoder.EncodingManager: Skipping chapter image extraction for "mechanical alien" as the average chapter duration 0 was lower than the minimum threshold 10000000
[2026-09-02 02:00:00.082 +00:00] [INF] [17] Emby.Server.Implementations.MediaEncoder.EncodingManager: Skipping chapter image extraction for "james cameron" as the average chapter duration 0 was lower than the minimum threshold 10000000
[2026-09-02 02:00:00.082 +00:00] [INF] [17] Emby.Server.Implementations.MediaEncoder.EncodingManager: Skipping chapter image extraction for "mechanical alien" as the average chapter duration 0 was lower than the minimum threshold 10000000
[2026-09-02 02:00:00.083 +00:00] [INF] [17] Emby.Server.Implementations.MediaEncoder.EncodingManager: Skipping chapter image extraction for "james cameron" as the average chapter duration 0 was lower than the minimum threshold 10000000
[2026-09-02 02:00:00.083 +00:00] [INF] [17] Emby.Server.Implementations.MediaEncoder.EncodingManager: Skipping chapter image extraction for "mechanical alien" as the average chapter duration 0 was lower than the minimum threshold 10000000
[2026-09-02 02:00:00.084 +00:00] [INF] [17] Emby.Server.Implementations.MediaEncoder.EncodingManager: Skipping chapter image extraction for "james cameron" as the average chapter duration 0 was lower than the minimum threshold 10000000
[2026-09-02 02:00:00.085 +00:00] [INF] [17] Emby.Server.Implementations.MediaEncoder.EncodingManager: Skipping chapter image extraction for "rudy extra 1" as the average chapter duration 0 was lower than the minimum threshold 10000000
[2026-09-02 02:00:00.085 +00:00] [INF] [17] Emby.Server.Implementations.MediaEncoder.EncodingManager: Skipping chapter image extraction for "mechanical alien" as the average chapter duration 0 was lower than the minimum threshold 10000000
[2026-09-02 02:00:00.085 +00:00] [INF] [17] Emby.Server.Implementations.MediaEncoder.EncodingManager: Skipping chapter image extraction for "james cameron" as the average chapter duration 0 was lower than the minimum threshold 10000000
[2026-09-02 02:00:00.086 +00:00] [INF] [17] Emby.Server.Implementations.MediaEncoder.EncodingManager: Skipping chapter image extraction for "mechanical alien" as the average chapter duration 0 was lower than the minimum threshold 10000000
[2026-09-02 02:00:00.086 +00:00] [INF] [17] Emby.Server.Implementations.MediaEncoder.EncodingManager: Skipping chapter image extraction for "james cameron" as the average chapter duration 0 was lower than the minimum threshold 10000000
[2026-09-02 02:00:00.087 +00:00] [INF] [17] Emby.Server.Implementations.MediaEncoder.EncodingManager: Skipping chapter image extraction for "mechanical alien" as the average chapter duration 0 was lower than the minimum threshold 10000000
[2026-09-02 02:00:00.087 +00:00] [INF] [17] Emby.Server.Implementations.MediaEncoder.EncodingManager: Skipping chapter image extraction for "Making of Rocky Balboa" as the average chapter duration 0 was lower than the minimum threshold 10000000
[2026-09-02 02:00:00.087 +00:00] [INF] [17] Emby.Server.Implementations.MediaEncoder.EncodingManager: Skipping chapter image extraction for "mechanical alien" as the average chapter duration 0 was lower than the minimum threshold 10000000
[2026-09-02 02:00:00.088 +00:00] [INF] [17] Emby.Server.Implementations.MediaEncoder.EncodingManager: Skipping chapter image extraction for "filming the final fight" as the average chapter duration 0 was lower than the minimum threshold 10000000
[2026-09-02 02:00:00.088 +00:00] [INF] [17] Emby.Server.Implementations.MediaEncoder.EncodingManager: Skipping chapter image extraction for "james cameron" as the average chapter duration 0 was lower than the minimum threshold 10000000
[2026-09-02 02:00:00.088 +00:00] [INF] [17] Emby.Server.Implementations.MediaEncoder.EncodingManager: Skipping chapter image extraction for "Virtual Champion" as the average chapter duration 0 was lower than the minimum threshold 10000000
[2026-09-02 02:00:00.089 +00:00] [INF] [17] Emby.Server.Implementations.MediaEncoder.EncodingManager: Skipping chapter image extraction for "fight makeup" as the average chapter duration 0 was lower than the minimum threshold 10000000
[2026-09-02 02:00:00.090 +00:00] [INF] [17] Emby.Server.Implementations.MediaEncoder.EncodingManager: Skipping chapter image extraction for "play to win" as the average chapter duration 0 was lower than the minimum threshold 10000000
[2026-09-02 02:00:00.090 +00:00] [INF] [17] Emby.Server.Implementations.MediaEncoder.EncodingManager: Skipping chapter image extraction for "winner take all" as the average chapter duration 0 was lower than the minimum threshold 10000000
[2026-09-02 02:00:00.090 +00:00] [INF] [17] Emby.Server.Implementations.MediaEncoder.EncodingManager: Skipping chapter image extraction for "james cameron" as the average chapter duration 0 was lower than the minimum threshold 10000000
[2026-09-02 02:00:00.091 +00:00] [INF] [17] Emby.Server.Implementations.MediaEncoder.EncodingManager: Skipping chapter image extraction for "mechanical alien" as the average chapter duration 0 was lower than the minimum threshold 10000000
[2026-09-02 02:00:00.093 +00:00] [INF] [17] Emby.Server.Implementations.MediaEncoder.EncodingManager: Skipping chapter image extraction for "Extra-2" as the average chapter duration 0 was lower than the minimum threshold 10000000
[2026-09-02 02:00:00.093 +00:00] [INF] [17] Emby.Server.Implementations.MediaEncoder.EncodingManager: Skipping chapter image extraction for "Extra-4" as the average chapter duration 0 was lower than the minimum threshold 10000000
[2026-09-02 02:00:00.093 +00:00] [INF] [17] Emby.Server.Implementations.MediaEncoder.EncodingManager: Skipping chapter image extraction for "Extra-5" as the average chapter duration 0 was lower than the minimum threshold 10000000
[2026-09-02 02:00:00.093 +00:00] [INF] [17] Emby.Server.Implementations.MediaEncoder.EncodingManager: Skipping chapter image extraction for "james cameron" as the average chapter duration 0 was lower than the minimum threshold 10000000
[2026-09-02 02:00:00.094 +00:00] [INF] [17] Emby.Server.Implementations.MediaEncoder.EncodingManager: Skipping chapter image extraction for "mechanical alien" as the average chapter duration 0 was lower than the minimum threshold 10000000
[2026-09-02 02:00:00.094 +00:00] [INF] [17] Emby.Server.Implementations.MediaEncoder.EncodingManager: Skipping chapter image extraction for "Extra-7" as the average chapter duration 0 was lower than the minimum threshold 10000000
[2026-09-02 02:00:00.094 +00:00] [INF] [17] Emby.Server.Implementations.MediaEncoder.EncodingManager: Skipping chapter image extraction for "Extra-6" as the average chapter duration 0 was lower than the minimum threshold 10000000
[2026-09-02 02:00:00.095 +00:00] [INF] [17] Emby.Server.Implementations.MediaEncoder.EncodingManager: Skipping chapter image extraction for "Extra-1" as the average chapter duration 0 was lower than the minimum threshold 10000000
[2026-09-02 02:00:00.095 +00:00] [INF] [17] Emby.Server.Implementations.MediaEncoder.EncodingManager: Skipping chapter image extraction for "Extra-3" as the average chapter duration 0 was lower than the minimum threshold 10000000
[2026-09-02 02:00:00.102 +00:00] [INF] [17] Emby.Server.Implementations.MediaEncoder.EncodingManager: Skipping chapter image extraction for "mechanical alien" as the average chapter duration 0 was lower than the minimum threshold 10000000
[2026-09-02 02:00:00.102 +00:00] [INF] [17] Emby.Server.Implementations.MediaEncoder.EncodingManager: Skipping chapter image extraction for "the longest trek" as the average chapter duration 0 was lower than the minimum threshold 10000000
[2026-09-02 02:00:00.103 +00:00] [INF] [17] Emby.Server.Implementations.MediaEncoder.EncodingManager: Skipping chapter image extraction for "Star Trek Rellics" as the average chapter duration 0 was lower than the minimum threshold 10000000
[2026-09-02 02:00:00.103 +00:00] [INF] [17] Emby.Server.Implementations.MediaEncoder.EncodingManager: Skipping chapter image extraction for "Star Trek Genesis composer" as the average chapter duration 0 was lower than the minimum threshold 10000000
[2026-09-02 02:00:00.104 +00:00] [INF] [17] Emby.Server.Implementations.MediaEncoder.EncodingManager: Skipping chapter image extraction for "tribute to ricardo montalban" as the average chapter duration 0 was lower than the minimum threshold 10000000
[2026-09-02 02:00:00.104 +00:00] [INF] [17] Emby.Server.Implementations.MediaEncoder.EncodingManager: Skipping chapter image extraction for "Klingons and Shakspeare" as the average chapter duration 0 was lower than the minimum threshold 10000000
[2026-09-02 02:00:00.104 +00:00] [INF] [17] Emby.Server.Implementations.MediaEncoder.EncodingManager: Skipping chapter image extraction for "Alien Stuntman" as the average chapter duration 0 was lower than the minimum threshold 10000000
[2026-09-02 02:00:00.105 +00:00] [INF] [17] Emby.Server.Implementations.MediaEncoder.EncodingManager: Skipping chapter image extraction for "james cameron" as the average chapter duration 0 was lower than the minimum threshold 10000000
[2026-09-02 02:00:00.105 +00:00] [INF] [17] Emby.Server.Implementations.ScheduledTasks.TaskManager: "Extract Chapter Images" Completed after 0 minute(s) and 0 seconds
[2026-09-02 02:00:00.999 +00:00] [INF] [18] Emby.Server.Implementations.ScheduledTasks.TaskManager: Daily trigger for "Extract Chapter Images" set to fire at 2026-09-03 02:00:00.000 +00:00, which is 23:59:59.0009126 from now.
[2026-09-02 02:49:50.552 +00:00] [INF] [19] Jellyfin.Api.Helpers.MediaInfoHelper: User policy for "admin2". EnablePlaybackRemuxing: True EnableVideoPlaybackTranscoding: True EnableAudioPlaybackTranscoding: True
[2026-09-02 02:50:04.970 +00:00] [INF] [25] Jellyfin.Plugin.PlaybackReporting.EventMonitorEntryPoint: Adding playback tracker : TW96aWxsYS81LjAgKFdpbmRvd3MgTlQgMTAuMDsgV2luNjQ7IHg2NDsgcnY6MTU0LjApIEdlY2tvLzIwMTAwMTAxIEZpcmVmb3gvMTU0LjB8MTc4ODIxOTc2NDI5Nw11-8622faae841a48c5bb17541857a083c3-e18b82c06f6cb966bc3139d8b5dc50f9
[2026-09-02 02:50:04.970 +00:00] [INF] [25] Jellyfin.Plugin.PlaybackReporting.Data.PlaybackTracker: PlaybackTracker : Adding Start Event : 09/02/2026 02:50:04
[2026-09-02 02:50:04.971 +00:00] [INF] [25] Jellyfin.Plugin.PlaybackReporting.EventMonitorEntryPoint: Creating StartPlaybackTimer Task
[2026-09-02 02:50:04.971 +00:00] [INF] [25] Jellyfin.Plugin.PlaybackReporting.EventMonitorEntryPoint: StartPlaybackTimer : Entered
[2026-09-02 02:50:04.980 +00:00] [INF] [19] Jellyfin.Plugin.PlaybackReporting.EventMonitorEntryPoint: Processing playback tracker : "TW96aWxsYS81LjAgKFdpbmRvd3MgTlQgMTAuMDsgV2luNjQ7IHg2NDsgcnY6MTU0LjApIEdlY2tvLzIwMTAwMTAxIEZpcmVmb3gvMTU0LjB8MTc4ODIxOTc2NDI5Nw11-8622faae841a48c5bb17541857a083c3-e18b82c06f6cb966bc3139d8b5dc50f9"
[2026-09-02 02:50:22.331 +00:00] [INF] [25] Emby.Server.Implementations.Session.SessionManager: Playback stopped reported by app "Jellyfin Web" "10.10.7" playing "Caddyshack". Stopped at "16108" ms
[2026-09-02 02:50:22.341 +00:00] [INF] [37] Jellyfin.Plugin.PlaybackReporting.EventMonitorEntryPoint: Playback stop tracker found, processing stop : "TW96aWxsYS81LjAgKFdpbmRvd3MgTlQgMTAuMDsgV2luNjQ7IHg2NDsgcnY6MTU0LjApIEdlY2tvLzIwMTAwMTAxIEZpcmVmb3gvMTU0LjB8MTc4ODIxOTc2NDI5Nw11-8622faae841a48c5bb17541857a083c3-e18b82c06f6cb966bc3139d8b5dc50f9"
[2026-09-02 02:50:22.341 +00:00] [INF] [37] Jellyfin.Plugin.PlaybackReporting.Data.PlaybackTracker: PlaybackTracker : Adding Stop Event : 09/02/2026 02:50:22
[2026-09-02 02:50:22.341 +00:00] [INF] [37] Jellyfin.Plugin.PlaybackReporting.EventMonitorEntryPoint: Playback stop but TrackedPlaybackInfo not found! not storing activity in DB
[2026-09-02 02:50:23.707 +00:00] [INF] [19] Jellyfin.Api.Helpers.MediaInfoHelper: User policy for "admin2". EnablePlaybackRemuxing: True EnableVideoPlaybackTranscoding: True EnableAudioPlaybackTranscoding: True
[2026-09-02 02:50:24.185 +00:00] [INF] [43] Jellyfin.Plugin.PlaybackReporting.EventMonitorEntryPoint: Adding playback tracker : TW96aWxsYS81LjAgKFdpbmRvd3MgTlQgMTAuMDsgV2luNjQ7IHg2NDsgcnY6MTU0LjApIEdlY2tvLzIwMTAwMTAxIEZpcmVmb3gvMTU0LjB8MTc4ODIxOTc2NDI5Nw11-8622faae841a48c5bb17541857a083c3-8e3b59d56a27a7b3406626426096a137
[2026-09-02 02:50:24.185 +00:00] [INF] [43] Jellyfin.Plugin.PlaybackReporting.Data.PlaybackTracker: PlaybackTracker : Adding Start Event : 09/02/2026 02:50:24
[2026-09-02 02:50:24.185 +00:00] [INF] [43] Jellyfin.Plugin.PlaybackReporting.EventMonitorEntryPoint: Creating StartPlaybackTimer Task
[2026-09-02 02:50:24.185 +00:00] [INF] [37] Jellyfin.Plugin.PlaybackReporting.EventMonitorEntryPoint: StartPlaybackTimer : Entered
[2026-09-02 02:50:24.199 +00:00] [INF] [43] Jellyfin.Plugin.PlaybackReporting.EventMonitorEntryPoint: Processing playback tracker : "TW96aWxsYS81LjAgKFdpbmRvd3MgTlQgMTAuMDsgV2luNjQ7IHg2NDsgcnY6MTU0LjApIEdlY2tvLzIwMTAwMTAxIEZpcmVmb3gvMTU0LjB8MTc4ODIxOTc2NDI5Nw11-8622faae841a48c5bb17541857a083c3-8e3b59d56a27a7b3406626426096a137"
[2026-09-02 02:50:24.969 +00:00] [INF] [43] Jellyfin.Plugin.PlaybackReporting.EventMonitorEntryPoint: session.RemoteEndPoint : "127.0.0.1"
[2026-09-02 02:50:24.969 +00:00] [INF] [43] Jellyfin.Plugin.PlaybackReporting.EventMonitorEntryPoint: StartPlaybackTimer : event_playing_id     = "e18b82c06f6cb966bc3139d8b5dc50f9"
[2026-09-02 02:50:24.969 +00:00] [INF] [43] Jellyfin.Plugin.PlaybackReporting.EventMonitorEntryPoint: StartPlaybackTimer : event_user_id        = "8622faae841a48c5bb17541857a083c3"
[2026-09-02 02:50:24.969 +00:00] [INF] [43] Jellyfin.Plugin.PlaybackReporting.EventMonitorEntryPoint: StartPlaybackTimer : event_user_id_int    = 1
[2026-09-02 02:50:24.969 +00:00] [INF] [43] Jellyfin.Plugin.PlaybackReporting.EventMonitorEntryPoint: StartPlaybackTimer : session_playing_id   = "8e3b59d56a27a7b3406626426096a137"
[2026-09-02 02:50:24.969 +00:00] [INF] [43] Jellyfin.Plugin.PlaybackReporting.EventMonitorEntryPoint: StartPlaybackTimer : session_user_id      = "8622faae841a48c5bb17541857a083c3"
[2026-09-02 02:50:24.969 +00:00] [INF] [43] Jellyfin.Plugin.PlaybackReporting.EventMonitorEntryPoint: StartPlaybackTimer : play_method          = "DirectPlay"
[2026-09-02 02:50:24.969 +00:00] [INF] [43] Jellyfin.Plugin.PlaybackReporting.EventMonitorEntryPoint: StartPlaybackTimer : e.ClientName         = "Jellyfin Web"
[2026-09-02 02:50:24.969 +00:00] [INF] [43] Jellyfin.Plugin.PlaybackReporting.EventMonitorEntryPoint: StartPlaybackTimer : e.DeviceName         = "Firefox"
[2026-09-02 02:50:24.969 +00:00] [INF] [43] Jellyfin.Plugin.PlaybackReporting.EventMonitorEntryPoint: StartPlaybackTimer : ItemName             = "Caddyshack"
[2026-09-02 02:50:24.969 +00:00] [INF] [43] Jellyfin.Plugin.PlaybackReporting.EventMonitorEntryPoint: StartPlaybackTimer : ItemId               = "e18b82c06f6cb966bc3139d8b5dc50f9"
[2026-09-02 02:50:24.969 +00:00] [INF] [43] Jellyfin.Plugin.PlaybackReporting.EventMonitorEntryPoint: StartPlaybackTimer : ItemType             = "Movie"
[2026-09-02 02:50:24.969 +00:00] [INF] [43] Jellyfin.Plugin.PlaybackReporting.EventMonitorEntryPoint: StartPlaybackTimer : Details do not match for play item
[2026-09-02 02:50:24.969 +00:00] [INF] [43] Jellyfin.Plugin.PlaybackReporting.EventMonitorEntryPoint: StartPlaybackTimer : Exited
[2026-09-02 02:50:27.074 +00:00] [INF] [43] Emby.Server.Implementations.Session.SessionManager: Playback stopped reported by app "Jellyfin Web" "10.10.7" playing "Castle in the Sky". Stopped at "2111" ms
[2026-09-02 02:50:27.082 +00:00] [INF] [35] Jellyfin.Plugin.PlaybackReporting.EventMonitorEntryPoint: Playback stop tracker found, processing stop : "TW96aWxsYS81LjAgKFdpbmRvd3MgTlQgMTAuMDsgV2luNjQ7IHg2NDsgcnY6MTU0LjApIEdlY2tvLzIwMTAwMTAxIEZpcmVmb3gvMTU0LjB8MTc4ODIxOTc2NDI5Nw11-8622faae841a48c5bb17541857a083c3-8e3b59d56a27a7b3406626426096a137"
[2026-09-02 02:50:27.082 +00:00] [INF] [35] Jellyfin.Plugin.PlaybackReporting.Data.PlaybackTracker: PlaybackTracker : Adding Stop Event : 09/02/2026 02:50:27
[2026-09-02 02:50:27.082 +00:00] [INF] [35] Jellyfin.Plugin.PlaybackReporting.EventMonitorEntryPoint: Playback stop but TrackedPlaybackInfo not found! not storing activity in DB
[2026-09-02 02:50:28.022 +00:00] [INF] [19] Jellyfin.Api.Helpers.MediaInfoHelper: User policy for "admin2". EnablePlaybackRemuxing: True EnableVideoPlaybackTranscoding: True EnableAudioPlaybackTranscoding: True
[2026-09-02 02:50:28.402 +00:00] [INF] [27] Jellyfin.Api.Controllers.DynamicHlsController: Current HLS implementation doesn't support non-keyframe breaks but one is requested, ignoring that request
[2026-09-02 02:50:28.403 +00:00] [INF] [27] MediaBrowser.MediaEncoding.Transcoding.TranscodeManager: "/usr/lib/jellyfin-ffmpeg/ffmpeg" "-analyzeduration 200M -probesize 1G -f matroska -init_hw_device rkmpp=rk -hwaccel rkmpp -hwaccel_output_format drm_prime -noautorotate -afbc rga -i file:\"/media/movies/Clear and Present Danger.mkv\" -noautoscale -map_metadata -1 -map_chapters -1 -threads 0 -map 0:0 -map 0:1 -map -0:s -codec:v:0 h264_rkmpp -b:v 4129855 -maxrate 4129855 -bufsize 8259710 -profile:v:0 high -level 51 -g:v:0 72 -keyint_min:v:0 72 -vf \"setparams=color_primaries=bt709:color_trc=bt709:colorspace=bt709,vpp_rkrga=format=nv12:afbc=1\" -codec:a:0 copy -copyts -avoid_negative_ts disabled -max_muxing_queue_size 2048 -f hls -max_delay 5000000 -hls_time 3 -hls_segment_type fmp4 -hls_fmp4_init_filename \"92960308b14c10e90669ae7ae9b6ba4e-1.mp4\" -start_number 0 -hls_segment_filename \"/transcode/92960308b14c10e90669ae7ae9b6ba4e%d.mp4\" -hls_playlist_type vod -hls_list_size 0 -hls_segment_options movflags=+frag_discont -y \"/transcode/92960308b14c10e90669ae7ae9b6ba4e.m3u8\""
[2026-09-02 02:50:28.463 +00:00] [ERR] [27] MediaBrowser.MediaEncoding.Transcoding.TranscodeManager: FFmpeg exited with code 187
[2026-09-02 02:50:28.554 +00:00] [ERR] [27] Jellyfin.Api.Middleware.ExceptionMiddleware: Error processing request. URL "GET" "/videos/11cadcaa-96c3-0ce7-ead9-e45e62e3af01/hls1/main/-1.mp4".
MediaBrowser.Common.FfmpegException: FFmpeg exited with code 187
   at MediaBrowser.MediaEncoding.Transcoding.TranscodeManager.StartFfMpeg(StreamState state, String outputPath, String commandLineArguments, Guid userId, TranscodingJobType transcodingJobType, CancellationTokenSource cancellationTokenSource, String workingDirectory)
   at Jellyfin.Api.Controllers.DynamicHlsController.GetDynamicSegment(StreamingRequestDto streamingRequest, Int32 segmentId)
   at Jellyfin.Api.Controllers.DynamicHlsController.GetHlsVideoSegment(Guid itemId, String playlistId, Int32 segmentId, String container, Int64 runtimeTicks, Int64 actualSegmentLengthTicks, Nullable`1 static, String params, String tag, String deviceProfileId, String playSessionId, String segmentContainer, Nullable`1 segmentLength, Nullable`1 minSegments, String mediaSourceId, String deviceId, String audioCodec, Nullable`1 enableAutoStreamCopy, Nullable`1 allowVideoStreamCopy, Nullable`1 allowAudioStreamCopy, Nullable`1 breakOnNonKeyFrames, Nullable`1 audioSampleRate, Nullable`1 maxAudioBitDepth, Nullable`1 audioBitRate, Nullable`1 audioChannels, Nullable`1 maxAudioChannels, String profile, String level, Nullable`1 framerate, Nullable`1 maxFramerate, Nullable`1 copyTimestamps, Nullable`1 startTimeTicks, Nullable`1 width, Nullable`1 height, Nullable`1 maxWidth, Nullable`1 maxHeight, Nullable`1 videoBitRate, Nullable`1 subtitleStreamIndex, Nullable`1 subtitleMethod, Nullable`1 maxRefFrames, Nullable`1 maxVideoBitDepth, Nullable`1 requireAvc, Nullable`1 deInterlace, Nullable`1 requireNonAnamorphic, Nullable`1 transcodingMaxAudioChannels, Nullable`1 cpuCoreLimit, String liveStreamId, Nullable`1 enableMpegtsM2TsMode, String videoCodec, String subtitleCodec, String transcodeReasons, Nullable`1 audioStreamIndex, Nullable`1 videoStreamIndex, Nullable`1 context, Dictionary`2 streamOptions, Boolean enableAudioVbrEncoding, Boolean alwaysBurnInSubtitleWhenTranscoding)
   at lambda_method588(Closure, Object)
   at Microsoft.AspNetCore.Mvc.Infrastructure.ActionMethodExecutor.TaskOfActionResultExecutor.Execute(ActionContext actionContext, IActionResultTypeMapper mapper, ObjectMethodExecutor executor, Object controller, Object[] arguments)
   at Microsoft.AspNetCore.Mvc.Infrastructure.ControllerActionInvoker.<InvokeActionMethodAsync>g__Awaited|12_0(ControllerActionInvoker invoker, ValueTask`1 actionResultValueTask)
   at Microsoft.AspNetCore.Mvc.Infrastructure.ControllerActionInvoker.<InvokeNextActionFilterAsync>g__Awaited|10_0(ControllerActionInvoker invoker, Task lastTask, State next, Scope scope, Object state, Boolean isCompleted)
   at Microsoft.AspNetCore.Mvc.Infrastructure.ControllerActionInvoker.Rethrow(ActionExecutedContextSealed context)
   at Microsoft.AspNetCore.Mvc.Infrastructure.ControllerActionInvoker.Next(State& next, Scope& scope, Object& state, Boolean& isCompleted)
   at Microsoft.AspNetCore.Mvc.Infrastructure.ControllerActionInvoker.<InvokeInnerFilterAsync>g__Awaited|13_0(ControllerActionInvoker invoker, Task lastTask, State next, Scope scope, Object state, Boolean isCompleted)
   at Microsoft.AspNetCore.Mvc.Infrastructure.ResourceInvoker.<InvokeNextResourceFilter>g__Awaited|25_0(ResourceInvoker invoker, Task lastTask, State next, Scope scope, Object state, Boolean isCompleted)
   at Microsoft.AspNetCore.Mvc.Infrastructure.ResourceInvoker.Rethrow(ResourceExecutedContextSealed context)
   at Microsoft.AspNetCore.Mvc.Infrastructure.ResourceInvoker.Next(State& next, Scope& scope, Object& state, Boolean& isCompleted)
   at Microsoft.AspNetCore.Mvc.Infrastructure.ResourceInvoker.<InvokeFilterPipelineAsync>g__Awaited|20_0(ResourceInvoker invoker, Task lastTask, State next, Scope scope, Object state, Boolean isCompleted)
   at Microsoft.AspNetCore.Mvc.Infrastructure.ResourceInvoker.<InvokeAsync>g__Awaited|17_0(ResourceInvoker invoker, Task task, IDisposable scope)
   at Microsoft.AspNetCore.Mvc.Infrastructure.ResourceInvoker.<InvokeAsync>g__Awaited|17_0(ResourceInvoker invoker, Task task, IDisposable scope)
   at Jellyfin.Api.Middleware.ServerStartupMessageMiddleware.Invoke(HttpContext httpContext, IServerApplicationHost serverApplicationHost, ILocalizationManager localizationManager)
   at Jellyfin.Api.Middleware.WebSocketHandlerMiddleware.Invoke(HttpContext httpContext, IWebSocketManager webSocketManager)
   at Jellyfin.Api.Middleware.IPBasedAccessValidationMiddleware.Invoke(HttpContext httpContext, INetworkManager networkManager)
   at Jellyfin.Api.Middleware.LanFilteringMiddleware.Invoke(HttpContext httpContext, INetworkManager networkManager, IServerConfigurationManager serverConfigurationManager)
   at Microsoft.AspNetCore.Authorization.AuthorizationMiddleware.Invoke(HttpContext context)
   at Jellyfin.Api.Middleware.QueryStringDecodingMiddleware.Invoke(HttpContext httpContext)
   at Swashbuckle.AspNetCore.ReDoc.ReDocMiddleware.Invoke(HttpContext httpContext)
   at Swashbuckle.AspNetCore.SwaggerUI.SwaggerUIMiddleware.Invoke(HttpContext httpContext)
   at Swashbuckle.AspNetCore.Swagger.SwaggerMiddleware.Invoke(HttpContext httpContext, ISwaggerProvider swaggerProvider)
   at Microsoft.AspNetCore.Authentication.AuthenticationMiddleware.Invoke(HttpContext context)
   at Jellyfin.Api.Middleware.RobotsRedirectionMiddleware.Invoke(HttpContext httpContext)
   at Jellyfin.Api.Middleware.LegacyEmbyRouteRewriteMiddleware.Invoke(HttpContext httpContext)
   at Microsoft.AspNetCore.ResponseCompression.ResponseCompressionMiddleware.InvokeCore(HttpContext context)
   at Jellyfin.Api.Middleware.ResponseTimeMiddleware.Invoke(HttpContext context, IServerConfigurationManager serverConfigurationManager)
   at Jellyfin.Api.Middleware.ExceptionMiddleware.Invoke(HttpContext context)
[2026-09-02 02:50:28.615 +00:00] [INF] [35] Jellyfin.Plugin.PlaybackReporting.EventMonitorEntryPoint: Adding playback tracker : TW96aWxsYS81LjAgKFdpbmRvd3MgTlQgMTAuMDsgV2luNjQ7IHg2NDsgcnY6MTU0LjApIEdlY2tvLzIwMTAwMTAxIEZpcmVmb3gvMTU0LjB8MTc4ODIxOTc2NDI5Nw11-8622faae841a48c5bb17541857a083c3-11cadcaa96c30ce7ead9e45e62e3af01
[2026-09-02 02:50:28.615 +00:00] [INF] [35] Jellyfin.Plugin.PlaybackReporting.Data.PlaybackTracker: PlaybackTracker : Adding Start Event : 09/02/2026 02:50:28
[2026-09-02 02:50:28.615 +00:00] [INF] [35] Jellyfin.Plugin.PlaybackReporting.EventMonitorEntryPoint: Creating StartPlaybackTimer Task
[2026-09-02 02:50:28.615 +00:00] [INF] [27] Jellyfin.Plugin.PlaybackReporting.EventMonitorEntryPoint: StartPlaybackTimer : Entered
[2026-09-02 02:50:28.686 +00:00] [INF] [19] Jellyfin.Api.Helpers.MediaInfoHelper: User policy for "admin2". EnablePlaybackRemuxing: True EnableVideoPlaybackTranscoding: True EnableAudioPlaybackTranscoding: True
[2026-09-02 02:50:28.703 +00:00] [INF] [19] MediaBrowser.MediaEncoding.Transcoding.TranscodeManager: Deleting partial stream file(s) "/transcode/92960308b14c10e90669ae7ae9b6ba4e.m3u8"
[2026-09-02 02:50:28.829 +00:00] [INF] [27] Jellyfin.Api.Controllers.DynamicHlsController: Current HLS implementation doesn't support non-keyframe breaks but one is requested, ignoring that request
[2026-09-02 02:50:28.830 +00:00] [INF] [27] MediaBrowser.MediaEncoding.Transcoding.TranscodeManager: "/usr/lib/jellyfin-ffmpeg/ffmpeg" "-analyzeduration 200M -probesize 1G -f matroska -init_hw_device rkmpp=rk -hwaccel rkmpp -hwaccel_output_format drm_prime -noautorotate -afbc rga -i file:\"/media/movies/Clear and Present Danger.mkv\" -noautoscale -map_metadata -1 -map_chapters -1 -threads 0 -map 0:0 -map 0:1 -map -0:s -codec:v:0 h264_rkmpp -b:v 4129855 -maxrate 4129855 -bufsize 8259710 -profile:v:0 high -level 51 -g:v:0 72 -keyint_min:v:0 72 -vf \"setparams=color_primaries=bt709:color_trc=bt709:colorspace=bt709,vpp_rkrga=format=nv12:afbc=1\" -codec:a:0 copy -copyts -avoid_negative_ts disabled -max_muxing_queue_size 2048 -f hls -max_delay 5000000 -hls_time 3 -hls_segment_type fmp4 -hls_fmp4_init_filename \"82a701ae3551678b20ffe41c86487567-1.mp4\" -start_number 0 -hls_segment_filename \"/transcode/82a701ae3551678b20ffe41c86487567%d.mp4\" -hls_playlist_type vod -hls_list_size 0 -hls_segment_options movflags=+frag_discont -y \"/transcode/82a701ae3551678b20ffe41c86487567.m3u8\""
[2026-09-02 02:50:28.890 +00:00] [ERR] [35] MediaBrowser.MediaEncoding.Transcoding.TranscodeManager: FFmpeg exited with code 187
[2026-09-02 02:50:28.982 +00:00] [ERR] [35] Jellyfin.Api.Middleware.ExceptionMiddleware: Error processing request. URL "GET" "/videos/11cadcaa-96c3-0ce7-ead9-e45e62e3af01/hls1/main/-1.mp4".
MediaBrowser.Common.FfmpegException: FFmpeg exited with code 187
   at MediaBrowser.MediaEncoding.Transcoding.TranscodeManager.StartFfMpeg(StreamState state, String outputPath, String commandLineArguments, Guid userId, TranscodingJobType transcodingJobType, CancellationTokenSource cancellationTokenSource, String workingDirectory)
   at Jellyfin.Api.Controllers.DynamicHlsController.GetDynamicSegment(StreamingRequestDto streamingRequest, Int32 segmentId)
   at Jellyfin.Api.Controllers.DynamicHlsController.GetHlsVideoSegment(Guid itemId, String playlistId, Int32 segmentId, String container, Int64 runtimeTicks, Int64 actualSegmentLengthTicks, Nullable`1 static, String params, String tag, String deviceProfileId, String playSessionId, String segmentContainer, Nullable`1 segmentLength, Nullable`1 minSegments, String mediaSourceId, String deviceId, String audioCodec, Nullable`1 enableAutoStreamCopy, Nullable`1 allowVideoStreamCopy, Nullable`1 allowAudioStreamCopy, Nullable`1 breakOnNonKeyFrames, Nullable`1 audioSampleRate, Nullable`1 maxAudioBitDepth, Nullable`1 audioBitRate, Nullable`1 audioChannels, Nullable`1 maxAudioChannels, String profile, String level, Nullable`1 framerate, Nullable`1 maxFramerate, Nullable`1 copyTimestamps, Nullable`1 startTimeTicks, Nullable`1 width, Nullable`1 height, Nullable`1 maxWidth, Nullable`1 maxHeight, Nullable`1 videoBitRate, Nullable`1 subtitleStreamIndex, Nullable`1 subtitleMethod, Nullable`1 maxRefFrames, Nullable`1 maxVideoBitDepth, Nullable`1 requireAvc, Nullable`1 deInterlace, Nullable`1 requireNonAnamorphic, Nullable`1 transcodingMaxAudioChannels, Nullable`1 cpuCoreLimit, String liveStreamId, Nullable`1 enableMpegtsM2TsMode, String videoCodec, String subtitleCodec, String transcodeReasons, Nullable`1 audioStreamIndex, Nullable`1 videoStreamIndex, Nullable`1 context, Dictionary`2 streamOptions, Boolean enableAudioVbrEncoding, Boolean alwaysBurnInSubtitleWhenTranscoding)
   at lambda_method588(Closure, Object)
   at Microsoft.AspNetCore.Mvc.Infrastructure.ActionMethodExecutor.TaskOfActionResultExecutor.Execute(ActionContext actionContext, IActionResultTypeMapper mapper, ObjectMethodExecutor executor, Object controller, Object[] arguments)
   at Microsoft.AspNetCore.Mvc.Infrastructure.ControllerActionInvoker.<InvokeActionMethodAsync>g__Awaited|12_0(ControllerActionInvoker invoker, ValueTask`1 actionResultValueTask)
   at Microsoft.AspNetCore.Mvc.Infrastructure.ControllerActionInvoker.<InvokeNextActionFilterAsync>g__Awaited|10_0(ControllerActionInvoker invoker, Task lastTask, State next, Scope scope, Object state, Boolean isCompleted)
   at Microsoft.AspNetCore.Mvc.Infrastructure.ControllerActionInvoker.Rethrow(ActionExecutedContextSealed context)
   at Microsoft.AspNetCore.Mvc.Infrastructure.ControllerActionInvoker.Next(State& next, Scope& scope, Object& state, Boolean& isCompleted)
   at Microsoft.AspNetCore.Mvc.Infrastructure.ControllerActionInvoker.<InvokeInnerFilterAsync>g__Awaited|13_0(ControllerActionInvoker invoker, Task lastTask, State next, Scope scope, Object state, Boolean isCompleted)
   at Microsoft.AspNetCore.Mvc.Infrastructure.ResourceInvoker.<InvokeNextResourceFilter>g__Awaited|25_0(ResourceInvoker invoker, Task lastTask, State next, Scope scope, Object state, Boolean isCompleted)
   at Microsoft.AspNetCore.Mvc.Infrastructure.ResourceInvoker.Rethrow(ResourceExecutedContextSealed context)
   at Microsoft.AspNetCore.Mvc.Infrastructure.ResourceInvoker.Next(State& next, Scope& scope, Object& state, Boolean& isCompleted)
   at Microsoft.AspNetCore.Mvc.Infrastructure.ResourceInvoker.<InvokeFilterPipelineAsync>g__Awaited|20_0(ResourceInvoker invoker, Task lastTask, State next, Scope scope, Object state, Boolean isCompleted)
   at Microsoft.AspNetCore.Mvc.Infrastructure.ResourceInvoker.<InvokeAsync>g__Awaited|17_0(ResourceInvoker invoker, Task task, IDisposable scope)
   at Microsoft.AspNetCore.Mvc.Infrastructure.ResourceInvoker.<InvokeAsync>g__Awaited|17_0(ResourceInvoker invoker, Task task, IDisposable scope)
   at Jellyfin.Api.Middleware.ServerStartupMessageMiddleware.Invoke(HttpContext httpContext, IServerApplicationHost serverApplicationHost, ILocalizationManager localizationManager)
   at Jellyfin.Api.Middleware.WebSocketHandlerMiddleware.Invoke(HttpContext httpContext, IWebSocketManager webSocketManager)
   at Jellyfin.Api.Middleware.IPBasedAccessValidationMiddleware.Invoke(HttpContext httpContext, INetworkManager networkManager)
   at Jellyfin.Api.Middleware.LanFilteringMiddleware.Invoke(HttpContext httpContext, INetworkManager networkManager, IServerConfigurationManager serverConfigurationManager)
   at Microsoft.AspNetCore.Authorization.AuthorizationMiddleware.Invoke(HttpContext context)
   at Jellyfin.Api.Middleware.QueryStringDecodingMiddleware.Invoke(HttpContext httpContext)
   at Swashbuckle.AspNetCore.ReDoc.ReDocMiddleware.Invoke(HttpContext httpContext)
   at Swashbuckle.AspNetCore.SwaggerUI.SwaggerUIMiddleware.Invoke(HttpContext httpContext)
   at Swashbuckle.AspNetCore.Swagger.SwaggerMiddleware.Invoke(HttpContext httpContext, ISwaggerProvider swaggerProvider)
   at Microsoft.AspNetCore.Authentication.AuthenticationMiddleware.Invoke(HttpContext context)
   at Jellyfin.Api.Middleware.RobotsRedirectionMiddleware.Invoke(HttpContext httpContext)
   at Jellyfin.Api.Middleware.LegacyEmbyRouteRewriteMiddleware.Invoke(HttpContext httpContext)
   at Microsoft.AspNetCore.ResponseCompression.ResponseCompressionMiddleware.InvokeCore(HttpContext context)
   at Jellyfin.Api.Middleware.ResponseTimeMiddleware.Invoke(HttpContext context, IServerConfigurationManager serverConfigurationManager)
   at Jellyfin.Api.Middleware.ExceptionMiddleware.Invoke(HttpContext context)
[2026-09-02 02:50:29.016 +00:00] [INF] [19] Jellyfin.Api.Helpers.MediaInfoHelper: User policy for "admin2". EnablePlaybackRemuxing: True EnableVideoPlaybackTranscoding: True EnableAudioPlaybackTranscoding: True
[2026-09-02 02:50:29.031 +00:00] [INF] [19] MediaBrowser.MediaEncoding.Transcoding.TranscodeManager: Deleting partial stream file(s) "/transcode/82a701ae3551678b20ffe41c86487567.m3u8"
[2026-09-02 02:50:29.222 +00:00] [INF] [19] Jellyfin.Api.Controllers.DynamicHlsController: Current HLS implementation doesn't support non-keyframe breaks but one is requested, ignoring that request
[2026-09-02 02:50:29.224 +00:00] [INF] [19] MediaBrowser.MediaEncoding.Transcoding.TranscodeManager: "/usr/lib/jellyfin-ffmpeg/ffmpeg" "-analyzeduration 200M -probesize 1G -f matroska -init_hw_device rkmpp=rk -hwaccel rkmpp -hwaccel_output_format drm_prime -noautorotate -afbc rga -i file:\"/media/movies/Clear and Present Danger.mkv\" -noautoscale -map_metadata -1 -map_chapters -1 -threads 0 -map 0:0 -map 0:1 -map -0:s -codec:v:0 h264_rkmpp -b:v 4129855 -maxrate 4129855 -bufsize 8259710 -profile:v:0 high -level 51 -g:v:0 72 -keyint_min:v:0 72 -vf \"setparams=color_primaries=bt709:color_trc=bt709:colorspace=bt709,vpp_rkrga=format=nv12:afbc=1\" -codec:a:0 libfdk_aac -ac 2 -ab 192000 -ar 48000 -copyts -avoid_negative_ts disabled -max_muxing_queue_size 2048 -f hls -max_delay 5000000 -hls_time 3 -hls_segment_type fmp4 -hls_fmp4_init_filename \"d862b6115c41001112489b6b30b7c28a-1.mp4\" -start_number 0 -hls_segment_filename \"/transcode/d862b6115c41001112489b6b30b7c28a%d.mp4\" -hls_playlist_type vod -hls_list_size 0 -hls_segment_options movflags=+frag_discont -y \"/transcode/d862b6115c41001112489b6b30b7c28a.m3u8\""
[2026-09-02 02:50:29.282 +00:00] [ERR] [43] MediaBrowser.MediaEncoding.Transcoding.TranscodeManager: FFmpeg exited with code 187
[2026-09-02 02:50:29.375 +00:00] [ERR] [35] Jellyfin.Api.Middleware.ExceptionMiddleware: Error processing request. URL "GET" "/videos/11cadcaa-96c3-0ce7-ead9-e45e62e3af01/hls1/main/-1.mp4".
MediaBrowser.Common.FfmpegException: FFmpeg exited with code 187
   at MediaBrowser.MediaEncoding.Transcoding.TranscodeManager.StartFfMpeg(StreamState state, String outputPath, String commandLineArguments, Guid userId, TranscodingJobType transcodingJobType, CancellationTokenSource cancellationTokenSource, String workingDirectory)
   at Jellyfin.Api.Controllers.DynamicHlsController.GetDynamicSegment(StreamingRequestDto streamingRequest, Int32 segmentId)
   at Jellyfin.Api.Controllers.DynamicHlsController.GetHlsVideoSegment(Guid itemId, String playlistId, Int32 segmentId, String container, Int64 runtimeTicks, Int64 actualSegmentLengthTicks, Nullable`1 static, String params, String tag, String deviceProfileId, String playSessionId, String segmentContainer, Nullable`1 segmentLength, Nullable`1 minSegments, String mediaSourceId, String deviceId, String audioCodec, Nullable`1 enableAutoStreamCopy, Nullable`1 allowVideoStreamCopy, Nullable`1 allowAudioStreamCopy, Nullable`1 breakOnNonKeyFrames, Nullable`1 audioSampleRate, Nullable`1 maxAudioBitDepth, Nullable`1 audioBitRate, Nullable`1 audioChannels, Nullable`1 maxAudioChannels, String profile, String level, Nullable`1 framerate, Nullable`1 maxFramerate, Nullable`1 copyTimestamps, Nullable`1 startTimeTicks, Nullable`1 width, Nullable`1 height, Nullable`1 maxWidth, Nullable`1 maxHeight, Nullable`1 videoBitRate, Nullable`1 subtitleStreamIndex, Nullable`1 subtitleMethod, Nullable`1 maxRefFrames, Nullable`1 maxVideoBitDepth, Nullable`1 requireAvc, Nullable`1 deInterlace, Nullable`1 requireNonAnamorphic, Nullable`1 transcodingMaxAudioChannels, Nullable`1 cpuCoreLimit, String liveStreamId, Nullable`1 enableMpegtsM2TsMode, String videoCodec, String subtitleCodec, String transcodeReasons, Nullable`1 audioStreamIndex, Nullable`1 videoStreamIndex, Nullable`1 context, Dictionary`2 streamOptions, Boolean enableAudioVbrEncoding, Boolean alwaysBurnInSubtitleWhenTranscoding)
   at lambda_method588(Closure, Object)
   at Microsoft.AspNetCore.Mvc.Infrastructure.ActionMethodExecutor.TaskOfActionResultExecutor.Execute(ActionContext actionContext, IActionResultTypeMapper mapper, ObjectMethodExecutor executor, Object controller, Object[] arguments)
   at Microsoft.AspNetCore.Mvc.Infrastructure.ControllerActionInvoker.<InvokeActionMethodAsync>g__Awaited|12_0(ControllerActionInvoker invoker, ValueTask`1 actionResultValueTask)
   at Microsoft.AspNetCore.Mvc.Infrastructure.ControllerActionInvoker.<InvokeNextActionFilterAsync>g__Awaited|10_0(ControllerActionInvoker invoker, Task lastTask, State next, Scope scope, Object state, Boolean isCompleted)
   at Microsoft.AspNetCore.Mvc.Infrastructure.ControllerActionInvoker.Rethrow(ActionExecutedContextSealed context)
   at Microsoft.AspNetCore.Mvc.Infrastructure.ControllerActionInvoker.Next(State& next, Scope& scope, Object& state, Boolean& isCompleted)
   at Microsoft.AspNetCore.Mvc.Infrastructure.ControllerActionInvoker.<InvokeInnerFilterAsync>g__Awaited|13_0(ControllerActionInvoker invoker, Task lastTask, State next, Scope scope, Object state, Boolean isCompleted)
   at Microsoft.AspNetCore.Mvc.Infrastructure.ResourceInvoker.<InvokeNextResourceFilter>g__Awaited|25_0(ResourceInvoker invoker, Task lastTask, State next, Scope scope, Object state, Boolean isCompleted)
   at Microsoft.AspNetCore.Mvc.Infrastructure.ResourceInvoker.Rethrow(ResourceExecutedContextSealed context)
   at Microsoft.AspNetCore.Mvc.Infrastructure.ResourceInvoker.Next(State& next, Scope& scope, Object& state, Boolean& isCompleted)
   at Microsoft.AspNetCore.Mvc.Infrastructure.ResourceInvoker.<InvokeFilterPipelineAsync>g__Awaited|20_0(ResourceInvoker invoker, Task lastTask, State next, Scope scope, Object state, Boolean isCompleted)
   at Microsoft.AspNetCore.Mvc.Infrastructure.ResourceInvoker.<InvokeAsync>g__Awaited|17_0(ResourceInvoker invoker, Task task, IDisposable scope)
   at Microsoft.AspNetCore.Mvc.Infrastructure.ResourceInvoker.<InvokeAsync>g__Awaited|17_0(ResourceInvoker invoker, Task task, IDisposable scope)
   at Jellyfin.Api.Middleware.ServerStartupMessageMiddleware.Invoke(HttpContext httpContext, IServerApplicationHost serverApplicationHost, ILocalizationManager localizationManager)
   at Jellyfin.Api.Middleware.WebSocketHandlerMiddleware.Invoke(HttpContext httpContext, IWebSocketManager webSocketManager)
   at Jellyfin.Api.Middleware.IPBasedAccessValidationMiddleware.Invoke(HttpContext httpContext, INetworkManager networkManager)
   at Jellyfin.Api.Middleware.LanFilteringMiddleware.Invoke(HttpContext httpContext, INetworkManager networkManager, IServerConfigurationManager serverConfigurationManager)
   at Microsoft.AspNetCore.Authorization.AuthorizationMiddleware.Invoke(HttpContext context)
   at Jellyfin.Api.Middleware.QueryStringDecodingMiddleware.Invoke(HttpContext httpContext)
   at Swashbuckle.AspNetCore.ReDoc.ReDocMiddleware.Invoke(HttpContext httpContext)
   at Swashbuckle.AspNetCore.SwaggerUI.SwaggerUIMiddleware.Invoke(HttpContext httpContext)
   at Swashbuckle.AspNetCore.Swagger.SwaggerMiddleware.Invoke(HttpContext httpContext, ISwaggerProvider swaggerProvider)
   at Microsoft.AspNetCore.Authentication.AuthenticationMiddleware.Invoke(HttpContext context)
   at Jellyfin.Api.Middleware.RobotsRedirectionMiddleware.Invoke(HttpContext httpContext)
   at Jellyfin.Api.Middleware.LegacyEmbyRouteRewriteMiddleware.Invoke(HttpContext httpContext)
   at Microsoft.AspNetCore.ResponseCompression.ResponseCompressionMiddleware.InvokeCore(HttpContext context)
   at Jellyfin.Api.Middleware.ResponseTimeMiddleware.Invoke(HttpContext context, IServerConfigurationManager serverConfigurationManager)
   at Jellyfin.Api.Middleware.ExceptionMiddleware.Invoke(HttpContext context)
[2026-09-02 02:50:29.401 +00:00] [INF] [35] MediaBrowser.MediaEncoding.Transcoding.TranscodeManager: Deleting partial stream file(s) "/transcode/d862b6115c41001112489b6b30b7c28a.m3u8"
[2026-09-02 02:50:30.901 +00:00] [INF] [35] Emby.Server.Implementations.Session.SessionManager: Playback stopped reported by app "Jellyfin Web" "10.10.7" playing "Clear and Present Danger". Stopped at "0" ms
[2026-09-02 02:50:30.911 +00:00] [INF] [19] Jellyfin.Plugin.PlaybackReporting.EventMonitorEntryPoint: Playback stop tracker found, processing stop : "TW96aWxsYS81LjAgKFdpbmRvd3MgTlQgMTAuMDsgV2luNjQ7IHg2NDsgcnY6MTU0LjApIEdlY2tvLzIwMTAwMTAxIEZpcmVmb3gvMTU0LjB8MTc4ODIxOTc2NDI5Nw11-8622faae841a48c5bb17541857a083c3-11cadcaa96c30ce7ead9e45e62e3af01"
[2026-09-02 02:50:30.912 +00:00] [INF] [19] Jellyfin.Plugin.PlaybackReporting.Data.PlaybackTracker: PlaybackTracker : Adding Stop Event : 09/02/2026 02:50:30
[2026-09-02 02:50:30.912 +00:00] [INF] [19] Jellyfin.Plugin.PlaybackReporting.EventMonitorEntryPoint: Playback stop but TrackedPlaybackInfo not found! not storing activity in DB
[2026-09-02 02:50:43.404 +00:00] [INF] [28] Jellyfin.Api.Helpers.MediaInfoHelper: User policy for "admin2". EnablePlaybackRemuxing: True EnableVideoPlaybackTranscoding: True EnableAudioPlaybackTranscoding: True
[2026-09-02 02:50:43.713 +00:00] [INF] [37] Jellyfin.Api.Controllers.DynamicHlsController: Current HLS implementation doesn't support non-keyframe breaks but one is requested, ignoring that request
[2026-09-02 02:50:43.714 +00:00] [INF] [37] MediaBrowser.MediaEncoding.Transcoding.TranscodeManager: "/usr/lib/jellyfin-ffmpeg/ffmpeg" "-analyzeduration 200M -probesize 1G -f matroska -init_hw_device rkmpp=rk -hwaccel rkmpp -hwaccel_output_format drm_prime -noautorotate -afbc rga -i file:\"/media/movies/Big Bus.mkv\" -noautoscale -map_metadata -1 -map_chapters -1 -threads 0 -map 0:0 -map 0:1 -map -0:s -codec:v:0 h264_rkmpp -b:v 4705060 -maxrate 4705060 -bufsize 9410120 -profile:v:0 high -level 51 -g:v:0 72 -keyint_min:v:0 72 -vf \"setparams=color_primaries=bt709:color_trc=bt709:colorspace=bt709,vpp_rkrga=format=nv12:afbc=1\" -codec:a:0 copy -copyts -avoid_negative_ts disabled -max_muxing_queue_size 2048 -f hls -max_delay 5000000 -hls_time 3 -hls_segment_type fmp4 -hls_fmp4_init_filename \"e2400687773312f9ff09d960e31e0b51-1.mp4\" -start_number 0 -hls_segment_filename \"/transcode/e2400687773312f9ff09d960e31e0b51%d.mp4\" -hls_playlist_type vod -hls_list_size 0 -hls_segment_options movflags=+frag_discont -y \"/transcode/e2400687773312f9ff09d960e31e0b51.m3u8\""
[2026-09-02 02:50:43.761 +00:00] [ERR] [37] MediaBrowser.MediaEncoding.Transcoding.TranscodeManager: FFmpeg exited with code 187
[2026-09-02 02:50:43.857 +00:00] [ERR] [37] Jellyfin.Api.Middleware.ExceptionMiddleware: Error processing request. URL "GET" "/videos/c1375bcb-a52c-1804-4b66-964a283b59b5/hls1/main/-1.mp4".
MediaBrowser.Common.FfmpegException: FFmpeg exited with code 187
   at MediaBrowser.MediaEncoding.Transcoding.TranscodeManager.StartFfMpeg(StreamState state, String outputPath, String commandLineArguments, Guid userId, TranscodingJobType transcodingJobType, CancellationTokenSource cancellationTokenSource, String workingDirectory)
   at Jellyfin.Api.Controllers.DynamicHlsController.GetDynamicSegment(StreamingRequestDto streamingRequest, Int32 segmentId)
   at Jellyfin.Api.Controllers.DynamicHlsController.GetHlsVideoSegment(Guid itemId, String playlistId, Int32 segmentId, String container, Int64 runtimeTicks, Int64 actualSegmentLengthTicks, Nullable`1 static, String params, String tag, String deviceProfileId, String playSessionId, String segmentContainer, Nullable`1 segmentLength, Nullable`1 minSegments, String mediaSourceId, String deviceId, String audioCodec, Nullable`1 enableAutoStreamCopy, Nullable`1 allowVideoStreamCopy, Nullable`1 allowAudioStreamCopy, Nullable`1 breakOnNonKeyFrames, Nullable`1 audioSampleRate, Nullable`1 maxAudioBitDepth, Nullable`1 audioBitRate, Nullable`1 audioChannels, Nullable`1 maxAudioChannels, String profile, String level, Nullable`1 framerate, Nullable`1 maxFramerate, Nullable`1 copyTimestamps, Nullable`1 startTimeTicks, Nullable`1 width, Nullable`1 height, Nullable`1 maxWidth, Nullable`1 maxHeight, Nullable`1 videoBitRate, Nullable`1 subtitleStreamIndex, Nullable`1 subtitleMethod, Nullable`1 maxRefFrames, Nullable`1 maxVideoBitDepth, Nullable`1 requireAvc, Nullable`1 deInterlace, Nullable`1 requireNonAnamorphic, Nullable`1 transcodingMaxAudioChannels, Nullable`1 cpuCoreLimit, String liveStreamId, Nullable`1 enableMpegtsM2TsMode, String videoCodec, String subtitleCodec, String transcodeReasons, Nullable`1 audioStreamIndex, Nullable`1 videoStreamIndex, Nullable`1 context, Dictionary`2 streamOptions, Boolean enableAudioVbrEncoding, Boolean alwaysBurnInSubtitleWhenTranscoding)
   at lambda_method588(Closure, Object)
   at Microsoft.AspNetCore.Mvc.Infrastructure.ActionMethodExecutor.TaskOfActionResultExecutor.Execute(ActionContext actionContext, IActionResultTypeMapper mapper, ObjectMethodExecutor executor, Object controller, Object[] arguments)
   at Microsoft.AspNetCore.Mvc.Infrastructure.ControllerActionInvoker.<InvokeActionMethodAsync>g__Awaited|12_0(ControllerActionInvoker invoker, ValueTask`1 actionResultValueTask)
   at Microsoft.AspNetCore.Mvc.Infrastructure.ControllerActionInvoker.<InvokeNextActionFilterAsync>g__Awaited|10_0(ControllerActionInvoker invoker, Task lastTask, State next, Scope scope, Object state, Boolean isCompleted)
   at Microsoft.AspNetCore.Mvc.Infrastructure.ControllerActionInvoker.Rethrow(ActionExecutedContextSealed context)
   at Microsoft.AspNetCore.Mvc.Infrastructure.ControllerActionInvoker.Next(State& next, Scope& scope, Object& state, Boolean& isCompleted)
   at Microsoft.AspNetCore.Mvc.Infrastructure.ControllerActionInvoker.<InvokeInnerFilterAsync>g__Awaited|13_0(ControllerActionInvoker invoker, Task lastTask, State next, Scope scope, Object state, Boolean isCompleted)
   at Microsoft.AspNetCore.Mvc.Infrastructure.ResourceInvoker.<InvokeNextResourceFilter>g__Awaited|25_0(ResourceInvoker invoker, Task lastTask, State next, Scope scope, Object state, Boolean isCompleted)
   at Microsoft.AspNetCore.Mvc.Infrastructure.ResourceInvoker.Rethrow(ResourceExecutedContextSealed context)
   at Microsoft.AspNetCore.Mvc.Infrastructure.ResourceInvoker.Next(State& next, Scope& scope, Object& state, Boolean& isCompleted)
   at Microsoft.AspNetCore.Mvc.Infrastructure.ResourceInvoker.<InvokeFilterPipelineAsync>g__Awaited|20_0(ResourceInvoker invoker, Task lastTask, State next, Scope scope, Object state, Boolean isCompleted)
   at Microsoft.AspNetCore.Mvc.Infrastructure.ResourceInvoker.<InvokeAsync>g__Awaited|17_0(ResourceInvoker invoker, Task task, IDisposable scope)
   at Microsoft.AspNetCore.Mvc.Infrastructure.ResourceInvoker.<InvokeAsync>g__Awaited|17_0(ResourceInvoker invoker, Task task, IDisposable scope)
   at Jellyfin.Api.Middleware.ServerStartupMessageMiddleware.Invoke(HttpContext httpContext, IServerApplicationHost serverApplicationHost, ILocalizationManager localizationManager)
   at Jellyfin.Api.Middleware.WebSocketHandlerMiddleware.Invoke(HttpContext httpContext, IWebSocketManager webSocketManager)
   at Jellyfin.Api.Middleware.IPBasedAccessValidationMiddleware.Invoke(HttpContext httpContext, INetworkManager networkManager)
   at Jellyfin.Api.Middleware.LanFilteringMiddleware.Invoke(HttpContext httpContext, INetworkManager networkManager, IServerConfigurationManager serverConfigurationManager)
   at Microsoft.AspNetCore.Authorization.AuthorizationMiddleware.Invoke(HttpContext context)
   at Jellyfin.Api.Middleware.QueryStringDecodingMiddleware.Invoke(HttpContext httpContext)
   at Swashbuckle.AspNetCore.ReDoc.ReDocMiddleware.Invoke(HttpContext httpContext)
   at Swashbuckle.AspNetCore.SwaggerUI.SwaggerUIMiddleware.Invoke(HttpContext httpContext)
   at Swashbuckle.AspNetCore.Swagger.SwaggerMiddleware.Invoke(HttpContext httpContext, ISwaggerProvider swaggerProvider)
   at Microsoft.AspNetCore.Authentication.AuthenticationMiddleware.Invoke(HttpContext context)
   at Jellyfin.Api.Middleware.RobotsRedirectionMiddleware.Invoke(HttpContext httpContext)
   at Jellyfin.Api.Middleware.LegacyEmbyRouteRewriteMiddleware.Invoke(HttpContext httpContext)
   at Microsoft.AspNetCore.ResponseCompression.ResponseCompressionMiddleware.InvokeCore(HttpContext context)
   at Jellyfin.Api.Middleware.ResponseTimeMiddleware.Invoke(HttpContext context, IServerConfigurationManager serverConfigurationManager)
   at Jellyfin.Api.Middleware.ExceptionMiddleware.Invoke(HttpContext context)
[2026-09-02 02:50:43.894 +00:00] [INF] [37] Jellyfin.Plugin.PlaybackReporting.EventMonitorEntryPoint: Adding playback tracker : TW96aWxsYS81LjAgKFdpbmRvd3MgTlQgMTAuMDsgV2luNjQ7IHg2NDsgcnY6MTU0LjApIEdlY2tvLzIwMTAwMTAxIEZpcmVmb3gvMTU0LjB8MTc4ODIxOTc2NDI5Nw11-8622faae841a48c5bb17541857a083c3-c1375bcba52c18044b66964a283b59b5
[2026-09-02 02:50:43.895 +00:00] [INF] [37] Jellyfin.Plugin.PlaybackReporting.Data.PlaybackTracker: PlaybackTracker : Adding Start Event : 09/02/2026 02:50:43
[2026-09-02 02:50:43.895 +00:00] [INF] [37] Jellyfin.Plugin.PlaybackReporting.EventMonitorEntryPoint: Creating StartPlaybackTimer Task
[2026-09-02 02:50:43.895 +00:00] [INF] [37] Jellyfin.Plugin.PlaybackReporting.EventMonitorEntryPoint: StartPlaybackTimer : Entered
[2026-09-02 02:50:43.988 +00:00] [INF] [19] Jellyfin.Api.Helpers.MediaInfoHelper: User policy for "admin2". EnablePlaybackRemuxing: True EnableVideoPlaybackTranscoding: True EnableAudioPlaybackTranscoding: True
[2026-09-02 02:50:43.997 +00:00] [INF] [19] MediaBrowser.MediaEncoding.Transcoding.TranscodeManager: Deleting partial stream file(s) "/transcode/e2400687773312f9ff09d960e31e0b51.m3u8"
[2026-09-02 02:50:44.065 +00:00] [INF] [27] Jellyfin.Api.Controllers.DynamicHlsController: Current HLS implementation doesn't support non-keyframe breaks but one is requested, ignoring that request
[2026-09-02 02:50:44.065 +00:00] [INF] [27] MediaBrowser.MediaEncoding.Transcoding.TranscodeManager: "/usr/lib/jellyfin-ffmpeg/ffmpeg" "-analyzeduration 200M -probesize 1G -f matroska -init_hw_device rkmpp=rk -hwaccel rkmpp -hwaccel_output_format drm_prime -noautorotate -afbc rga -i file:\"/media/movies/Big Bus.mkv\" -noautoscale -map_metadata -1 -map_chapters -1 -threads 0 -map 0:0 -map 0:1 -map -0:s -codec:v:0 h264_rkmpp -b:v 4705060 -maxrate 4705060 -bufsize 9410120 -profile:v:0 high -level 51 -g:v:0 72 -keyint_min:v:0 72 -vf \"setparams=color_primaries=bt709:color_trc=bt709:colorspace=bt709,vpp_rkrga=format=nv12:afbc=1\" -codec:a:0 copy -copyts -avoid_negative_ts disabled -max_muxing_queue_size 2048 -f hls -max_delay 5000000 -hls_time 3 -hls_segment_type fmp4 -hls_fmp4_init_filename \"07b2772f0403c88dc1eeecee9f052434-1.mp4\" -start_number 0 -hls_segment_filename \"/transcode/07b2772f0403c88dc1eeecee9f052434%d.mp4\" -hls_playlist_type vod -hls_list_size 0 -hls_segment_options movflags=+frag_discont -y \"/transcode/07b2772f0403c88dc1eeecee9f052434.m3u8\""
[2026-09-02 02:50:44.125 +00:00] [ERR] [27] MediaBrowser.MediaEncoding.Transcoding.TranscodeManager: FFmpeg exited with code 187
[2026-09-02 02:50:44.186 +00:00] [INF] [27] Jellyfin.Plugin.PlaybackReporting.EventMonitorEntryPoint: session.RemoteEndPoint : "127.0.0.1"
[2026-09-02 02:50:44.186 +00:00] [INF] [27] Jellyfin.Plugin.PlaybackReporting.EventMonitorEntryPoint: StartPlaybackTimer : event_playing_id     = "8e3b59d56a27a7b3406626426096a137"
[2026-09-02 02:50:44.186 +00:00] [INF] [27] Jellyfin.Plugin.PlaybackReporting.EventMonitorEntryPoint: StartPlaybackTimer : event_user_id        = "8622faae841a48c5bb17541857a083c3"
[2026-09-02 02:50:44.186 +00:00] [INF] [27] Jellyfin.Plugin.PlaybackReporting.EventMonitorEntryPoint: StartPlaybackTimer : event_user_id_int    = 1
[2026-09-02 02:50:44.186 +00:00] [INF] [27] Jellyfin.Plugin.PlaybackReporting.EventMonitorEntryPoint: StartPlaybackTimer : session_playing_id   = "c1375bcba52c18044b66964a283b59b5"
[2026-09-02 02:50:44.186 +00:00] [INF] [27] Jellyfin.Plugin.PlaybackReporting.EventMonitorEntryPoint: StartPlaybackTimer : session_user_id      = "8622faae841a48c5bb17541857a083c3"
[2026-09-02 02:50:44.186 +00:00] [INF] [27] Jellyfin.Plugin.PlaybackReporting.EventMonitorEntryPoint: StartPlaybackTimer : play_method          = "Transcode (v:h264 a:direct)"
[2026-09-02 02:50:44.186 +00:00] [INF] [27] Jellyfin.Plugin.PlaybackReporting.EventMonitorEntryPoint: StartPlaybackTimer : e.ClientName         = "Jellyfin Web"
[2026-09-02 02:50:44.186 +00:00] [INF] [27] Jellyfin.Plugin.PlaybackReporting.EventMonitorEntryPoint: StartPlaybackTimer : e.DeviceName         = "Firefox"
[2026-09-02 02:50:44.186 +00:00] [INF] [27] Jellyfin.Plugin.PlaybackReporting.EventMonitorEntryPoint: StartPlaybackTimer : ItemName             = "Castle in the Sky"
[2026-09-02 02:50:44.186 +00:00] [INF] [27] Jellyfin.Plugin.PlaybackReporting.EventMonitorEntryPoint: StartPlaybackTimer : ItemId               = "8e3b59d56a27a7b3406626426096a137"
[2026-09-02 02:50:44.186 +00:00] [INF] [27] Jellyfin.Plugin.PlaybackReporting.EventMonitorEntryPoint: StartPlaybackTimer : ItemType             = "Movie"
[2026-09-02 02:50:44.186 +00:00] [INF] [27] Jellyfin.Plugin.PlaybackReporting.EventMonitorEntryPoint: StartPlaybackTimer : Details do not match for play item
[2026-09-02 02:50:44.187 +00:00] [INF] [27] Jellyfin.Plugin.PlaybackReporting.EventMonitorEntryPoint: StartPlaybackTimer : Exited
[2026-09-02 02:50:44.221 +00:00] [ERR] [27] Jellyfin.Api.Middleware.ExceptionMiddleware: Error processing request. URL "GET" "/videos/c1375bcb-a52c-1804-4b66-964a283b59b5/hls1/main/-1.mp4".
MediaBrowser.Common.FfmpegException: FFmpeg exited with code 187
   at MediaBrowser.MediaEncoding.Transcoding.TranscodeManager.StartFfMpeg(StreamState state, String outputPath, String commandLineArguments, Guid userId, TranscodingJobType transcodingJobType, CancellationTokenSource cancellationTokenSource, String workingDirectory)
   at Jellyfin.Api.Controllers.DynamicHlsController.GetDynamicSegment(StreamingRequestDto streamingRequest, Int32 segmentId)
   at Jellyfin.Api.Controllers.DynamicHlsController.GetHlsVideoSegment(Guid itemId, String playlistId, Int32 segmentId, String container, Int64 runtimeTicks, Int64 actualSegmentLengthTicks, Nullable`1 static, String params, String tag, String deviceProfileId, String playSessionId, String segmentContainer, Nullable`1 segmentLength, Nullable`1 minSegments, String mediaSourceId, String deviceId, String audioCodec, Nullable`1 enableAutoStreamCopy, Nullable`1 allowVideoStreamCopy, Nullable`1 allowAudioStreamCopy, Nullable`1 breakOnNonKeyFrames, Nullable`1 audioSampleRate, Nullable`1 maxAudioBitDepth, Nullable`1 audioBitRate, Nullable`1 audioChannels, Nullable`1 maxAudioChannels, String profile, String level, Nullable`1 framerate, Nullable`1 maxFramerate, Nullable`1 copyTimestamps, Nullable`1 startTimeTicks, Nullable`1 width, Nullable`1 height, Nullable`1 maxWidth, Nullable`1 maxHeight, Nullable`1 videoBitRate, Nullable`1 subtitleStreamIndex, Nullable`1 subtitleMethod, Nullable`1 maxRefFrames, Nullable`1 maxVideoBitDepth, Nullable`1 requireAvc, Nullable`1 deInterlace, Nullable`1 requireNonAnamorphic, Nullable`1 transcodingMaxAudioChannels, Nullable`1 cpuCoreLimit, String liveStreamId, Nullable`1 enableMpegtsM2TsMode, String videoCodec, String subtitleCodec, String transcodeReasons, Nullable`1 audioStreamIndex, Nullable`1 videoStreamIndex, Nullable`1 context, Dictionary`2 streamOptions, Boolean enableAudioVbrEncoding, Boolean alwaysBurnInSubtitleWhenTranscoding)
   at lambda_method588(Closure, Object)
   at Microsoft.AspNetCore.Mvc.Infrastructure.ActionMethodExecutor.TaskOfActionResultExecutor.Execute(ActionContext actionContext, IActionResultTypeMapper mapper, ObjectMethodExecutor executor, Object controller, Object[] arguments)
   at Microsoft.AspNetCore.Mvc.Infrastructure.ControllerActionInvoker.<InvokeActionMethodAsync>g__Awaited|12_0(ControllerActionInvoker invoker, ValueTask`1 actionResultValueTask)
   at Microsoft.AspNetCore.Mvc.Infrastructure.ControllerActionInvoker.<InvokeNextActionFilterAsync>g__Awaited|10_0(ControllerActionInvoker invoker, Task lastTask, State next, Scope scope, Object state, Boolean isCompleted)
   at Microsoft.AspNetCore.Mvc.Infrastructure.ControllerActionInvoker.Rethrow(ActionExecutedContextSealed context)
   at Microsoft.AspNetCore.Mvc.Infrastructure.ControllerActionInvoker.Next(State& next, Scope& scope, Object& state, Boolean& isCompleted)
   at Microsoft.AspNetCore.Mvc.Infrastructure.ControllerActionInvoker.<InvokeInnerFilterAsync>g__Awaited|13_0(ControllerActionInvoker invoker, Task lastTask, State next, Scope scope, Object state, Boolean isCompleted)
   at Microsoft.AspNetCore.Mvc.Infrastructure.ResourceInvoker.<InvokeNextResourceFilter>g__Awaited|25_0(ResourceInvoker invoker, Task lastTask, State next, Scope scope, Object state, Boolean isCompleted)
   at Microsoft.AspNetCore.Mvc.Infrastructure.ResourceInvoker.Rethrow(ResourceExecutedContextSealed context)
   at Microsoft.AspNetCore.Mvc.Infrastructure.ResourceInvoker.Next(State& next, Scope& scope, Object& state, Boolean& isCompleted)
   at Microsoft.AspNetCore.Mvc.Infrastructure.ResourceInvoker.<InvokeFilterPipelineAsync>g__Awaited|20_0(ResourceInvoker invoker, Task lastTask, State next, Scope scope, Object state, Boolean isCompleted)
   at Microsoft.AspNetCore.Mvc.Infrastructure.ResourceInvoker.<InvokeAsync>g__Awaited|17_0(ResourceInvoker invoker, Task task, IDisposable scope)
   at Microsoft.AspNetCore.Mvc.Infrastructure.ResourceInvoker.<InvokeAsync>g__Awaited|17_0(ResourceInvoker invoker, Task task, IDisposable scope)
   at Jellyfin.Api.Middleware.ServerStartupMessageMiddleware.Invoke(HttpContext httpContext, IServerApplicationHost serverApplicationHost, ILocalizationManager localizationManager)
   at Jellyfin.Api.Middleware.WebSocketHandlerMiddleware.Invoke(HttpContext httpContext, IWebSocketManager webSocketManager)
   at Jellyfin.Api.Middleware.IPBasedAccessValidationMiddleware.Invoke(HttpContext httpContext, INetworkManager networkManager)
   at Jellyfin.Api.Middleware.LanFilteringMiddleware.Invoke(HttpContext httpContext, INetworkManager networkManager, IServerConfigurationManager serverConfigurationManager)
   at Microsoft.AspNetCore.Authorization.AuthorizationMiddleware.Invoke(HttpContext context)
   at Jellyfin.Api.Middleware.QueryStringDecodingMiddleware.Invoke(HttpContext httpContext)
   at Swashbuckle.AspNetCore.ReDoc.ReDocMiddleware.Invoke(HttpContext httpContext)
   at Swashbuckle.AspNetCore.SwaggerUI.SwaggerUIMiddleware.Invoke(HttpContext httpContext)
   at Swashbuckle.AspNetCore.Swagger.SwaggerMiddleware.Invoke(HttpContext httpContext, ISwaggerProvider swaggerProvider)
   at Microsoft.AspNetCore.Authentication.AuthenticationMiddleware.Invoke(HttpContext context)
   at Jellyfin.Api.Middleware.RobotsRedirectionMiddleware.Invoke(HttpContext httpContext)
   at Jellyfin.Api.Middleware.LegacyEmbyRouteRewriteMiddleware.Invoke(HttpContext httpContext)
   at Microsoft.AspNetCore.ResponseCompression.ResponseCompressionMiddleware.InvokeCore(HttpContext context)
   at Jellyfin.Api.Middleware.ResponseTimeMiddleware.Invoke(HttpContext context, IServerConfigurationManager serverConfigurationManager)
   at Jellyfin.Api.Middleware.ExceptionMiddleware.Invoke(HttpContext context)
[2026-09-02 02:50:44.246 +00:00] [INF] [3] Jellyfin.Api.Helpers.MediaInfoHelper: User policy for "admin2". EnablePlaybackRemuxing: True EnableVideoPlaybackTranscoding: True EnableAudioPlaybackTranscoding: True
[2026-09-02 02:50:44.260 +00:00] [INF] [27] MediaBrowser.MediaEncoding.Transcoding.TranscodeManager: Deleting partial stream file(s) "/transcode/07b2772f0403c88dc1eeecee9f052434.m3u8"
[2026-09-02 02:50:44.331 +00:00] [INF] [19] Jellyfin.Api.Controllers.DynamicHlsController: Current HLS implementation doesn't support non-keyframe breaks but one is requested, ignoring that request
[2026-09-02 02:50:44.332 +00:00] [INF] [19] MediaBrowser.MediaEncoding.Transcoding.TranscodeManager: "/usr/lib/jellyfin-ffmpeg/ffmpeg" "-analyzeduration 200M -probesize 1G -f matroska -init_hw_device rkmpp=rk -hwaccel rkmpp -hwaccel_output_format drm_prime -noautorotate -afbc rga -i file:\"/media/movies/Big Bus.mkv\" -noautoscale -map_metadata -1 -map_chapters -1 -threads 0 -map 0:0 -map 0:1 -map -0:s -codec:v:0 h264_rkmpp -b:v 4705060 -maxrate 4705060 -bufsize 9410120 -profile:v:0 high -level 51 -g:v:0 72 -keyint_min:v:0 72 -vf \"setparams=color_primaries=bt709:color_trc=bt709:colorspace=bt709,vpp_rkrga=format=nv12:afbc=1\" -codec:a:0 libfdk_aac -ac 2 -ab 192000 -ar 48000 -copyts -avoid_negative_ts disabled -max_muxing_queue_size 2048 -f hls -max_delay 5000000 -hls_time 3 -hls_segment_type fmp4 -hls_fmp4_init_filename \"1e07a43f8f8becd5d716717d46b25a9e-1.mp4\" -start_number 0 -hls_segment_filename \"/transcode/1e07a43f8f8becd5d716717d46b25a9e%d.mp4\" -hls_playlist_type vod -hls_list_size 0 -hls_segment_options movflags=+frag_discont -y \"/transcode/1e07a43f8f8becd5d716717d46b25a9e.m3u8\""
[2026-09-02 02:50:44.375 +00:00] [ERR] [27] MediaBrowser.MediaEncoding.Transcoding.TranscodeManager: FFmpeg exited with code 187
[2026-09-02 02:50:44.468 +00:00] [ERR] [27] Jellyfin.Api.Middleware.ExceptionMiddleware: Error processing request. URL "GET" "/videos/c1375bcb-a52c-1804-4b66-964a283b59b5/hls1/main/-1.mp4".
MediaBrowser.Common.FfmpegException: FFmpeg exited with code 187
   at MediaBrowser.MediaEncoding.Transcoding.TranscodeManager.StartFfMpeg(StreamState state, String outputPath, String commandLineArguments, Guid userId, TranscodingJobType transcodingJobType, CancellationTokenSource cancellationTokenSource, String workingDirectory)
   at Jellyfin.Api.Controllers.DynamicHlsController.GetDynamicSegment(StreamingRequestDto streamingRequest, Int32 segmentId)
   at Jellyfin.Api.Controllers.DynamicHlsController.GetHlsVideoSegment(Guid itemId, String playlistId, Int32 segmentId, String container, Int64 runtimeTicks, Int64 actualSegmentLengthTicks, Nullable`1 static, String params, String tag, String deviceProfileId, String playSessionId, String segmentContainer, Nullable`1 segmentLength, Nullable`1 minSegments, String mediaSourceId, String deviceId, String audioCodec, Nullable`1 enableAutoStreamCopy, Nullable`1 allowVideoStreamCopy, Nullable`1 allowAudioStreamCopy, Nullable`1 breakOnNonKeyFrames, Nullable`1 audioSampleRate, Nullable`1 maxAudioBitDepth, Nullable`1 audioBitRate, Nullable`1 audioChannels, Nullable`1 maxAudioChannels, String profile, String level, Nullable`1 framerate, Nullable`1 maxFramerate, Nullable`1 copyTimestamps, Nullable`1 startTimeTicks, Nullable`1 width, Nullable`1 height, Nullable`1 maxWidth, Nullable`1 maxHeight, Nullable`1 videoBitRate, Nullable`1 subtitleStreamIndex, Nullable`1 subtitleMethod, Nullable`1 maxRefFrames, Nullable`1 maxVideoBitDepth, Nullable`1 requireAvc, Nullable`1 deInterlace, Nullable`1 requireNonAnamorphic, Nullable`1 transcodingMaxAudioChannels, Nullable`1 cpuCoreLimit, String liveStreamId, Nullable`1 enableMpegtsM2TsMode, String videoCodec, String subtitleCodec, String transcodeReasons, Nullable`1 audioStreamIndex, Nullable`1 videoStreamIndex, Nullable`1 context, Dictionary`2 streamOptions, Boolean enableAudioVbrEncoding, Boolean alwaysBurnInSubtitleWhenTranscoding)
   at lambda_method588(Closure, Object)
   at Microsoft.AspNetCore.Mvc.Infrastructure.ActionMethodExecutor.TaskOfActionResultExecutor.Execute(ActionContext actionContext, IActionResultTypeMapper mapper, ObjectMethodExecutor executor, Object controller, Object[] arguments)
   at Microsoft.AspNetCore.Mvc.Infrastructure.ControllerActionInvoker.<InvokeActionMethodAsync>g__Awaited|12_0(ControllerActionInvoker invoker, ValueTask`1 actionResultValueTask)
   at Microsoft.AspNetCore.Mvc.Infrastructure.ControllerActionInvoker.<InvokeNextActionFilterAsync>g__Awaited|10_0(ControllerActionInvoker invoker, Task lastTask, State next, Scope scope, Object state, Boolean isCompleted)
   at Microsoft.AspNetCore.Mvc.Infrastructure.ControllerActionInvoker.Rethrow(ActionExecutedContextSealed context)
   at Microsoft.AspNetCore.Mvc.Infrastructure.ControllerActionInvoker.Next(State& next, Scope& scope, Object& state, Boolean& isCompleted)
   at Microsoft.AspNetCore.Mvc.Infrastructure.ControllerActionInvoker.<InvokeInnerFilterAsync>g__Awaited|13_0(ControllerActionInvoker invoker, Task lastTask, State next, Scope scope, Object state, Boolean isCompleted)
   at Microsoft.AspNetCore.Mvc.Infrastructure.ResourceInvoker.<InvokeNextResourceFilter>g__Awaited|25_0(ResourceInvoker invoker, Task lastTask, State next, Scope scope, Object state, Boolean isCompleted)
   at Microsoft.AspNetCore.Mvc.Infrastructure.ResourceInvoker.Rethrow(ResourceExecutedContextSealed context)
   at Microsoft.AspNetCore.Mvc.Infrastructure.ResourceInvoker.Next(State& next, Scope& scope, Object& state, Boolean& isCompleted)
   at Microsoft.AspNetCore.Mvc.Infrastructure.ResourceInvoker.<InvokeFilterPipelineAsync>g__Awaited|20_0(ResourceInvoker invoker, Task lastTask, State next, Scope scope, Object state, Boolean isCompleted)
   at Microsoft.AspNetCore.Mvc.Infrastructure.ResourceInvoker.<InvokeAsync>g__Awaited|17_0(ResourceInvoker invoker, Task task, IDisposable scope)
   at Microsoft.AspNetCore.Mvc.Infrastructure.ResourceInvoker.<InvokeAsync>g__Awaited|17_0(ResourceInvoker invoker, Task task, IDisposable scope)
   at Jellyfin.Api.Middleware.ServerStartupMessageMiddleware.Invoke(HttpContext httpContext, IServerApplicationHost serverApplicationHost, ILocalizationManager localizationManager)
   at Jellyfin.Api.Middleware.WebSocketHandlerMiddleware.Invoke(HttpContext httpContext, IWebSocketManager webSocketManager)
   at Jellyfin.Api.Middleware.IPBasedAccessValidationMiddleware.Invoke(HttpContext httpContext, INetworkManager networkManager)
   at Jellyfin.Api.Middleware.LanFilteringMiddleware.Invoke(HttpContext httpContext, INetworkManager networkManager, IServerConfigurationManager serverConfigurationManager)
   at Microsoft.AspNetCore.Authorization.AuthorizationMiddleware.Invoke(HttpContext context)
   at Jellyfin.Api.Middleware.QueryStringDecodingMiddleware.Invoke(HttpContext httpContext)
   at Swashbuckle.AspNetCore.ReDoc.ReDocMiddleware.Invoke(HttpContext httpContext)
   at Swashbuckle.AspNetCore.SwaggerUI.SwaggerUIMiddleware.Invoke(HttpContext httpContext)
   at Swashbuckle.AspNetCore.Swagger.SwaggerMiddleware.Invoke(HttpContext httpContext, ISwaggerProvider swaggerProvider)
   at Microsoft.AspNetCore.Authentication.AuthenticationMiddleware.Invoke(HttpContext context)
   at Jellyfin.Api.Middleware.RobotsRedirectionMiddleware.Invoke(HttpContext httpContext)
   at Jellyfin.Api.Middleware.LegacyEmbyRouteRewriteMiddleware.Invoke(HttpContext httpContext)
   at Microsoft.AspNetCore.ResponseCompression.ResponseCompressionMiddleware.InvokeCore(HttpContext context)
   at Jellyfin.Api.Middleware.ResponseTimeMiddleware.Invoke(HttpContext context, IServerConfigurationManager serverConfigurationManager)
   at Jellyfin.Api.Middleware.ExceptionMiddleware.Invoke(HttpContext context)
[2026-09-02 02:50:44.487 +00:00] [INF] [27] MediaBrowser.MediaEncoding.Transcoding.TranscodeManager: Deleting partial stream file(s) "/transcode/1e07a43f8f8becd5d716717d46b25a9e.m3u8"
[2026-09-02 02:50:45.987 +00:00] [INF] [27] Emby.Server.Implementations.Session.SessionManager: Playback stopped reported by app "Jellyfin Web" "10.10.7" playing "The Big Bus". Stopped at "0" ms
[2026-09-02 02:50:45.998 +00:00] [INF] [3] Jellyfin.Plugin.PlaybackReporting.EventMonitorEntryPoint: Playback stop tracker found, processing stop : "TW96aWxsYS81LjAgKFdpbmRvd3MgTlQgMTAuMDsgV2luNjQ7IHg2NDsgcnY6MTU0LjApIEdlY2tvLzIwMTAwMTAxIEZpcmVmb3gvMTU0LjB8MTc4ODIxOTc2NDI5Nw11-8622faae841a48c5bb17541857a083c3-c1375bcba52c18044b66964a283b59b5"
[2026-09-02 02:50:45.998 +00:00] [INF] [3] Jellyfin.Plugin.PlaybackReporting.Data.PlaybackTracker: PlaybackTracker : Adding Stop Event : 09/02/2026 02:50:45
[2026-09-02 02:50:45.998 +00:00] [INF] [3] Jellyfin.Plugin.PlaybackReporting.EventMonitorEntryPoint: Playback stop but TrackedPlaybackInfo not found! not storing activity in DB
[2026-09-02 02:50:48.617 +00:00] [INF] [37] Jellyfin.Plugin.PlaybackReporting.EventMonitorEntryPoint: session.RemoteEndPoint : "127.0.0.1"
[2026-09-02 02:50:48.617 +00:00] [INF] [37] Jellyfin.Plugin.PlaybackReporting.EventMonitorEntryPoint: StartPlaybackTimer : event_playing_id     = "11cadcaa96c30ce7ead9e45e62e3af01"
[2026-09-02 02:50:48.617 +00:00] [INF] [37] Jellyfin.Plugin.PlaybackReporting.EventMonitorEntryPoint: StartPlaybackTimer : event_user_id        = "8622faae841a48c5bb17541857a083c3"
[2026-09-02 02:50:48.618 +00:00] [INF] [37] Jellyfin.Plugin.PlaybackReporting.EventMonitorEntryPoint: StartPlaybackTimer : event_user_id_int    = 1
[2026-09-02 02:50:48.618 +00:00] [INF] [37] Jellyfin.Plugin.PlaybackReporting.EventMonitorEntryPoint: StartPlaybackTimer : session_playing_id   = ""
[2026-09-02 02:50:48.618 +00:00] [INF] [37] Jellyfin.Plugin.PlaybackReporting.EventMonitorEntryPoint: StartPlaybackTimer : session_user_id      = "8622faae841a48c5bb17541857a083c3"
[2026-09-02 02:50:48.618 +00:00] [INF] [37] Jellyfin.Plugin.PlaybackReporting.EventMonitorEntryPoint: StartPlaybackTimer : play_method          = "na"
[2026-09-02 02:50:48.618 +00:00] [INF] [37] Jellyfin.Plugin.PlaybackReporting.EventMonitorEntryPoint: StartPlaybackTimer : e.ClientName         = "Jellyfin Web"
[2026-09-02 02:50:48.618 +00:00] [INF] [37] Jellyfin.Plugin.PlaybackReporting.EventMonitorEntryPoint: StartPlaybackTimer : e.DeviceName         = "Firefox"
[2026-09-02 02:50:48.618 +00:00] [INF] [37] Jellyfin.Plugin.PlaybackReporting.EventMonitorEntryPoint: StartPlaybackTimer : ItemName             = "Clear and Present Danger"
[2026-09-02 02:50:48.618 +00:00] [INF] [37] Jellyfin.Plugin.PlaybackReporting.EventMonitorEntryPoint: StartPlaybackTimer : ItemId               = "11cadcaa96c30ce7ead9e45e62e3af01"
[2026-09-02 02:50:48.618 +00:00] [INF] [37] Jellyfin.Plugin.PlaybackReporting.EventMonitorEntryPoint: StartPlaybackTimer : ItemType             = "Movie"
[2026-09-02 02:50:48.618 +00:00] [INF] [37] Jellyfin.Plugin.PlaybackReporting.EventMonitorEntryPoint: StartPlaybackTimer : Details do not match for play item
[2026-09-02 02:50:48.618 +00:00] [INF] [37] Jellyfin.Plugin.PlaybackReporting.EventMonitorEntryPoint: StartPlaybackTimer : Exited
[2026-09-02 02:51:03.900 +00:00] [INF] [25] Jellyfin.Plugin.PlaybackReporting.EventMonitorEntryPoint: session.RemoteEndPoint : "127.0.0.1"
[2026-09-02 02:51:03.900 +00:00] [INF] [25] Jellyfin.Plugin.PlaybackReporting.EventMonitorEntryPoint: StartPlaybackTimer : event_playing_id     = "c1375bcba52c18044b66964a283b59b5"
[2026-09-02 02:51:03.900 +00:00] [INF] [25] Jellyfin.Plugin.PlaybackReporting.EventMonitorEntryPoint: StartPlaybackTimer : event_user_id        = "8622faae841a48c5bb17541857a083c3"
[2026-09-02 02:51:03.900 +00:00] [INF] [25] Jellyfin.Plugin.PlaybackReporting.EventMonitorEntryPoint: StartPlaybackTimer : event_user_id_int    = 1
[2026-09-02 02:51:03.900 +00:00] [INF] [25] Jellyfin.Plugin.PlaybackReporting.EventMonitorEntryPoint: StartPlaybackTimer : session_playing_id   = ""
[2026-09-02 02:51:03.900 +00:00] [INF] [25] Jellyfin.Plugin.PlaybackReporting.EventMonitorEntryPoint: StartPlaybackTimer : session_user_id      = "8622faae841a48c5bb17541857a083c3"
[2026-09-02 02:51:03.900 +00:00] [INF] [25] Jellyfin.Plugin.PlaybackReporting.EventMonitorEntryPoint: StartPlaybackTimer : play_method          = "na"
[2026-09-02 02:51:03.900 +00:00] [INF] [25] Jellyfin.Plugin.PlaybackReporting.EventMonitorEntryPoint: StartPlaybackTimer : e.ClientName         = "Jellyfin Web"
[2026-09-02 02:51:03.900 +00:00] [INF] [25] Jellyfin.Plugin.PlaybackReporting.EventMonitorEntryPoint: StartPlaybackTimer : e.DeviceName         = "Firefox"
[2026-09-02 02:51:03.900 +00:00] [INF] [25] Jellyfin.Plugin.PlaybackReporting.EventMonitorEntryPoint: StartPlaybackTimer : ItemName             = "The Big Bus"
[2026-09-02 02:51:03.900 +00:00] [INF] [25] Jellyfin.Plugin.PlaybackReporting.EventMonitorEntryPoint: StartPlaybackTimer : ItemId               = "c1375bcba52c18044b66964a283b59b5"
[2026-09-02 02:51:03.901 +00:00] [INF] [25] Jellyfin.Plugin.PlaybackReporting.EventMonitorEntryPoint: StartPlaybackTimer : ItemType             = "Movie"
[2026-09-02 02:51:03.901 +00:00] [INF] [25] Jellyfin.Plugin.PlaybackReporting.EventMonitorEntryPoint: StartPlaybackTimer : Details do not match for play item
[2026-09-02 02:51:03.901 +00:00] [INF] [25] Jellyfin.Plugin.PlaybackReporting.EventMonitorEntryPoint: StartPlaybackTimer : Exited
[2026-09-02 02:51:37.593 +00:00] [INF] [25] Jellyfin.Api.Helpers.MediaInfoHelper: User policy for "admin2". EnablePlaybackRemuxing: True EnableVideoPlaybackTranscoding: True EnableAudioPlaybackTranscoding: True
[2026-09-02 02:51:37.956 +00:00] [INF] [37] Jellyfin.Api.Controllers.DynamicHlsController: Current HLS implementation doesn't support non-keyframe breaks but one is requested, ignoring that request
[2026-09-02 02:51:37.957 +00:00] [INF] [37] MediaBrowser.MediaEncoding.Transcoding.TranscodeManager: "/usr/lib/jellyfin-ffmpeg/ffmpeg" "-analyzeduration 200M -probesize 1G -f matroska -init_hw_device rkmpp=rk -hwaccel rkmpp -hwaccel_output_format drm_prime -noautorotate -afbc rga -i file:\"/media/movies/blackberry.mkv\" -noautoscale -map_metadata -1 -map_chapters -1 -threads 0 -map 0:0 -map 0:1 -map -0:s -codec:v:0 h264_rkmpp -b:v 2571605 -maxrate 2571605 -bufsize 5143210 -profile:v:0 high -level 51 -g:v:0 72 -keyint_min:v:0 72 -vf \"setparams=color_primaries=bt709:color_trc=bt709:colorspace=bt709,vpp_rkrga=format=nv12:afbc=1\" -codec:a:0 copy -copyts -avoid_negative_ts disabled -max_muxing_queue_size 2048 -f hls -max_delay 5000000 -hls_time 3 -hls_segment_type fmp4 -hls_fmp4_init_filename \"5e695369e59a791fb6e21fa5052a290e-1.mp4\" -start_number 0 -hls_segment_filename \"/transcode/5e695369e59a791fb6e21fa5052a290e%d.mp4\" -hls_playlist_type vod -hls_list_size 0 -hls_segment_options movflags=+frag_discont -y \"/transcode/5e695369e59a791fb6e21fa5052a290e.m3u8\""
[2026-09-02 02:51:38.008 +00:00] [ERR] [25] MediaBrowser.MediaEncoding.Transcoding.TranscodeManager: FFmpeg exited with code 187
[2026-09-02 02:51:38.103 +00:00] [ERR] [20] Jellyfin.Api.Middleware.ExceptionMiddleware: Error processing request. URL "GET" "/videos/90502053-17d5-8be7-b9b1-a0aa8e4f6235/hls1/main/-1.mp4".
MediaBrowser.Common.FfmpegException: FFmpeg exited with code 187
   at MediaBrowser.MediaEncoding.Transcoding.TranscodeManager.StartFfMpeg(StreamState state, String outputPath, String commandLineArguments, Guid userId, TranscodingJobType transcodingJobType, CancellationTokenSource cancellationTokenSource, String workingDirectory)
   at Jellyfin.Api.Controllers.DynamicHlsController.GetDynamicSegment(StreamingRequestDto streamingRequest, Int32 segmentId)
   at Jellyfin.Api.Controllers.DynamicHlsController.GetHlsVideoSegment(Guid itemId, String playlistId, Int32 segmentId, String container, Int64 runtimeTicks, Int64 actualSegmentLengthTicks, Nullable`1 static, String params, String tag, String deviceProfileId, String playSessionId, String segmentContainer, Nullable`1 segmentLength, Nullable`1 minSegments, String mediaSourceId, String deviceId, String audioCodec, Nullable`1 enableAutoStreamCopy, Nullable`1 allowVideoStreamCopy, Nullable`1 allowAudioStreamCopy, Nullable`1 breakOnNonKeyFrames, Nullable`1 audioSampleRate, Nullable`1 maxAudioBitDepth, Nullable`1 audioBitRate, Nullable`1 audioChannels, Nullable`1 maxAudioChannels, String profile, String level, Nullable`1 framerate, Nullable`1 maxFramerate, Nullable`1 copyTimestamps, Nullable`1 startTimeTicks, Nullable`1 width, Nullable`1 height, Nullable`1 maxWidth, Nullable`1 maxHeight, Nullable`1 videoBitRate, Nullable`1 subtitleStreamIndex, Nullable`1 subtitleMethod, Nullable`1 maxRefFrames, Nullable`1 maxVideoBitDepth, Nullable`1 requireAvc, Nullable`1 deInterlace, Nullable`1 requireNonAnamorphic, Nullable`1 transcodingMaxAudioChannels, Nullable`1 cpuCoreLimit, String liveStreamId, Nullable`1 enableMpegtsM2TsMode, String videoCodec, String subtitleCodec, String transcodeReasons, Nullable`1 audioStreamIndex, Nullable`1 videoStreamIndex, Nullable`1 context, Dictionary`2 streamOptions, Boolean enableAudioVbrEncoding, Boolean alwaysBurnInSubtitleWhenTranscoding)
   at lambda_method588(Closure, Object)
   at Microsoft.AspNetCore.Mvc.Infrastructure.ActionMethodExecutor.TaskOfActionResultExecutor.Execute(ActionContext actionContext, IActionResultTypeMapper mapper, ObjectMethodExecutor executor, Object controller, Object[] arguments)
   at Microsoft.AspNetCore.Mvc.Infrastructure.ControllerActionInvoker.<InvokeActionMethodAsync>g__Awaited|12_0(ControllerActionInvoker invoker, ValueTask`1 actionResultValueTask)
   at Microsoft.AspNetCore.Mvc.Infrastructure.ControllerActionInvoker.<InvokeNextActionFilterAsync>g__Awaited|10_0(ControllerActionInvoker invoker, Task lastTask, State next, Scope scope, Object state, Boolean isCompleted)
   at Microsoft.AspNetCore.Mvc.Infrastructure.ControllerActionInvoker.Rethrow(ActionExecutedContextSealed context)
   at Microsoft.AspNetCore.Mvc.Infrastructure.ControllerActionInvoker.Next(State& next, Scope& scope, Object& state, Boolean& isCompleted)
   at Microsoft.AspNetCore.Mvc.Infrastructure.ControllerActionInvoker.<InvokeInnerFilterAsync>g__Awaited|13_0(ControllerActionInvoker invoker, Task lastTask, State next, Scope scope, Object state, Boolean isCompleted)
   at Microsoft.AspNetCore.Mvc.Infrastructure.ResourceInvoker.<InvokeNextResourceFilter>g__Awaited|25_0(ResourceInvoker invoker, Task lastTask, State next, Scope scope, Object state, Boolean isCompleted)
   at Microsoft.AspNetCore.Mvc.Infrastructure.ResourceInvoker.Rethrow(ResourceExecutedContextSealed context)
   at Microsoft.AspNetCore.Mvc.Infrastructure.ResourceInvoker.Next(State& next, Scope& scope, Object& state, Boolean& isCompleted)
   at Microsoft.AspNetCore.Mvc.Infrastructure.ResourceInvoker.<InvokeFilterPipelineAsync>g__Awaited|20_0(ResourceInvoker invoker, Task lastTask, State next, Scope scope, Object state, Boolean isCompleted)
   at Microsoft.AspNetCore.Mvc.Infrastructure.ResourceInvoker.<InvokeAsync>g__Awaited|17_0(ResourceInvoker invoker, Task task, IDisposable scope)
   at Microsoft.AspNetCore.Mvc.Infrastructure.ResourceInvoker.<InvokeAsync>g__Awaited|17_0(ResourceInvoker invoker, Task task, IDisposable scope)
   at Jellyfin.Api.Middleware.ServerStartupMessageMiddleware.Invoke(HttpContext httpContext, IServerApplicationHost serverApplicationHost, ILocalizationManager localizationManager)
   at Jellyfin.Api.Middleware.WebSocketHandlerMiddleware.Invoke(HttpContext httpContext, IWebSocketManager webSocketManager)
   at Jellyfin.Api.Middleware.IPBasedAccessValidationMiddleware.Invoke(HttpContext httpContext, INetworkManager networkManager)
   at Jellyfin.Api.Middleware.LanFilteringMiddleware.Invoke(HttpContext httpContext, INetworkManager networkManager, IServerConfigurationManager serverConfigurationManager)
   at Microsoft.AspNetCore.Authorization.AuthorizationMiddleware.Invoke(HttpContext context)
   at Jellyfin.Api.Middleware.QueryStringDecodingMiddleware.Invoke(HttpContext httpContext)
   at Swashbuckle.AspNetCore.ReDoc.ReDocMiddleware.Invoke(HttpContext httpContext)
   at Swashbuckle.AspNetCore.SwaggerUI.SwaggerUIMiddleware.Invoke(HttpContext httpContext)
   at Swashbuckle.AspNetCore.Swagger.SwaggerMiddleware.Invoke(HttpContext httpContext, ISwaggerProvider swaggerProvider)
   at Microsoft.AspNetCore.Authentication.AuthenticationMiddleware.Invoke(HttpContext context)
   at Jellyfin.Api.Middleware.RobotsRedirectionMiddleware.Invoke(HttpContext httpContext)
   at Jellyfin.Api.Middleware.LegacyEmbyRouteRewriteMiddleware.Invoke(HttpContext httpContext)
   at Microsoft.AspNetCore.ResponseCompression.ResponseCompressionMiddleware.InvokeCore(HttpContext context)
   at Jellyfin.Api.Middleware.ResponseTimeMiddleware.Invoke(HttpContext context, IServerConfigurationManager serverConfigurationManager)
   at Jellyfin.Api.Middleware.ExceptionMiddleware.Invoke(HttpContext context)
[2026-09-02 02:51:38.181 +00:00] [INF] [20] Jellyfin.Plugin.PlaybackReporting.EventMonitorEntryPoint: Adding playback tracker : TW96aWxsYS81LjAgKFdpbmRvd3MgTlQgMTAuMDsgV2luNjQ7IHg2NDsgcnY6MTU0LjApIEdlY2tvLzIwMTAwMTAxIEZpcmVmb3gvMTU0LjB8MTc4ODIxOTc2NDI5Nw11-8622faae841a48c5bb17541857a083c3-9050205317d58be7b9b1a0aa8e4f6235
[2026-09-02 02:51:38.181 +00:00] [INF] [20] Jellyfin.Plugin.PlaybackReporting.Data.PlaybackTracker: PlaybackTracker : Adding Start Event : 09/02/2026 02:51:38
[2026-09-02 02:51:38.181 +00:00] [INF] [20] Jellyfin.Plugin.PlaybackReporting.EventMonitorEntryPoint: Creating StartPlaybackTimer Task
[2026-09-02 02:51:38.181 +00:00] [INF] [37] Jellyfin.Plugin.PlaybackReporting.EventMonitorEntryPoint: StartPlaybackTimer : Entered
[2026-09-02 02:51:38.232 +00:00] [INF] [37] Jellyfin.Api.Helpers.MediaInfoHelper: User policy for "admin2". EnablePlaybackRemuxing: True EnableVideoPlaybackTranscoding: True EnableAudioPlaybackTranscoding: True
[2026-09-02 02:51:38.243 +00:00] [INF] [25] MediaBrowser.MediaEncoding.Transcoding.TranscodeManager: Deleting partial stream file(s) "/transcode/5e695369e59a791fb6e21fa5052a290e.m3u8"
[2026-09-02 02:51:38.336 +00:00] [INF] [25] Jellyfin.Api.Controllers.DynamicHlsController: Current HLS implementation doesn't support non-keyframe breaks but one is requested, ignoring that request
[2026-09-02 02:51:38.337 +00:00] [INF] [25] MediaBrowser.MediaEncoding.Transcoding.TranscodeManager: "/usr/lib/jellyfin-ffmpeg/ffmpeg" "-analyzeduration 200M -probesize 1G -f matroska -init_hw_device rkmpp=rk -hwaccel rkmpp -hwaccel_output_format drm_prime -noautorotate -afbc rga -i file:\"/media/movies/blackberry.mkv\" -noautoscale -map_metadata -1 -map_chapters -1 -threads 0 -map 0:0 -map 0:1 -map -0:s -codec:v:0 h264_rkmpp -b:v 2571605 -maxrate 2571605 -bufsize 5143210 -profile:v:0 high -level 51 -g:v:0 72 -keyint_min:v:0 72 -vf \"setparams=color_primaries=bt709:color_trc=bt709:colorspace=bt709,vpp_rkrga=format=nv12:afbc=1\" -codec:a:0 copy -copyts -avoid_negative_ts disabled -max_muxing_queue_size 2048 -f hls -max_delay 5000000 -hls_time 3 -hls_segment_type fmp4 -hls_fmp4_init_filename \"123cc56a17e0e0e3084b8292190df44a-1.mp4\" -start_number 0 -hls_segment_filename \"/transcode/123cc56a17e0e0e3084b8292190df44a%d.mp4\" -hls_playlist_type vod -hls_list_size 0 -hls_segment_options movflags=+frag_discont -y \"/transcode/123cc56a17e0e0e3084b8292190df44a.m3u8\""
[2026-09-02 02:51:38.389 +00:00] [ERR] [27] MediaBrowser.MediaEncoding.Transcoding.TranscodeManager: FFmpeg exited with code 187
[2026-09-02 02:51:38.486 +00:00] [ERR] [27] Jellyfin.Api.Middleware.ExceptionMiddleware: Error processing request. URL "GET" "/videos/90502053-17d5-8be7-b9b1-a0aa8e4f6235/hls1/main/-1.mp4".
MediaBrowser.Common.FfmpegException: FFmpeg exited with code 187
   at MediaBrowser.MediaEncoding.Transcoding.TranscodeManager.StartFfMpeg(StreamState state, String outputPath, String commandLineArguments, Guid userId, TranscodingJobType transcodingJobType, CancellationTokenSource cancellationTokenSource, String workingDirectory)
   at Jellyfin.Api.Controllers.DynamicHlsController.GetDynamicSegment(StreamingRequestDto streamingRequest, Int32 segmentId)
   at Jellyfin.Api.Controllers.DynamicHlsController.GetHlsVideoSegment(Guid itemId, String playlistId, Int32 segmentId, String container, Int64 runtimeTicks, Int64 actualSegmentLengthTicks, Nullable`1 static, String params, String tag, String deviceProfileId, String playSessionId, String segmentContainer, Nullable`1 segmentLength, Nullable`1 minSegments, String mediaSourceId, String deviceId, String audioCodec, Nullable`1 enableAutoStreamCopy, Nullable`1 allowVideoStreamCopy, Nullable`1 allowAudioStreamCopy, Nullable`1 breakOnNonKeyFrames, Nullable`1 audioSampleRate, Nullable`1 maxAudioBitDepth, Nullable`1 audioBitRate, Nullable`1 audioChannels, Nullable`1 maxAudioChannels, String profile, String level, Nullable`1 framerate, Nullable`1 maxFramerate, Nullable`1 copyTimestamps, Nullable`1 startTimeTicks, Nullable`1 width, Nullable`1 height, Nullable`1 maxWidth, Nullable`1 maxHeight, Nullable`1 videoBitRate, Nullable`1 subtitleStreamIndex, Nullable`1 subtitleMethod, Nullable`1 maxRefFrames, Nullable`1 maxVideoBitDepth, Nullable`1 requireAvc, Nullable`1 deInterlace, Nullable`1 requireNonAnamorphic, Nullable`1 transcodingMaxAudioChannels, Nullable`1 cpuCoreLimit, String liveStreamId, Nullable`1 enableMpegtsM2TsMode, String videoCodec, String subtitleCodec, String transcodeReasons, Nullable`1 audioStreamIndex, Nullable`1 videoStreamIndex, Nullable`1 context, Dictionary`2 streamOptions, Boolean enableAudioVbrEncoding, Boolean alwaysBurnInSubtitleWhenTranscoding)
   at lambda_method588(Closure, Object)
   at Microsoft.AspNetCore.Mvc.Infrastructure.ActionMethodExecutor.TaskOfActionResultExecutor.Execute(ActionContext actionContext, IActionResultTypeMapper mapper, ObjectMethodExecutor executor, Object controller, Object[] arguments)
   at Microsoft.AspNetCore.Mvc.Infrastructure.ControllerActionInvoker.<InvokeActionMethodAsync>g__Awaited|12_0(ControllerActionInvoker invoker, ValueTask`1 actionResultValueTask)
   at Microsoft.AspNetCore.Mvc.Infrastructure.ControllerActionInvoker.<InvokeNextActionFilterAsync>g__Awaited|10_0(ControllerActionInvoker invoker, Task lastTask, State next, Scope scope, Object state, Boolean isCompleted)
   at Microsoft.AspNetCore.Mvc.Infrastructure.ControllerActionInvoker.Rethrow(ActionExecutedContextSealed context)
   at Microsoft.AspNetCore.Mvc.Infrastructure.ControllerActionInvoker.Next(State& next, Scope& scope, Object& state, Boolean& isCompleted)
   at Microsoft.AspNetCore.Mvc.Infrastructure.ControllerActionInvoker.<InvokeInnerFilterAsync>g__Awaited|13_0(ControllerActionInvoker invoker, Task lastTask, State next, Scope scope, Object state, Boolean isCompleted)
   at Microsoft.AspNetCore.Mvc.Infrastructure.ResourceInvoker.<InvokeNextResourceFilter>g__Awaited|25_0(ResourceInvoker invoker, Task lastTask, State next, Scope scope, Object state, Boolean isCompleted)
   at Microsoft.AspNetCore.Mvc.Infrastructure.ResourceInvoker.Rethrow(ResourceExecutedContextSealed context)
   at Microsoft.AspNetCore.Mvc.Infrastructure.ResourceInvoker.Next(State& next, Scope& scope, Object& state, Boolean& isCompleted)
   at Microsoft.AspNetCore.Mvc.Infrastructure.ResourceInvoker.<InvokeFilterPipelineAsync>g__Awaited|20_0(ResourceInvoker invoker, Task lastTask, State next, Scope scope, Object state, Boolean isCompleted)
   at Microsoft.AspNetCore.Mvc.Infrastructure.ResourceInvoker.<InvokeAsync>g__Awaited|17_0(ResourceInvoker invoker, Task task, IDisposable scope)
   at Microsoft.AspNetCore.Mvc.Infrastructure.ResourceInvoker.<InvokeAsync>g__Awaited|17_0(ResourceInvoker invoker, Task task, IDisposable scope)
   at Jellyfin.Api.Middleware.ServerStartupMessageMiddleware.Invoke(HttpContext httpContext, IServerApplicationHost serverApplicationHost, ILocalizationManager localizationManager)
   at Jellyfin.Api.Middleware.WebSocketHandlerMiddleware.Invoke(HttpContext httpContext, IWebSocketManager webSocketManager)
   at Jellyfin.Api.Middleware.IPBasedAccessValidationMiddleware.Invoke(HttpContext httpContext, INetworkManager networkManager)
   at Jellyfin.Api.Middleware.LanFilteringMiddleware.Invoke(HttpContext httpContext, INetworkManager networkManager, IServerConfigurationManager serverConfigurationManager)
   at Microsoft.AspNetCore.Authorization.AuthorizationMiddleware.Invoke(HttpContext context)
   at Jellyfin.Api.Middleware.QueryStringDecodingMiddleware.Invoke(HttpContext httpContext)
   at Swashbuckle.AspNetCore.ReDoc.ReDocMiddleware.Invoke(HttpContext httpContext)
   at Swashbuckle.AspNetCore.SwaggerUI.SwaggerUIMiddleware.Invoke(HttpContext httpContext)
   at Swashbuckle.AspNetCore.Swagger.SwaggerMiddleware.Invoke(HttpContext httpContext, ISwaggerProvider swaggerProvider)
   at Microsoft.AspNetCore.Authentication.AuthenticationMiddleware.Invoke(HttpContext context)
   at Jellyfin.Api.Middleware.RobotsRedirectionMiddleware.Invoke(HttpContext httpContext)
   at Jellyfin.Api.Middleware.LegacyEmbyRouteRewriteMiddleware.Invoke(HttpContext httpContext)
   at Microsoft.AspNetCore.ResponseCompression.ResponseCompressionMiddleware.InvokeCore(HttpContext context)
   at Jellyfin.Api.Middleware.ResponseTimeMiddleware.Invoke(HttpContext context, IServerConfigurationManager serverConfigurationManager)
   at Jellyfin.Api.Middleware.ExceptionMiddleware.Invoke(HttpContext context)
[2026-09-02 02:51:38.509 +00:00] [INF] [27] Jellyfin.Api.Helpers.MediaInfoHelper: User policy for "admin2". EnablePlaybackRemuxing: True EnableVideoPlaybackTranscoding: True EnableAudioPlaybackTranscoding: True
[2026-09-02 02:51:38.523 +00:00] [INF] [27] MediaBrowser.MediaEncoding.Transcoding.TranscodeManager: Deleting partial stream file(s) "/transcode/123cc56a17e0e0e3084b8292190df44a.m3u8"
[2026-09-02 02:51:38.635 +00:00] [INF] [41] Jellyfin.Api.Controllers.DynamicHlsController: Current HLS implementation doesn't support non-keyframe breaks but one is requested, ignoring that request
[2026-09-02 02:51:38.636 +00:00] [INF] [41] MediaBrowser.MediaEncoding.Transcoding.TranscodeManager: "/usr/lib/jellyfin-ffmpeg/ffmpeg" "-analyzeduration 200M -probesize 1G -f matroska -init_hw_device rkmpp=rk -hwaccel rkmpp -hwaccel_output_format drm_prime -noautorotate -afbc rga -i file:\"/media/movies/blackberry.mkv\" -noautoscale -map_metadata -1 -map_chapters -1 -threads 0 -map 0:0 -map 0:1 -map -0:s -codec:v:0 h264_rkmpp -b:v 2571605 -maxrate 2571605 -bufsize 5143210 -profile:v:0 high -level 51 -g:v:0 72 -keyint_min:v:0 72 -vf \"setparams=color_primaries=bt709:color_trc=bt709:colorspace=bt709,vpp_rkrga=format=nv12:afbc=1\" -codec:a:0 libfdk_aac -ac 2 -ab 192000 -ar 48000 -copyts -avoid_negative_ts disabled -max_muxing_queue_size 2048 -f hls -max_delay 5000000 -hls_time 3 -hls_segment_type fmp4 -hls_fmp4_init_filename \"439500cb148d3ffa5648e9d7c0936de2-1.mp4\" -start_number 0 -hls_segment_filename \"/transcode/439500cb148d3ffa5648e9d7c0936de2%d.mp4\" -hls_playlist_type vod -hls_list_size 0 -hls_segment_options movflags=+frag_discont -y \"/transcode/439500cb148d3ffa5648e9d7c0936de2.m3u8\""
[2026-09-02 02:51:38.707 +00:00] [ERR] [20] MediaBrowser.MediaEncoding.Transcoding.TranscodeManager: FFmpeg exited with code 187
[2026-09-02 02:51:38.797 +00:00] [ERR] [20] Jellyfin.Api.Middleware.ExceptionMiddleware: Error processing request. URL "GET" "/videos/90502053-17d5-8be7-b9b1-a0aa8e4f6235/hls1/main/-1.mp4".
MediaBrowser.Common.FfmpegException: FFmpeg exited with code 187
   at MediaBrowser.MediaEncoding.Transcoding.TranscodeManager.StartFfMpeg(StreamState state, String outputPath, String commandLineArguments, Guid userId, TranscodingJobType transcodingJobType, CancellationTokenSource cancellationTokenSource, String workingDirectory)
   at Jellyfin.Api.Controllers.DynamicHlsController.GetDynamicSegment(StreamingRequestDto streamingRequest, Int32 segmentId)
   at Jellyfin.Api.Controllers.DynamicHlsController.GetHlsVideoSegment(Guid itemId, String playlistId, Int32 segmentId, String container, Int64 runtimeTicks, Int64 actualSegmentLengthTicks, Nullable`1 static, String params, String tag, String deviceProfileId, String playSessionId, String segmentContainer, Nullable`1 segmentLength, Nullable`1 minSegments, String mediaSourceId, String deviceId, String audioCodec, Nullable`1 enableAutoStreamCopy, Nullable`1 allowVideoStreamCopy, Nullable`1 allowAudioStreamCopy, Nullable`1 breakOnNonKeyFrames, Nullable`1 audioSampleRate, Nullable`1 maxAudioBitDepth, Nullable`1 audioBitRate, Nullable`1 audioChannels, Nullable`1 maxAudioChannels, String profile, String level, Nullable`1 framerate, Nullable`1 maxFramerate, Nullable`1 copyTimestamps, Nullable`1 startTimeTicks, Nullable`1 width, Nullable`1 height, Nullable`1 maxWidth, Nullable`1 maxHeight, Nullable`1 videoBitRate, Nullable`1 subtitleStreamIndex, Nullable`1 subtitleMethod, Nullable`1 maxRefFrames, Nullable`1 maxVideoBitDepth, Nullable`1 requireAvc, Nullable`1 deInterlace, Nullable`1 requireNonAnamorphic, Nullable`1 transcodingMaxAudioChannels, Nullable`1 cpuCoreLimit, String liveStreamId, Nullable`1 enableMpegtsM2TsMode, String videoCodec, String subtitleCodec, String transcodeReasons, Nullable`1 audioStreamIndex, Nullable`1 videoStreamIndex, Nullable`1 context, Dictionary`2 streamOptions, Boolean enableAudioVbrEncoding, Boolean alwaysBurnInSubtitleWhenTranscoding)
   at lambda_method588(Closure, Object)
   at Microsoft.AspNetCore.Mvc.Infrastructure.ActionMethodExecutor.TaskOfActionResultExecutor.Execute(ActionContext actionContext, IActionResultTypeMapper mapper, ObjectMethodExecutor executor, Object controller, Object[] arguments)
   at Microsoft.AspNetCore.Mvc.Infrastructure.ControllerActionInvoker.<InvokeActionMethodAsync>g__Awaited|12_0(ControllerActionInvoker invoker, ValueTask`1 actionResultValueTask)
   at Microsoft.AspNetCore.Mvc.Infrastructure.ControllerActionInvoker.<InvokeNextActionFilterAsync>g__Awaited|10_0(ControllerActionInvoker invoker, Task lastTask, State next, Scope scope, Object state, Boolean isCompleted)
   at Microsoft.AspNetCore.Mvc.Infrastructure.ControllerActionInvoker.Rethrow(ActionExecutedContextSealed context)
   at Microsoft.AspNetCore.Mvc.Infrastructure.ControllerActionInvoker.Next(State& next, Scope& scope, Object& state, Boolean& isCompleted)
   at Microsoft.AspNetCore.Mvc.Infrastructure.ControllerActionInvoker.<InvokeInnerFilterAsync>g__Awaited|13_0(ControllerActionInvoker invoker, Task lastTask, State next, Scope scope, Object state, Boolean isCompleted)
   at Microsoft.AspNetCore.Mvc.Infrastructure.ResourceInvoker.<InvokeNextResourceFilter>g__Awaited|25_0(ResourceInvoker invoker, Task lastTask, State next, Scope scope, Object state, Boolean isCompleted)
   at Microsoft.AspNetCore.Mvc.Infrastructure.ResourceInvoker.Rethrow(ResourceExecutedContextSealed context)
   at Microsoft.AspNetCore.Mvc.Infrastructure.ResourceInvoker.Next(State& next, Scope& scope, Object& state, Boolean& isCompleted)
   at Microsoft.AspNetCore.Mvc.Infrastructure.ResourceInvoker.<InvokeFilterPipelineAsync>g__Awaited|20_0(ResourceInvoker invoker, Task lastTask, State next, Scope scope, Object state, Boolean isCompleted)
   at Microsoft.AspNetCore.Mvc.Infrastructure.ResourceInvoker.<InvokeAsync>g__Awaited|17_0(ResourceInvoker invoker, Task task, IDisposable scope)
   at Microsoft.AspNetCore.Mvc.Infrastructure.ResourceInvoker.<InvokeAsync>g__Awaited|17_0(ResourceInvoker invoker, Task task, IDisposable scope)
   at Jellyfin.Api.Middleware.ServerStartupMessageMiddleware.Invoke(HttpContext httpContext, IServerApplicationHost serverApplicationHost, ILocalizationManager localizationManager)
   at Jellyfin.Api.Middleware.WebSocketHandlerMiddleware.Invoke(HttpContext httpContext, IWebSocketManager webSocketManager)
   at Jellyfin.Api.Middleware.IPBasedAccessValidationMiddleware.Invoke(HttpContext httpContext, INetworkManager networkManager)
   at Jellyfin.Api.Middleware.LanFilteringMiddleware.Invoke(HttpContext httpContext, INetworkManager networkManager, IServerConfigurationManager serverConfigurationManager)
   at Microsoft.AspNetCore.Authorization.AuthorizationMiddleware.Invoke(HttpContext context)
   at Jellyfin.Api.Middleware.QueryStringDecodingMiddleware.Invoke(HttpContext httpContext)
   at Swashbuckle.AspNetCore.ReDoc.ReDocMiddleware.Invoke(HttpContext httpContext)
   at Swashbuckle.AspNetCore.SwaggerUI.SwaggerUIMiddleware.Invoke(HttpContext httpContext)
   at Swashbuckle.AspNetCore.Swagger.SwaggerMiddleware.Invoke(HttpContext httpContext, ISwaggerProvider swaggerProvider)
   at Microsoft.AspNetCore.Authentication.AuthenticationMiddleware.Invoke(HttpContext context)
   at Jellyfin.Api.Middleware.RobotsRedirectionMiddleware.Invoke(HttpContext httpContext)
   at Jellyfin.Api.Middleware.LegacyEmbyRouteRewriteMiddleware.Invoke(HttpContext httpContext)
   at Microsoft.AspNetCore.ResponseCompression.ResponseCompressionMiddleware.InvokeCore(HttpContext context)
   at Jellyfin.Api.Middleware.ResponseTimeMiddleware.Invoke(HttpContext context, IServerConfigurationManager serverConfigurationManager)
   at Jellyfin.Api.Middleware.ExceptionMiddleware.Invoke(HttpContext context)
[2026-09-02 02:51:38.820 +00:00] [INF] [37] MediaBrowser.MediaEncoding.Transcoding.TranscodeManager: Deleting partial stream file(s) "/transcode/439500cb148d3ffa5648e9d7c0936de2.m3u8"
[2026-09-02 02:51:40.320 +00:00] [INF] [27] Emby.Server.Implementations.Session.SessionManager: Playback stopped reported by app "Jellyfin Web" "10.10.7" playing "BlackBerry". Stopped at "0" ms
[2026-09-02 02:51:40.330 +00:00] [INF] [37] Jellyfin.Plugin.PlaybackReporting.EventMonitorEntryPoint: Playback stop tracker found, processing stop : "TW96aWxsYS81LjAgKFdpbmRvd3MgTlQgMTAuMDsgV2luNjQ7IHg2NDsgcnY6MTU0LjApIEdlY2tvLzIwMTAwMTAxIEZpcmVmb3gvMTU0LjB8MTc4ODIxOTc2NDI5Nw11-8622faae841a48c5bb17541857a083c3-9050205317d58be7b9b1a0aa8e4f6235"
[2026-09-02 02:51:40.330 +00:00] [INF] [37] Jellyfin.Plugin.PlaybackReporting.Data.PlaybackTracker: PlaybackTracker : Adding Stop Event : 09/02/2026 02:51:40
[2026-09-02 02:51:40.330 +00:00] [INF] [37] Jellyfin.Plugin.PlaybackReporting.EventMonitorEntryPoint: Playback stop but TrackedPlaybackInfo not found! not storing activity in DB
[2026-09-02 02:51:58.184 +00:00] [INF] [25] Jellyfin.Plugin.PlaybackReporting.EventMonitorEntryPoint: session.RemoteEndPoint : "127.0.0.1"
[2026-09-02 02:51:58.184 +00:00] [INF] [25] Jellyfin.Plugin.PlaybackReporting.EventMonitorEntryPoint: StartPlaybackTimer : event_playing_id     = "9050205317d58be7b9b1a0aa8e4f6235"
[2026-09-02 02:51:58.184 +00:00] [INF] [25] Jellyfin.Plugin.PlaybackReporting.EventMonitorEntryPoint: StartPlaybackTimer : event_user_id        = "8622faae841a48c5bb17541857a083c3"
[2026-09-02 02:51:58.184 +00:00] [INF] [25] Jellyfin.Plugin.PlaybackReporting.EventMonitorEntryPoint: StartPlaybackTimer : event_user_id_int    = 1
[2026-09-02 02:51:58.184 +00:00] [INF] [25] Jellyfin.Plugin.PlaybackReporting.EventMonitorEntryPoint: StartPlaybackTimer : session_playing_id   = ""
[2026-09-02 02:51:58.184 +00:00] [INF] [25] Jellyfin.Plugin.PlaybackReporting.EventMonitorEntryPoint: StartPlaybackTimer : session_user_id      = "8622faae841a48c5bb17541857a083c3"
[2026-09-02 02:51:58.184 +00:00] [INF] [25] Jellyfin.Plugin.PlaybackReporting.EventMonitorEntryPoint: StartPlaybackTimer : play_method          = "na"
[2026-09-02 02:51:58.184 +00:00] [INF] [25] Jellyfin.Plugin.PlaybackReporting.EventMonitorEntryPoint: StartPlaybackTimer : e.ClientName         = "Jellyfin Web"
[2026-09-02 02:51:58.184 +00:00] [INF] [25] Jellyfin.Plugin.PlaybackReporting.EventMonitorEntryPoint: StartPlaybackTimer : e.DeviceName         = "Firefox"
[2026-09-02 02:51:58.184 +00:00] [INF] [25] Jellyfin.Plugin.PlaybackReporting.EventMonitorEntryPoint: StartPlaybackTimer : ItemName             = "BlackBerry"
[2026-09-02 02:51:58.184 +00:00] [INF] [25] Jellyfin.Plugin.PlaybackReporting.EventMonitorEntryPoint: StartPlaybackTimer : ItemId               = "9050205317d58be7b9b1a0aa8e4f6235"
[2026-09-02 02:51:58.184 +00:00] [INF] [25] Jellyfin.Plugin.PlaybackReporting.EventMonitorEntryPoint: StartPlaybackTimer : ItemType             = "Movie"
[2026-09-02 02:51:58.184 +00:00] [INF] [25] Jellyfin.Plugin.PlaybackReporting.EventMonitorEntryPoint: StartPlaybackTimer : Details do not match for play item
[2026-09-02 02:51:58.184 +00:00] [INF] [25] Jellyfin.Plugin.PlaybackReporting.EventMonitorEntryPoint: StartPlaybackTimer : Exited
[2026-09-02 03:00:00.036 +00:00] [INF] [43] Jellyfin.Server.Implementations.Trickplay.TrickplayManager: Creating trickplay files at 320 width, for "/media/movies/Distinguished Gentleman.mkv" [ID: d6805bb3-0f17-f98d-647b-b59374a66cea]
[2026-09-02 03:00:00.043 +00:00] [INF] [43] MediaBrowser.MediaEncoding.Encoder.MediaEncoder: Trickplay generation: "/usr/lib/jellyfin-ffmpeg/ffmpeg -loglevel error -skip_frame nokey -init_hw_device rkmpp=rk -hwaccel rkmpp -hwaccel_output_format drm_prime -noautorotate -afbc rga -i file:\"/media/movies/Distinguished Gentleman.mkv\" -noautoscale -an -sn -vf \"fps=0.10000000149011612,setparams=color_primaries=bt709:color_trc=bt709:colorspace=bt709,vpp_rkrga=format=bgra:afbc=1,vpp_rkrga=w=320:h=172:format=nv12\" -threads 1 -c:v mjpeg_rkmpp -qp_init:v 90 -fps_mode passthrough -f image2 \"/tmp/jellyfin/633990a089ec4f8db319d1c0e9109c30/%08d.jpg\""
[2026-09-02 03:00:00.100 +00:00] [ERR] [44] Jellyfin.Server.Implementations.Trickplay.TrickplayManager: Error creating trickplay images.
System.ArgumentException: Can't create trickplay from 0 images.
   at Jellyfin.Server.Implementations.Trickplay.TrickplayManager.CreateTiles(IReadOnlyList`1 images, Int32 width, TrickplayOptions options, String outputDir)
   at Jellyfin.Server.Implementations.Trickplay.TrickplayManager.RefreshTrickplayDataInternal(Video video, Boolean replace, Int32 width, TrickplayOptions options, LibraryOptions libraryOptions, CancellationToken cancellationToken)
[2026-09-02 03:00:00.107 +00:00] [INF] [44] Jellyfin.Server.Implementations.Trickplay.TrickplayManager: Creating trickplay files at 320 width, for "/media/movies/BloodDiamond.mkv" [ID: edcc59be-f16e-b5a5-cfe6-5451b6514b31]
[2026-09-02 03:00:00.107 +00:00] [INF] [44] MediaBrowser.MediaEncoding.Encoder.MediaEncoder: Trickplay generation: "/usr/lib/jellyfin-ffmpeg/ffmpeg -loglevel error -skip_frame nokey -init_hw_device rkmpp=rk -hwaccel rkmpp -hwaccel_output_format drm_prime -noautorotate -afbc rga -i file:\"/media/movies/BloodDiamond.mkv\" -noautoscale -an -sn -vf \"fps=0.10000000149011612,setparams=color_primaries=bt709:color_trc=bt709:colorspace=bt709,vpp_rkrga=format=bgra:afbc=1,vpp_rkrga=w=320:h=136:format=nv12\" -threads 1 -c:v mjpeg_rkmpp -qp_init:v 90 -fps_mode passthrough -f image2 \"/tmp/jellyfin/1393adcb35f44b02bb863bb36ddf7b5c/%08d.jpg\""
[2026-09-02 03:00:00.177 +00:00] [ERR] [19] Jellyfin.Server.Implementations.Trickplay.TrickplayManager: Error creating trickplay images.
System.ArgumentException: Can't create trickplay from 0 images.
   at Jellyfin.Server.Implementations.Trickplay.TrickplayManager.CreateTiles(IReadOnlyList`1 images, Int32 width, TrickplayOptions options, String outputDir)
   at Jellyfin.Server.Implementations.Trickplay.TrickplayManager.RefreshTrickplayDataInternal(Video video, Boolean replace, Int32 width, TrickplayOptions options, LibraryOptions libraryOptions, CancellationToken cancellationToken)
[2026-09-02 03:00:00.185 +00:00] [INF] [19] Jellyfin.Server.Implementations.Trickplay.TrickplayManager: Creating trickplay files at 320 width, for "/media/movies/margin call.mkv" [ID: 686db995-0566-8798-164f-4aa93d3a7648]
[2026-09-02 03:00:00.187 +00:00] [INF] [19] MediaBrowser.MediaEncoding.Encoder.MediaEncoder: Trickplay generation: "/usr/lib/jellyfin-ffmpeg/ffmpeg -loglevel error -skip_frame nokey -init_hw_device rkmpp=rk -hwaccel rkmpp -hwaccel_output_format drm_prime -noautorotate -afbc rga -i file:\"/media/movies/margin call.mkv\" -noautoscale -an -sn -vf \"fps=0.10000000149011612,setparams=color_primaries=bt709:color_trc=bt709:colorspace=bt709,vpp_rkrga=format=bgra:afbc=1,vpp_rkrga=w=320:h=180:format=nv12\" -threads 1 -c:v mjpeg_rkmpp -qp_init:v 90 -fps_mode passthrough -f image2 \"/tmp/jellyfin/6838d12688f3421d96b844edf69dab38/%08d.jpg\""
[2026-09-02 03:00:00.278 +00:00] [ERR] [43] Jellyfin.Server.Implementations.Trickplay.TrickplayManager: Error creating trickplay images.
System.ArgumentException: Can't create trickplay from 0 images.
   at Jellyfin.Server.Implementations.Trickplay.TrickplayManager.CreateTiles(IReadOnlyList`1 images, Int32 width, TrickplayOptions options, String outputDir)
   at Jellyfin.Server.Implementations.Trickplay.TrickplayManager.RefreshTrickplayDataInternal(Video video, Boolean replace, Int32 width, TrickplayOptions options, LibraryOptions libraryOptions, CancellationToken cancellationToken)
[2026-09-02 03:00:00.281 +00:00] [INF] [43] Jellyfin.Server.Implementations.Trickplay.TrickplayManager: Creating trickplay files at 320 width, for "/media/movies/Steve Jobs.mkv" [ID: b69b97d6-eda6-fd39-eaa9-c5671a6330fe]
[2026-09-02 03:00:00.282 +00:00] [INF] [43] MediaBrowser.MediaEncoding.Encoder.MediaEncoder: Trickplay generation: "/usr/lib/jellyfin-ffmpeg/ffmpeg -loglevel error -skip_frame nokey -init_hw_device rkmpp=rk -hwaccel rkmpp -hwaccel_output_format drm_prime -noautorotate -afbc rga -i file:\"/media/movies/Steve Jobs.mkv\" -noautoscale -an -sn -vf \"fps=0.10000000149011612,setparams=color_primaries=bt709:color_trc=bt709:colorspace=bt709,vpp_rkrga=format=bgra:afbc=1,vpp_rkrga=w=320:h=180:format=nv12\" -threads 1 -c:v mjpeg_rkmpp -qp_init:v 90 -fps_mode passthrough -f image2 \"/tmp/jellyfin/60db6a33f028415fbfcb3441682197bc/%08d.jpg\""
[2026-09-02 03:00:00.332 +00:00] [ERR] [43] Jellyfin.Server.Implementations.Trickplay.TrickplayManager: Error creating trickplay images.
System.ArgumentException: Can't create trickplay from 0 images.
   at Jellyfin.Server.Implementations.Trickplay.TrickplayManager.CreateTiles(IReadOnlyList`1 images, Int32 width, TrickplayOptions options, String outputDir)
   at Jellyfin.Server.Implementations.Trickplay.TrickplayManager.RefreshTrickplayDataInternal(Video video, Boolean replace, Int32 width, TrickplayOptions options, LibraryOptions libraryOptions, CancellationToken cancellationToken)
[2026-09-02 03:00:00.334 +00:00] [INF] [43] Jellyfin.Server.Implementations.Trickplay.TrickplayManager: Creating trickplay files at 320 width, for "/media/movies/Terminator 1.mkv" [ID: a6513a2c-6102-adf0-3a3e-c09912b3b635]
[2026-09-02 03:00:00.334 +00:00] [INF] [43] MediaBrowser.MediaEncoding.Encoder.MediaEncoder: Trickplay generation: "/usr/lib/jellyfin-ffmpeg/ffmpeg -loglevel error -skip_frame nokey -init_hw_device rkmpp=rk -hwaccel rkmpp -hwaccel_output_format drm_prime -noautorotate -afbc rga -i file:\"/media/movies/Terminator 1.mkv\" -noautoscale -an -sn -vf \"fps=0.10000000149011612,setparams=color_primaries=bt709:color_trc=bt709:colorspace=bt709,vpp_rkrga=format=bgra:afbc=1,vpp_rkrga=w=320:h=180:format=nv12\" -threads 1 -c:v mjpeg_rkmpp -qp_init:v 90 -fps_mode passthrough -f image2 \"/tmp/jellyfin/60921e672b3841c1bc673b751ebb46db/%08d.jpg\""
[2026-09-02 03:00:00.387 +00:00] [ERR] [19] Jellyfin.Server.Implementations.Trickplay.TrickplayManager: Error creating trickplay images.
System.ArgumentException: Can't create trickplay from 0 images.
   at Jellyfin.Server.Implementations.Trickplay.TrickplayManager.CreateTiles(IReadOnlyList`1 images, Int32 width, TrickplayOptions options, String outputDir)
   at Jellyfin.Server.Implementations.Trickplay.TrickplayManager.RefreshTrickplayDataInternal(Video video, Boolean replace, Int32 width, TrickplayOptions options, LibraryOptions libraryOptions, CancellationToken cancellationToken)
[2026-09-02 03:00:00.393 +00:00] [INF] [19] Jellyfin.Server.Implementations.Trickplay.TrickplayManager: Creating trickplay files at 320 width, for "/media/movies/Greenbook.mkv" [ID: e23b5093-9a7b-d1ee-c2f6-128fa937ce9d]
[2026-09-02 03:00:00.394 +00:00] [INF] [19] MediaBrowser.MediaEncoding.Encoder.MediaEncoder: Trickplay generation: "/usr/lib/jellyfin-ffmpeg/ffmpeg -loglevel error -skip_frame nokey -init_hw_device rkmpp=rk -hwaccel rkmpp -hwaccel_output_format drm_prime -noautorotate -afbc rga -i file:\"/media/movies/Greenbook.mkv\" -noautoscale -an -sn -vf \"fps=0.10000000149011612,setparams=color_primaries=bt709:color_trc=bt709:colorspace=bt709,vpp_rkrga=format=bgra:afbc=1,vpp_rkrga=w=320:h=162:format=nv12\" -threads 1 -c:v mjpeg_rkmpp -qp_init:v 90 -fps_mode passthrough -f image2 \"/tmp/jellyfin/367ee5c488e64739a60f276a708ea507/%08d.jpg\""
[2026-09-02 03:00:00.452 +00:00] [ERR] [43] Jellyfin.Server.Implementations.Trickplay.TrickplayManager: Error creating trickplay images.
System.ArgumentException: Can't create trickplay from 0 images.
   at Jellyfin.Server.Implementations.Trickplay.TrickplayManager.CreateTiles(IReadOnlyList`1 images, Int32 width, TrickplayOptions options, String outputDir)
   at Jellyfin.Server.Implementations.Trickplay.TrickplayManager.RefreshTrickplayDataInternal(Video video, Boolean replace, Int32 width, TrickplayOptions options, LibraryOptions libraryOptions, CancellationToken cancellationToken)
[2026-09-02 03:00:00.457 +00:00] [INF] [43] Jellyfin.Server.Implementations.Trickplay.TrickplayManager: Creating trickplay files at 320 width, for "/media/movies/School Ties.mkv" [ID: d6de75a4-b599-e14b-f8bb-f2e1f9a6d223]
[2026-09-02 03:00:00.458 +00:00] [INF] [43] MediaBrowser.MediaEncoding.Encoder.MediaEncoder: Trickplay generation: "/usr/lib/jellyfin-ffmpeg/ffmpeg -loglevel error -skip_frame nokey -init_hw_device rkmpp=rk -hwaccel rkmpp -hwaccel_output_format drm_prime -noautorotate -afbc rga -i file:\"/media/movies/School Ties.mkv\" -noautoscale -an -sn -vf \"fps=0.10000000149011612,setparams=color_primaries=bt709:color_trc=bt709:colorspace=bt709,vpp_rkrga=format=bgra:afbc=1,vpp_rkrga=w=320:h=184:format=nv12\" -threads 1 -c:v mjpeg_rkmpp -qp_init:v 90 -fps_mode passthrough -f image2 \"/tmp/jellyfin/8ecad9d1411a4a8e8d1268f95f67dd4b/%08d.jpg\""
[2026-09-02 03:00:00.522 +00:00] [ERR] [19] Jellyfin.Server.Implementations.Trickplay.TrickplayManager: Error creating trickplay images.
System.ArgumentException: Can't create trickplay from 0 images.
   at Jellyfin.Server.Implementations.Trickplay.TrickplayManager.CreateTiles(IReadOnlyList`1 images, Int32 width, TrickplayOptions options, String outputDir)
   at Jellyfin.Server.Implementations.Trickplay.TrickplayManager.RefreshTrickplayDataInternal(Video video, Boolean replace, Int32 width, TrickplayOptions options, LibraryOptions libraryOptions, CancellationToken cancellationToken)
[2026-09-02 03:00:00.529 +00:00] [INF] [19] Jellyfin.Server.Implementations.Trickplay.TrickplayManager: Creating trickplay files at 320 width, for "/media/movies/Star Trek (1979).mkv" [ID: ad3c1a1a-39d0-fe82-1bbe-875502d64cc6]
[2026-09-02 03:00:00.531 +00:00] [INF] [19] MediaBrowser.MediaEncoding.Encoder.MediaEncoder: Trickplay generation: "/usr/lib/jellyfin-ffmpeg/ffmpeg -loglevel error -skip_frame nokey -init_hw_device rkmpp=rk -hwaccel rkmpp -hwaccel_output_format drm_prime -noautorotate -afbc rga -i file:\"/media/movies/Star Trek (1979).mkv\" -noautoscale -an -sn -vf \"fps=0.10000000149011612,setparams=color_primaries=bt709:color_trc=bt709:colorspace=bt709,vpp_rkrga=format=bgra:afbc=1,vpp_rkrga=w=320:h=138:format=nv12\" -threads 1 -c:v mjpeg_rkmpp -qp_init:v 90 -fps_mode passthrough -f image2 \"/tmp/jellyfin/a2a6a599db1c488098cd65bd4869e7cf/%08d.jpg\""
[2026-09-02 03:00:00.575 +00:00] [ERR] [43] Jellyfin.Server.Implementations.Trickplay.TrickplayManager: Error creating trickplay images.
System.ArgumentException: Can't create trickplay from 0 images.
   at Jellyfin.Server.Implementations.Trickplay.TrickplayManager.CreateTiles(IReadOnlyList`1 images, Int32 width, TrickplayOptions options, String outputDir)
   at Jellyfin.Server.Implementations.Trickplay.TrickplayManager.RefreshTrickplayDataInternal(Video video, Boolean replace, Int32 width, TrickplayOptions options, LibraryOptions libraryOptions, CancellationToken cancellationToken)
[2026-09-02 03:00:00.585 +00:00] [INF] [43] Jellyfin.Server.Implementations.Trickplay.TrickplayManager: Creating trickplay files at 320 width, for "/media/movies/Draft Day.mkv" [ID: f2da339e-48c0-766a-4e8d-39bbd044c028]
[2026-09-02 03:00:00.587 +00:00] [INF] [43] MediaBrowser.MediaEncoding.Encoder.MediaEncoder: Trickplay generation: "/usr/lib/jellyfin-ffmpeg/ffmpeg -loglevel error -skip_frame nokey -init_hw_device rkmpp=rk -hwaccel rkmpp -hwaccel_output_format drm_prime -noautorotate -afbc rga -i file:\"/media/movies/Draft Day.mkv\" -noautoscale -an -sn -vf \"fps=0.10000000149011612,setparams=color_primaries=bt709:color_trc=bt709:colorspace=bt709,vpp_rkrga=format=bgra:afbc=1,vpp_rkrga=w=320:h=132:format=nv12\" -threads 1 -c:v mjpeg_rkmpp -qp_init:v 90 -fps_mode passthrough -f image2 \"/tmp/jellyfin/ee14c0c000ad4bd495bbdfca8b9209c6/%08d.jpg\""
[2026-09-02 03:00:00.635 +00:00] [ERR] [44] Jellyfin.Server.Implementations.Trickplay.TrickplayManager: Error creating trickplay images.
System.ArgumentException: Can't create trickplay from 0 images.
   at Jellyfin.Server.Implementations.Trickplay.TrickplayManager.CreateTiles(IReadOnlyList`1 images, Int32 width, TrickplayOptions options, String outputDir)
   at Jellyfin.Server.Implementations.Trickplay.TrickplayManager.RefreshTrickplayDataInternal(Video video, Boolean replace, Int32 width, TrickplayOptions options, LibraryOptions libraryOptions, CancellationToken cancellationToken)
[2026-09-02 03:00:00.639 +00:00] [INF] [44] Jellyfin.Server.Implementations.Trickplay.TrickplayManager: Creating trickplay files at 320 width, for "/media/movies/soylent green.mkv" [ID: 4c78b4b5-d985-ae51-bd73-57a5f39f9121]
[2026-09-02 03:00:00.640 +00:00] [INF] [44] MediaBrowser.MediaEncoding.Encoder.MediaEncoder: Trickplay generation: "/usr/lib/jellyfin-ffmpeg/ffmpeg -loglevel error -skip_frame nokey -init_hw_device rkmpp=rk -hwaccel rkmpp -hwaccel_output_format drm_prime -noautorotate -afbc rga -i file:\"/media/movies/soylent green.mkv\" -noautoscale -an -sn -vf \"fps=0.10000000149011612,setparams=color_primaries=bt709:color_trc=bt709:colorspace=bt709,vpp_rkrga=format=bgra:afbc=1,vpp_rkrga=w=320:h=136:format=nv12\" -threads 1 -c:v mjpeg_rkmpp -qp_init:v 90 -fps_mode passthrough -f image2 \"/tmp/jellyfin/6515931f79274a7a88c1a201db3632c9/%08d.jpg\""
[2026-09-02 03:00:00.693 +00:00] [ERR] [19] Jellyfin.Server.Implementations.Trickplay.TrickplayManager: Error creating trickplay images.
System.ArgumentException: Can't create trickplay from 0 images.
   at Jellyfin.Server.Implementations.Trickplay.TrickplayManager.CreateTiles(IReadOnlyList`1 images, Int32 width, TrickplayOptions options, String outputDir)
   at Jellyfin.Server.Implementations.Trickplay.TrickplayManager.RefreshTrickplayDataInternal(Video video, Boolean replace, Int32 width, TrickplayOptions options, LibraryOptions libraryOptions, CancellationToken cancellationToken)
[2026-09-02 03:00:00.697 +00:00] [INF] [19] Jellyfin.Server.Implementations.Trickplay.TrickplayManager: Creating trickplay files at 320 width, for "/media/movies/Rocky IV.mkv" [ID: 3fb44678-7006-52d9-3f28-22215e89baad]
[2026-09-02 03:00:00.698 +00:00] [INF] [19] MediaBrowser.MediaEncoding.Encoder.MediaEncoder: Trickplay generation: "/usr/lib/jellyfin-ffmpeg/ffmpeg -loglevel error -skip_frame nokey -init_hw_device rkmpp=rk -hwaccel rkmpp -hwaccel_output_format drm_prime -noautorotate -afbc rga -i file:\"/media/movies/Rocky IV.mkv\" -noautoscale -an -sn -vf \"fps=0.10000000149011612,setparams=color_primaries=bt709:color_trc=bt709:colorspace=bt709,vpp_rkrga=format=bgra:afbc=1,vpp_rkrga=w=320:h=174:format=nv12\" -threads 1 -c:v mjpeg_rkmpp -qp_init:v 90 -fps_mode passthrough -f image2 \"/tmp/jellyfin/88cbf9c31b634200a3d783c39bcd81eb/%08d.jpg\""
[2026-09-02 03:00:00.735 +00:00] [ERR] [44] Jellyfin.Server.Implementations.Trickplay.TrickplayManager: Error creating trickplay images.
System.ArgumentException: Can't create trickplay from 0 images.
   at Jellyfin.Server.Implementations.Trickplay.TrickplayManager.CreateTiles(IReadOnlyList`1 images, Int32 width, TrickplayOptions options, String outputDir)
   at Jellyfin.Server.Implementations.Trickplay.TrickplayManager.RefreshTrickplayDataInternal(Video video, Boolean replace, Int32 width, TrickplayOptions options, LibraryOptions libraryOptions, CancellationToken cancellationToken)
[2026-09-02 03:00:00.739 +00:00] [INF] [44] Jellyfin.Server.Implementations.Trickplay.TrickplayManager: Creating trickplay files at 320 width, for "/media/movies/Logans Run.mkv" [ID: 1b45d000-b112-7b71-7e10-eeb6fa0d8c0f]
[2026-09-02 03:00:00.740 +00:00] [INF] [44] MediaBrowser.MediaEncoding.Encoder.MediaEncoder: Trickplay generation: "/usr/lib/jellyfin-ffmpeg/ffmpeg -loglevel error -skip_frame nokey -init_hw_device rkmpp=rk -hwaccel rkmpp -hwaccel_output_format drm_prime -noautorotate -afbc rga -i file:\"/media/movies/Logans Run.mkv\" -noautoscale -an -sn -vf \"fps=0.10000000149011612,setparams=color_primaries=bt709:color_trc=bt709:colorspace=bt709,vpp_rkrga=format=bgra:afbc=1,vpp_rkrga=w=320:h=136:format=nv12\" -threads 1 -c:v mjpeg_rkmpp -qp_init:v 90 -fps_mode passthrough -f image2 \"/tmp/jellyfin/dbda45e158de41ecbe6393ca15fa55f1/%08d.jpg\""
[2026-09-02 03:00:00.782 +00:00] [ERR] [43] Jellyfin.Server.Implementations.Trickplay.TrickplayManager: Error creating trickplay images.
System.ArgumentException: Can't create trickplay from 0 images.
   at Jellyfin.Server.Implementations.Trickplay.TrickplayManager.CreateTiles(IReadOnlyList`1 images, Int32 width, TrickplayOptions options, String outputDir)
   at Jellyfin.Server.Implementations.Trickplay.TrickplayManager.RefreshTrickplayDataInternal(Video video, Boolean replace, Int32 width, TrickplayOptions options, LibraryOptions libraryOptions, CancellationToken cancellationToken)
[2026-09-02 03:00:00.787 +00:00] [INF] [43] Jellyfin.Server.Implementations.Trickplay.TrickplayManager: Creating trickplay files at 320 width, for "/media/movies/Star Trek II.mkv" [ID: d4688046-e5d7-f38d-b79a-185445d1a571]
[2026-09-02 03:00:00.789 +00:00] [INF] [43] MediaBrowser.MediaEncoding.Encoder.MediaEncoder: Trickplay generation: "/usr/lib/jellyfin-ffmpeg/ffmpeg -loglevel error -skip_frame nokey -init_hw_device rkmpp=rk -hwaccel rkmpp -hwaccel_output_format drm_prime -noautorotate -afbc rga -i file:\"/media/movies/Star Trek II.mkv\" -noautoscale -an -sn -vf \"fps=0.10000000149011612,setparams=color_primaries=bt709:color_trc=bt709:colorspace=bt709,vpp_rkrga=format=bgra:afbc=1,vpp_rkrga=w=320:h=136:format=nv12\" -threads 1 -c:v mjpeg_rkmpp -qp_init:v 90 -fps_mode passthrough -f image2 \"/tmp/jellyfin/28cce5984e94428281a2dba208f7e381/%08d.jpg\""
[2026-09-02 03:00:00.833 +00:00] [ERR] [44] Jellyfin.Server.Implementations.Trickplay.TrickplayManager: Error creating trickplay images.
System.ArgumentException: Can't create trickplay from 0 images.
   at Jellyfin.Server.Implementations.Trickplay.TrickplayManager.CreateTiles(IReadOnlyList`1 images, Int32 width, TrickplayOptions options, String outputDir)
   at Jellyfin.Server.Implementations.Trickplay.TrickplayManager.RefreshTrickplayDataInternal(Video video, Boolean replace, Int32 width, TrickplayOptions options, LibraryOptions libraryOptions, CancellationToken cancellationToken)
[2026-09-02 03:00:00.836 +00:00] [INF] [44] Jellyfin.Server.Implementations.Trickplay.TrickplayManager: Creating trickplay files at 320 width, for "/media/movies/Star Trek III.mkv" [ID: 1d85ca53-9610-3749-c840-9c5d00fba486]
[2026-09-02 03:00:00.837 +00:00] [INF] [44] MediaBrowser.MediaEncoding.Encoder.MediaEncoder: Trickplay generation: "/usr/lib/jellyfin-ffmpeg/ffmpeg -loglevel error -skip_frame nokey -init_hw_device rkmpp=rk -hwaccel rkmpp -hwaccel_output_format drm_prime -noautorotate -afbc rga -i file:\"/media/movies/Star Trek III.mkv\" -noautoscale -an -sn -vf \"fps=0.10000000149011612,setparams=color_primaries=bt709:color_trc=bt709:colorspace=bt709,vpp_rkrga=format=bgra:afbc=1,vpp_rkrga=w=320:h=138:format=nv12\" -threads 1 -c:v mjpeg_rkmpp -qp_init:v 90 -fps_mode passthrough -f image2 \"/tmp/jellyfin/605ba938f7214f77b2c30bfc8e2ccbf0/%08d.jpg\""
[2026-09-02 03:00:00.900 +00:00] [ERR] [43] Jellyfin.Server.Implementations.Trickplay.TrickplayManager: Error creating trickplay images.
System.ArgumentException: Can't create trickplay from 0 images.
   at Jellyfin.Server.Implementations.Trickplay.TrickplayManager.CreateTiles(IReadOnlyList`1 images, Int32 width, TrickplayOptions options, String outputDir)
   at Jellyfin.Server.Implementations.Trickplay.TrickplayManager.RefreshTrickplayDataInternal(Video video, Boolean replace, Int32 width, TrickplayOptions options, LibraryOptions libraryOptions, CancellationToken cancellationToken)
[2026-09-02 03:00:00.906 +00:00] [INF] [43] Jellyfin.Server.Implementations.Trickplay.TrickplayManager: Creating trickplay files at 320 width, for "/media/movies/Shadow Recruit.mkv" [ID: cd5e4be3-feba-a7f8-c1a2-bef897761975]
[2026-09-02 03:00:00.907 +00:00] [INF] [43] MediaBrowser.MediaEncoding.Encoder.MediaEncoder: Trickplay generation: "/usr/lib/jellyfin-ffmpeg/ffmpeg -loglevel error -skip_frame nokey -init_hw_device rkmpp=rk -hwaccel rkmpp -hwaccel_output_format drm_prime -noautorotate -afbc rga -i file:\"/media/movies/Shadow Recruit.mkv\" -noautoscale -an -sn -vf \"fps=0.10000000149011612,setparams=color_primaries=bt709:color_trc=bt709:colorspace=bt709,vpp_rkrga=format=bgra:afbc=1,vpp_rkrga=w=320:h=136:format=nv12\" -threads 1 -c:v mjpeg_rkmpp -qp_init:v 90 -fps_mode passthrough -f image2 \"/tmp/jellyfin/7e2112e3b0cb479da54e7553719744f3/%08d.jpg\""
[2026-09-02 03:00:00.954 +00:00] [ERR] [44] Jellyfin.Server.Implementations.Trickplay.TrickplayManager: Error creating trickplay images.
System.ArgumentException: Can't create trickplay from 0 images.
   at Jellyfin.Server.Implementations.Trickplay.TrickplayManager.CreateTiles(IReadOnlyList`1 images, Int32 width, TrickplayOptions options, String outputDir)
   at Jellyfin.Server.Implementations.Trickplay.TrickplayManager.RefreshTrickplayDataInternal(Video video, Boolean replace, Int32 width, TrickplayOptions options, LibraryOptions libraryOptions, CancellationToken cancellationToken)
[2026-09-02 03:00:00.957 +00:00] [INF] [44] Jellyfin.Server.Implementations.Trickplay.TrickplayManager: Creating trickplay files at 320 width, for "/media/movies/Terminator 6 Dark Fate.mkv" [ID: e2578aa2-c95c-506d-589f-0ef73f60bc72]
[2026-09-02 03:00:00.958 +00:00] [INF] [44] MediaBrowser.MediaEncoding.Encoder.MediaEncoder: Trickplay generation: "/usr/lib/jellyfin-ffmpeg/ffmpeg -loglevel error -skip_frame nokey -init_hw_device rkmpp=rk -hwaccel rkmpp -hwaccel_output_format drm_prime -noautorotate -afbc rga -i file:\"/media/movies/Terminator 6 Dark Fate.mkv\" -noautoscale -an -sn -vf \"fps=0.10000000149011612,setparams=color_primaries=bt709:color_trc=bt709:colorspace=bt709,vpp_rkrga=format=bgra:afbc=1,vpp_rkrga=w=320:h=132:format=nv12\" -threads 1 -c:v mjpeg_rkmpp -qp_init:v 90 -fps_mode passthrough -f image2 \"/tmp/jellyfin/41631d6a7ba847a296b669e0038e0bc5/%08d.jpg\""
[2026-09-02 03:00:00.994 +00:00] [ERR] [44] Jellyfin.Server.Implementations.Trickplay.TrickplayManager: Error creating trickplay images.
System.ArgumentException: Can't create trickplay from 0 images.
   at Jellyfin.Server.Implementations.Trickplay.TrickplayManager.CreateTiles(IReadOnlyList`1 images, Int32 width, TrickplayOptions options, String outputDir)
   at Jellyfin.Server.Implementations.Trickplay.TrickplayManager.RefreshTrickplayDataInternal(Video video, Boolean replace, Int32 width, TrickplayOptions options, LibraryOptions libraryOptions, CancellationToken cancellationToken)
[2026-09-02 03:00:00.997 +00:00] [INF] [44] Jellyfin.Server.Implementations.Trickplay.TrickplayManager: Creating trickplay files at 320 width, for "/media/movies/Ford vs Ferrari.mkv" [ID: 433ffde2-44c7-3ca2-69d7-6370a039a41b]
[2026-09-02 03:00:00.997 +00:00] [INF] [44] MediaBrowser.MediaEncoding.Encoder.MediaEncoder: Trickplay generation: "/usr/lib/jellyfin-ffmpeg/ffmpeg -loglevel error -skip_frame nokey -init_hw_device rkmpp=rk -hwaccel rkmpp -hwaccel_output_format drm_prime -noautorotate -afbc rga -i file:\"/media/movies/Ford vs Ferrari.mkv\" -noautoscale -an -sn -vf \"fps=0.10000000149011612,setparams=color_primaries=bt709:color_trc=bt709:colorspace=bt709,vpp_rkrga=format=bgra:afbc=1,vpp_rkrga=w=320:h=136:format=nv12\" -threads 1 -c:v mjpeg_rkmpp -qp_init:v 90 -fps_mode passthrough -f image2 \"/tmp/jellyfin/80ce7ea38fee49fe8705ffe21eb81b73/%08d.jpg\""
[2026-09-02 03:00:01.003 +00:00] [INF] [44] Emby.Server.Implementations.ScheduledTasks.TaskManager: Daily trigger for "Generate Trickplay Images" set to fire at 2026-09-03 03:00:00.000 +00:00, which is 23:59:58.9966533 from now.
[2026-09-02 03:00:01.049 +00:00] [ERR] [44] Jellyfin.Server.Implementations.Trickplay.TrickplayManager: Error creating trickplay images.
System.ArgumentException: Can't create trickplay from 0 images.
   at Jellyfin.Server.Implementations.Trickplay.TrickplayManager.CreateTiles(IReadOnlyList`1 images, Int32 width, TrickplayOptions options, String outputDir)
   at Jellyfin.Server.Implementations.Trickplay.TrickplayManager.RefreshTrickplayDataInternal(Video video, Boolean replace, Int32 width, TrickplayOptions options, LibraryOptions libraryOptions, CancellationToken cancellationToken)
[2026-09-02 03:00:01.051 +00:00] [INF] [44] Jellyfin.Server.Implementations.Trickplay.TrickplayManager: Creating trickplay files at 320 width, for "/media/movies/Falling Down.mkv" [ID: 544f1597-bf49-704e-1473-52a7a21b6cbd]
[2026-09-02 03:00:01.052 +00:00] [INF] [44] MediaBrowser.MediaEncoding.Encoder.MediaEncoder: Trickplay generation: "/usr/lib/jellyfin-ffmpeg/ffmpeg -loglevel error -skip_frame nokey -init_hw_device rkmpp=rk -hwaccel rkmpp -hwaccel_output_format drm_prime -noautorotate -afbc rga -i file:\"/media/movies/Falling Down.mkv\" -noautoscale -an -sn -vf \"fps=0.10000000149011612,setparams=color_primaries=bt709:color_trc=bt709:colorspace=bt709,vpp_rkrga=format=bgra:afbc=1,vpp_rkrga=w=320:h=136:format=nv12\" -threads 1 -c:v mjpeg_rkmpp -qp_init:v 90 -fps_mode passthrough -f image2 \"/tmp/jellyfin/5f210c6ab23f4b1eaaea6f3ad0746f4d/%08d.jpg\""
[2026-09-02 03:00:01.102 +00:00] [ERR] [35] Jellyfin.Server.Implementations.Trickplay.TrickplayManager: Error creating trickplay images.
System.ArgumentException: Can't create trickplay from 0 images.
   at Jellyfin.Server.Implementations.Trickplay.TrickplayManager.CreateTiles(IReadOnlyList`1 images, Int32 width, TrickplayOptions options, String outputDir)
   at Jellyfin.Server.Implementations.Trickplay.TrickplayManager.RefreshTrickplayDataInternal(Video video, Boolean replace, Int32 width, TrickplayOptions options, LibraryOptions libraryOptions, CancellationToken cancellationToken)
[2026-09-02 03:00:01.104 +00:00] [INF] [35] Jellyfin.Server.Implementations.Trickplay.TrickplayManager: Creating trickplay files at 320 width, for "/media/movies/Uncharted.mkv" [ID: 28c6a94f-8fca-2a9e-2ba4-53aa65ad3833]
[2026-09-02 03:00:01.105 +00:00] [INF] [35] MediaBrowser.MediaEncoding.Encoder.MediaEncoder: Trickplay generation: "/usr/lib/jellyfin-ffmpeg/ffmpeg -loglevel error -skip_frame nokey -init_hw_device rkmpp=rk -hwaccel rkmpp -hwaccel_output_format drm_prime -noautorotate -afbc rga -i file:\"/media/movies/Uncharted.mkv\" -noautoscale -an -sn -vf \"fps=0.10000000149011612,setparams=color_primaries=bt709:color_trc=bt709:colorspace=bt709,vpp_rkrga=format=bgra:afbc=1,vpp_rkrga=w=320:h=132:format=nv12\" -threads 1 -c:v mjpeg_rkmpp -qp_init:v 90 -fps_mode passthrough -f image2 \"/tmp/jellyfin/de4f3e5a06a54a57baf5149244665fed/%08d.jpg\""
[2026-09-02 03:00:01.167 +00:00] [ERR] [44] Jellyfin.Server.Implementations.Trickplay.TrickplayManager: Error creating trickplay images.
System.ArgumentException: Can't create trickplay from 0 images.
   at Jellyfin.Server.Implementations.Trickplay.TrickplayManager.CreateTiles(IReadOnlyList`1 images, Int32 width, TrickplayOptions options, String outputDir)
   at Jellyfin.Server.Implementations.Trickplay.TrickplayManager.RefreshTrickplayDataInternal(Video video, Boolean replace, Int32 width, TrickplayOptions options, LibraryOptions libraryOptions, CancellationToken cancellationToken)
[2026-09-02 03:00:01.174 +00:00] [INF] [44] Jellyfin.Server.Implementations.Trickplay.TrickplayManager: Creating trickplay files at 320 width, for "/media/movies/Top Gun Maverick.mkv" [ID: 1ca9a800-ef90-bdc4-6924-83d22f5e8813]
[2026-09-02 03:00:01.176 +00:00] [INF] [44] MediaBrowser.MediaEncoding.Encoder.MediaEncoder: Trickplay generation: "/usr/lib/jellyfin-ffmpeg/ffmpeg -loglevel error -skip_frame nokey -init_hw_device rkmpp=rk -hwaccel rkmpp -hwaccel_output_format drm_prime -noautorotate -afbc rga -i file:\"/media/movies/Top Gun Maverick.mkv\" -noautoscale -an -sn -vf \"fps=0.10000000149011612,setparams=color_primaries=bt709:color_trc=bt709:colorspace=bt709,vpp_rkrga=format=bgra:afbc=1,vpp_rkrga=w=320:h=168:format=nv12\" -threads 1 -c:v mjpeg_rkmpp -qp_init:v 90 -fps_mode passthrough -f image2 \"/tmp/jellyfin/0662df5dbb174a23908883ec2a3ca581/%08d.jpg\""
[2026-09-02 03:00:01.239 +00:00] [ERR] [35] Jellyfin.Server.Implementations.Trickplay.TrickplayManager: Error creating trickplay images.
System.ArgumentException: Can't create trickplay from 0 images.
   at Jellyfin.Server.Implementations.Trickplay.TrickplayManager.CreateTiles(IReadOnlyList`1 images, Int32 width, TrickplayOptions options, String outputDir)
   at Jellyfin.Server.Implementations.Trickplay.TrickplayManager.RefreshTrickplayDataInternal(Video video, Boolean replace, Int32 width, TrickplayOptions options, LibraryOptions libraryOptions, CancellationToken cancellationToken)
[2026-09-02 03:00:01.242 +00:00] [INF] [35] Jellyfin.Server.Implementations.Trickplay.TrickplayManager: Creating trickplay files at 320 width, for "/media/movies/Frogmen.mkv" [ID: 4006ed99-2d2e-78cf-1eaa-42d85e09c242]
[2026-09-02 03:00:01.242 +00:00] [INF] [35] MediaBrowser.MediaEncoding.Encoder.MediaEncoder: Trickplay generation: "/usr/lib/jellyfin-ffmpeg/ffmpeg -loglevel error -skip_frame nokey -init_hw_device rkmpp=rk -hwaccel rkmpp -hwaccel_output_format drm_prime -noautorotate -afbc rga -i file:\"/media/movies/Frogmen.mkv\" -noautoscale -an -sn -vf \"fps=0.10000000149011612,setparams=color_primaries=bt709:color_trc=bt709:colorspace=bt709,vpp_rkrga=format=bgra:afbc=1,vpp_rkrga=w=320:h=240:format=nv12\" -threads 1 -c:v mjpeg_rkmpp -qp_init:v 90 -fps_mode passthrough -f image2 \"/tmp/jellyfin/33a66309118a4edcbd7d80c17eef0f3b/%08d.jpg\""
[2026-09-02 03:00:01.276 +00:00] [ERR] [44] Jellyfin.Server.Implementations.Trickplay.TrickplayManager: Error creating trickplay images.
System.ArgumentException: Can't create trickplay from 0 images.
   at Jellyfin.Server.Implementations.Trickplay.TrickplayManager.CreateTiles(IReadOnlyList`1 images, Int32 width, TrickplayOptions options, String outputDir)
   at Jellyfin.Server.Implementations.Trickplay.TrickplayManager.RefreshTrickplayDataInternal(Video video, Boolean replace, Int32 width, TrickplayOptions options, LibraryOptions libraryOptions, CancellationToken cancellationToken)
[2026-09-02 03:00:01.279 +00:00] [INF] [44] Jellyfin.Server.Implementations.Trickplay.TrickplayManager: Creating trickplay files at 320 width, for "/media/movies/the Natural.mkv" [ID: a4eb0b86-8539-f600-4562-f05c51a8d53a]
[2026-09-02 03:00:01.279 +00:00] [INF] [44] MediaBrowser.MediaEncoding.Encoder.MediaEncoder: Trickplay generation: "/usr/lib/jellyfin-ffmpeg/ffmpeg -loglevel error -skip_frame nokey -init_hw_device rkmpp=rk -hwaccel rkmpp -hwaccel_output_format drm_prime -noautorotate -afbc rga -i file:\"/media/movies/the Natural.mkv\" -noautoscale -an -sn -vf \"fps=0.10000000149011612,setparams=color_primaries=bt709:color_trc=bt709:colorspace=bt709,vpp_rkrga=format=bgra:afbc=1,vpp_rkrga=w=320:h=172:format=nv12\" -threads 1 -c:v mjpeg_rkmpp -qp_init:v 90 -fps_mode passthrough -f image2 \"/tmp/jellyfin/1d253fb452154ecea3ad91c20955c2f1/%08d.jpg\""
[2026-09-02 03:00:01.310 +00:00] [ERR] [35] Jellyfin.Server.Implementations.Trickplay.TrickplayManager: Error creating trickplay images.
System.ArgumentException: Can't create trickplay from 0 images.
   at Jellyfin.Server.Implementations.Trickplay.TrickplayManager.CreateTiles(IReadOnlyList`1 images, Int32 width, TrickplayOptions options, String outputDir)
   at Jellyfin.Server.Implementations.Trickplay.TrickplayManager.RefreshTrickplayDataInternal(Video video, Boolean replace, Int32 width, TrickplayOptions options, LibraryOptions libraryOptions, CancellationToken cancellationToken)
[2026-09-02 03:00:01.314 +00:00] [INF] [35] Jellyfin.Server.Implementations.Trickplay.TrickplayManager: Creating trickplay files at 320 width, for "/media/movies/the Recruit.mkv" [ID: cabf33be-1166-4946-c539-37af5b8932e5]
[2026-09-02 03:00:01.315 +00:00] [INF] [35] MediaBrowser.MediaEncoding.Encoder.MediaEncoder: Trickplay generation: "/usr/lib/jellyfin-ffmpeg/ffmpeg -loglevel error -skip_frame nokey -init_hw_device rkmpp=rk -hwaccel rkmpp -hwaccel_output_format drm_prime -noautorotate -afbc rga -i file:\"/media/movies/the Recruit.mkv\" -noautoscale -an -sn -vf \"fps=0.10000000149011612,setparams=color_primaries=bt709:color_trc=bt709:colorspace=bt709,vpp_rkrga=format=bgra:afbc=1,vpp_rkrga=w=320:h=180:format=nv12\" -threads 1 -c:v mjpeg_rkmpp -qp_init:v 90 -fps_mode passthrough -f image2 \"/tmp/jellyfin/cd84a505ea024529bbc09712a45de547/%08d.jpg\""
[2026-09-02 03:00:01.359 +00:00] [ERR] [19] Jellyfin.Server.Implementations.Trickplay.TrickplayManager: Error creating trickplay images.
System.ArgumentException: Can't create trickplay from 0 images.
   at Jellyfin.Server.Implementations.Trickplay.TrickplayManager.CreateTiles(IReadOnlyList`1 images, Int32 width, TrickplayOptions options, String outputDir)
   at Jellyfin.Server.Implementations.Trickplay.TrickplayManager.RefreshTrickplayDataInternal(Video video, Boolean replace, Int32 width, TrickplayOptions options, LibraryOptions libraryOptions, CancellationToken cancellationToken)
[2026-09-02 03:00:01.361 +00:00] [INF] [19] Jellyfin.Server.Implementations.Trickplay.TrickplayManager: Creating trickplay files at 320 width, for "/media/movies/flags of our fathers.mkv" [ID: d1e25e25-3e52-190a-bddd-ce6ac319ba6f]
[2026-09-02 03:00:01.362 +00:00] [INF] [19] MediaBrowser.MediaEncoding.Encoder.MediaEncoder: Trickplay generation: "/usr/lib/jellyfin-ffmpeg/ffmpeg -loglevel error -skip_frame nokey -init_hw_device rkmpp=rk -hwaccel rkmpp -hwaccel_output_format drm_prime -noautorotate -afbc rga -i file:\"/media/movies/flags of our fathers.mkv\" -noautoscale -an -sn -vf \"fps=0.10000000149011612,setparams=color_primaries=bt709:color_trc=bt709:colorspace=bt709,vpp_rkrga=format=bgra:afbc=1,vpp_rkrga=w=320:h=136:format=nv12\" -threads 1 -c:v mjpeg_rkmpp -qp_init:v 90 -fps_mode passthrough -f image2 \"/tmp/jellyfin/e5593c72e96546ac90091c503e3b2927/%08d.jpg\""
[2026-09-02 03:00:01.406 +00:00] [ERR] [35] Jellyfin.Server.Implementations.Trickplay.TrickplayManager: Error creating trickplay images.
System.ArgumentException: Can't create trickplay from 0 images.
   at Jellyfin.Server.Implementations.Trickplay.TrickplayManager.CreateTiles(IReadOnlyList`1 images, Int32 width, TrickplayOptions options, String outputDir)
   at Jellyfin.Server.Implementations.Trickplay.TrickplayManager.RefreshTrickplayDataInternal(Video video, Boolean replace, Int32 width, TrickplayOptions options, LibraryOptions libraryOptions, CancellationToken cancellationToken)
[2026-09-02 03:00:01.408 +00:00] [INF] [35] Jellyfin.Server.Implementations.Trickplay.TrickplayManager: Creating trickplay files at 320 width, for "/media/movies/Gladiator.mkv" [ID: 461cf38c-d0a9-ecce-fbd6-2b3c9ffabe16]
[2026-09-02 03:00:01.408 +00:00] [INF] [35] MediaBrowser.MediaEncoding.Encoder.MediaEncoder: Trickplay generation: "/usr/lib/jellyfin-ffmpeg/ffmpeg -loglevel error -skip_frame nokey -init_hw_device rkmpp=rk -hwaccel rkmpp -hwaccel_output_format drm_prime -noautorotate -afbc rga -i file:\"/media/movies/Gladiator.mkv\" -noautoscale -an -sn -vf \"fps=0.10000000149011612,setparams=color_primaries=bt709:color_trc=bt709:colorspace=bt709,vpp_rkrga=format=bgra:afbc=1,vpp_rkrga=w=320:h=136:format=nv12\" -threads 1 -c:v mjpeg_rkmpp -qp_init:v 90 -fps_mode passthrough -f image2 \"/tmp/jellyfin/775d5132e7ef47cbbcc8240ccef9b697/%08d.jpg\""
[2026-09-02 03:00:01.437 +00:00] [ERR] [19] Jellyfin.Server.Implementations.Trickplay.TrickplayManager: Error creating trickplay images.
System.ArgumentException: Can't create trickplay from 0 images.
   at Jellyfin.Server.Implementations.Trickplay.TrickplayManager.CreateTiles(IReadOnlyList`1 images, Int32 width, TrickplayOptions options, String outputDir)
   at Jellyfin.Server.Implementations.Trickplay.TrickplayManager.RefreshTrickplayDataInternal(Video video, Boolean replace, Int32 width, TrickplayOptions options, LibraryOptions libraryOptions, CancellationToken cancellationToken)
[2026-09-02 03:00:01.461 +00:00] [INF] [19] Jellyfin.Server.Implementations.Trickplay.TrickplayManager: Creating trickplay files at 320 width, for "/media/movies/View To A Kill.mkv" [ID: a2ef1ba1-78fa-368e-1191-666c44a9db69]
[2026-09-02 03:00:01.462 +00:00] [INF] [19] MediaBrowser.MediaEncoding.Encoder.MediaEncoder: Trickplay generation: "/usr/lib/jellyfin-ffmpeg/ffmpeg -loglevel error -skip_frame nokey -init_hw_device rkmpp=rk -hwaccel rkmpp -hwaccel_output_format drm_prime -noautorotate -afbc rga -i file:\"/media/movies/View To A Kill.mkv\" -noautoscale -an -sn -vf \"fps=0.10000000149011612,setparams=color_primaries=bt709:color_trc=bt709:colorspace=bt709,vpp_rkrga=format=bgra:afbc=1,vpp_rkrga=w=320:h=138:format=nv12\" -threads 1 -c:v mjpeg_rkmpp -qp_init:v 90 -fps_mode passthrough -f image2 \"/tmp/jellyfin/96116daedcdf4a3c976e1761a676ad21/%08d.jpg\""
[2026-09-02 03:00:01.507 +00:00] [ERR] [44] Jellyfin.Server.Implementations.Trickplay.TrickplayManager: Error creating trickplay images.
System.ArgumentException: Can't create trickplay from 0 images.
   at Jellyfin.Server.Implementations.Trickplay.TrickplayManager.CreateTiles(IReadOnlyList`1 images, Int32 width, TrickplayOptions options, String outputDir)
   at Jellyfin.Server.Implementations.Trickplay.TrickplayManager.RefreshTrickplayDataInternal(Video video, Boolean replace, Int32 width, TrickplayOptions options, LibraryOptions libraryOptions, CancellationToken cancellationToken)
[2026-09-02 03:00:01.511 +00:00] [INF] [44] Jellyfin.Server.Implementations.Trickplay.TrickplayManager: Creating trickplay files at 320 width, for "/media/movies/Snatch.mkv" [ID: 1c3ba8d1-3814-950d-88ed-91367cf17ccb]
[2026-09-02 03:00:01.512 +00:00] [INF] [44] MediaBrowser.MediaEncoding.Encoder.MediaEncoder: Trickplay generation: "/usr/lib/jellyfin-ffmpeg/ffmpeg -loglevel error -skip_frame nokey -init_hw_device rkmpp=rk -hwaccel rkmpp -hwaccel_output_format drm_prime -noautorotate -afbc rga -i file:\"/media/movies/Snatch.mkv\" -noautoscale -an -sn -vf \"fps=0.10000000149011612,setparams=color_primaries=bt709:color_trc=bt709:colorspace=bt709,vpp_rkrga=format=bgra:afbc=1,vpp_rkrga=w=320:h=176:format=nv12\" -threads 1 -c:v mjpeg_rkmpp -qp_init:v 90 -fps_mode passthrough -f image2 \"/tmp/jellyfin/df3ea262a08f435ca53f68ff77890837/%08d.jpg\""
[2026-09-02 03:00:01.557 +00:00] [ERR] [19] Jellyfin.Server.Implementations.Trickplay.TrickplayManager: Error creating trickplay images.
System.ArgumentException: Can't create trickplay from 0 images.
   at Jellyfin.Server.Implementations.Trickplay.TrickplayManager.CreateTiles(IReadOnlyList`1 images, Int32 width, TrickplayOptions options, String outputDir)
   at Jellyfin.Server.Implementations.Trickplay.TrickplayManager.RefreshTrickplayDataInternal(Video video, Boolean replace, Int32 width, TrickplayOptions options, LibraryOptions libraryOptions, CancellationToken cancellationToken)
[2026-09-02 03:00:01.562 +00:00] [INF] [19] Jellyfin.Server.Implementations.Trickplay.TrickplayManager: Creating trickplay files at 320 width, for "/media/movies/enemy of the state.mkv" [ID: 35abee4e-43fe-1871-6c06-9311d01a6e3d]
[2026-09-02 03:00:01.562 +00:00] [INF] [19] MediaBrowser.MediaEncoding.Encoder.MediaEncoder: Trickplay generation: "/usr/lib/jellyfin-ffmpeg/ffmpeg -loglevel error -skip_frame nokey -init_hw_device rkmpp=rk -hwaccel rkmpp -hwaccel_output_format drm_prime -noautorotate -afbc rga -i file:\"/media/movies/enemy of the state.mkv\" -noautoscale -an -sn -vf \"fps=0.10000000149011612,setparams=color_primaries=bt709:color_trc=bt709:colorspace=bt709,vpp_rkrga=format=bgra:afbc=1,vpp_rkrga=w=320:h=136:format=nv12\" -threads 1 -c:v mjpeg_rkmpp -qp_init:v 90 -fps_mode passthrough -f image2 \"/tmp/jellyfin/429fdfdda0914ad0b5185a0cf6b6d30c/%08d.jpg\""
[2026-09-02 03:00:01.605 +00:00] [ERR] [19] Jellyfin.Server.Implementations.Trickplay.TrickplayManager: Error creating trickplay images.
System.ArgumentException: Can't create trickplay from 0 images.
   at Jellyfin.Server.Implementations.Trickplay.TrickplayManager.CreateTiles(IReadOnlyList`1 images, Int32 width, TrickplayOptions options, String outputDir)
   at Jellyfin.Server.Implementations.Trickplay.TrickplayManager.RefreshTrickplayDataInternal(Video video, Boolean replace, Int32 width, TrickplayOptions options, LibraryOptions libraryOptions, CancellationToken cancellationToken)
[2026-09-02 03:00:01.608 +00:00] [INF] [19] Jellyfin.Server.Implementations.Trickplay.TrickplayManager: Creating trickplay files at 320 width, for "/media/movies/the usual suspects.mkv" [ID: fb4cee06-824a-635d-e078-c971b7681939]
[2026-09-02 03:00:01.608 +00:00] [INF] [19] MediaBrowser.MediaEncoding.Encoder.MediaEncoder: Trickplay generation: "/usr/lib/jellyfin-ffmpeg/ffmpeg -loglevel error -skip_frame nokey -init_hw_device rkmpp=rk -hwaccel rkmpp -hwaccel_output_format drm_prime -noautorotate -afbc rga -i file:\"/media/movies/the usual suspects.mkv\" -noautoscale -an -sn -vf \"fps=0.10000000149011612,setparams=color_primaries=bt709:color_trc=bt709:colorspace=bt709,vpp_rkrga=format=bgra:afbc=1,vpp_rkrga=w=320:h=240:format=nv12\" -threads 1 -c:v mjpeg_rkmpp -qp_init:v 90 -fps_mode passthrough -f image2 \"/tmp/jellyfin/5247d5c376c1491c8d7ddbacf19ed7ad/%08d.jpg\""
[2026-09-02 03:00:01.654 +00:00] [ERR] [44] Jellyfin.Server.Implementations.Trickplay.TrickplayManager: Error creating trickplay images.
System.ArgumentException: Can't create trickplay from 0 images.
   at Jellyfin.Server.Implementations.Trickplay.TrickplayManager.CreateTiles(IReadOnlyList`1 images, Int32 width, TrickplayOptions options, String outputDir)
   at Jellyfin.Server.Implementations.Trickplay.TrickplayManager.RefreshTrickplayDataInternal(Video video, Boolean replace, Int32 width, TrickplayOptions options, LibraryOptions libraryOptions, CancellationToken cancellationToken)
[2026-09-02 03:00:01.659 +00:00] [INF] [44] Jellyfin.Server.Implementations.Trickplay.TrickplayManager: Creating trickplay files at 320 width, for "/media/movies/Star Trek VI.mkv" [ID: e6683c80-3c39-f9e0-7932-1e649395644b]
[2026-09-02 03:00:01.660 +00:00] [INF] [44] MediaBrowser.MediaEncoding.Encoder.MediaEncoder: Trickplay generation: "/usr/lib/jellyfin-ffmpeg/ffmpeg -loglevel error -skip_frame nokey -init_hw_device rkmpp=rk -hwaccel rkmpp -hwaccel_output_format drm_prime -noautorotate -afbc rga -i file:\"/media/movies/Star Trek VI.mkv\" -noautoscale -an -sn -vf \"fps=0.10000000149011612,setparams=color_primaries=bt709:color_trc=bt709:colorspace=bt709,vpp_rkrga=format=bgra:afbc=1,vpp_rkrga=w=320:h=136:format=nv12\" -threads 1 -c:v mjpeg_rkmpp -qp_init:v 90 -fps_mode passthrough -f image2 \"/tmp/jellyfin/953bb0f9881d42c2b470586909648bca/%08d.jpg\""
[2026-09-02 03:00:01.708 +00:00] [ERR] [35] Jellyfin.Server.Implementations.Trickplay.TrickplayManager: Error creating trickplay images.
System.ArgumentException: Can't create trickplay from 0 images.
   at Jellyfin.Server.Implementations.Trickplay.TrickplayManager.CreateTiles(IReadOnlyList`1 images, Int32 width, TrickplayOptions options, String outputDir)
   at Jellyfin.Server.Implementations.Trickplay.TrickplayManager.RefreshTrickplayDataInternal(Video video, Boolean replace, Int32 width, TrickplayOptions options, LibraryOptions libraryOptions, CancellationToken cancellationToken)
[2026-09-02 03:00:01.719 +00:00] [INF] [35] Jellyfin.Server.Implementations.Trickplay.TrickplayManager: Creating trickplay files at 320 width, for "/media/movies/The Matrix.mkv" [ID: 7f1a50ec-fbcc-d211-e04d-96425632e60b]
[2026-09-02 03:00:01.720 +00:00] [INF] [35] MediaBrowser.MediaEncoding.Encoder.MediaEncoder: Trickplay generation: "/usr/lib/jellyfin-ffmpeg/ffmpeg -loglevel error -skip_frame nokey -init_hw_device rkmpp=rk -hwaccel rkmpp -hwaccel_output_format drm_prime -noautorotate -afbc rga -i file:\"/media/movies/The Matrix.mkv\" -noautoscale -an -sn -vf \"fps=0.10000000149011612,setparams=color_primaries=bt709:color_trc=bt709:colorspace=bt709,vpp_rkrga=format=bgra:afbc=1,vpp_rkrga=w=320:h=134:format=nv12\" -threads 1 -c:v mjpeg_rkmpp -qp_init:v 90 -fps_mode passthrough -f image2 \"/tmp/jellyfin/20c69226a288489198c0b9a1a8598330/%08d.jpg\""
[2026-09-02 03:00:01.763 +00:00] [ERR] [19] Jellyfin.Server.Implementations.Trickplay.TrickplayManager: Error creating trickplay images.
System.ArgumentException: Can't create trickplay from 0 images.
   at Jellyfin.Server.Implementations.Trickplay.TrickplayManager.CreateTiles(IReadOnlyList`1 images, Int32 width, TrickplayOptions options, String outputDir)
   at Jellyfin.Server.Implementations.Trickplay.TrickplayManager.RefreshTrickplayDataInternal(Video video, Boolean replace, Int32 width, TrickplayOptions options, LibraryOptions libraryOptions, CancellationToken cancellationToken)
[2026-09-02 03:00:01.765 +00:00] [INF] [19] Jellyfin.Server.Implementations.Trickplay.TrickplayManager: Creating trickplay files at 320 width, for "/media/movies/coming to america.mkv" [ID: f546c57f-45e4-cbd9-1bdd-df4e37690dca]
[2026-09-02 03:00:01.765 +00:00] [INF] [19] MediaBrowser.MediaEncoding.Encoder.MediaEncoder: Trickplay generation: "/usr/lib/jellyfin-ffmpeg/ffmpeg -loglevel error -skip_frame nokey -init_hw_device rkmpp=rk -hwaccel rkmpp -hwaccel_output_format drm_prime -noautorotate -afbc rga -i file:\"/media/movies/coming to america.mkv\" -noautoscale -an -sn -vf \"fps=0.10000000149011612,setparams=color_primaries=bt709:color_trc=bt709:colorspace=bt709,vpp_rkrga=format=bgra:afbc=1,vpp_rkrga=w=320:h=180:format=nv12\" -threads 1 -c:v mjpeg_rkmpp -qp_init:v 90 -fps_mode passthrough -f image2 \"/tmp/jellyfin/0d7e8533d02e49edbd0b1aa1082b9d71/%08d.jpg\""
[2026-09-02 03:00:01.811 +00:00] [ERR] [19] Jellyfin.Server.Implementations.Trickplay.TrickplayManager: Error creating trickplay images.
System.ArgumentException: Can't create trickplay from 0 images.
   at Jellyfin.Server.Implementations.Trickplay.TrickplayManager.CreateTiles(IReadOnlyList`1 images, Int32 width, TrickplayOptions options, String outputDir)
   at Jellyfin.Server.Implementations.Trickplay.TrickplayManager.RefreshTrickplayDataInternal(Video video, Boolean replace, Int32 width, TrickplayOptions options, LibraryOptions libraryOptions, CancellationToken cancellationToken)
[2026-09-02 03:00:01.818 +00:00] [INF] [19] Jellyfin.Server.Implementations.Trickplay.TrickplayManager: Creating trickplay files at 320 width, for "/media/movies/noah.mkv" [ID: 20d11a62-8b41-d993-f1b8-46ed76d7f8a3]
[2026-09-02 03:00:01.819 +00:00] [INF] [19] MediaBrowser.MediaEncoding.Encoder.MediaEncoder: Trickplay generation: "/usr/lib/jellyfin-ffmpeg/ffmpeg -loglevel error -skip_frame nokey -init_hw_device rkmpp=rk -hwaccel rkmpp -hwaccel_output_format drm_prime -noautorotate -afbc rga -i file:\"/media/movies/noah.mkv\" -noautoscale -an -sn -vf \"fps=0.10000000149011612,setparams=color_primaries=bt709:color_trc=bt709:colorspace=bt709,vpp_rkrga=format=bgra:afbc=1,vpp_rkrga=w=320:h=176:format=nv12\" -threads 1 -c:v mjpeg_rkmpp -qp_init:v 90 -fps_mode passthrough -f image2 \"/tmp/jellyfin/369ada733518465da2a940dac0a2b587/%08d.jpg\""
[2026-09-02 03:00:01.851 +00:00] [ERR] [35] Jellyfin.Server.Implementations.Trickplay.TrickplayManager: Error creating trickplay images.
System.ArgumentException: Can't create trickplay from 0 images.
   at Jellyfin.Server.Implementations.Trickplay.TrickplayManager.CreateTiles(IReadOnlyList`1 images, Int32 width, TrickplayOptions options, String outputDir)
   at Jellyfin.Server.Implementations.Trickplay.TrickplayManager.RefreshTrickplayDataInternal(Video video, Boolean replace, Int32 width, TrickplayOptions options, LibraryOptions libraryOptions, CancellationToken cancellationToken)
[2026-09-02 03:00:01.856 +00:00] [INF] [35] Jellyfin.Server.Implementations.Trickplay.TrickplayManager: Creating trickplay files at 320 width, for "/media/movies/Terminator 3.mkv" [ID: f8781932-8f5e-9924-63fb-e6ec42387752]
[2026-09-02 03:00:01.857 +00:00] [INF] [35] MediaBrowser.MediaEncoding.Encoder.MediaEncoder: Trickplay generation: "/usr/lib/jellyfin-ffmpeg/ffmpeg -loglevel error -skip_frame nokey -init_hw_device rkmpp=rk -hwaccel rkmpp -hwaccel_output_format drm_prime -noautorotate -afbc rga -i file:\"/media/movies/Terminator 3.mkv\" -noautoscale -an -sn -vf \"fps=0.10000000149011612,setparams=color_primaries=bt709:color_trc=bt709:colorspace=bt709,vpp_rkrga=format=bgra:afbc=1,vpp_rkrga=w=320:h=132:format=nv12\" -threads 1 -c:v mjpeg_rkmpp -qp_init:v 90 -fps_mode passthrough -f image2 \"/tmp/jellyfin/69863877e9374d68bdd62921c3d16ce0/%08d.jpg\""
[2026-09-02 03:00:01.900 +00:00] [ERR] [19] Jellyfin.Server.Implementations.Trickplay.TrickplayManager: Error creating trickplay images.
System.ArgumentException: Can't create trickplay from 0 images.
   at Jellyfin.Server.Implementations.Trickplay.TrickplayManager.CreateTiles(IReadOnlyList`1 images, Int32 width, TrickplayOptions options, String outputDir)
   at Jellyfin.Server.Implementations.Trickplay.TrickplayManager.RefreshTrickplayDataInternal(Video video, Boolean replace, Int32 width, TrickplayOptions options, LibraryOptions libraryOptions, CancellationToken cancellationToken)
[2026-09-02 03:00:01.903 +00:00] [INF] [19] Jellyfin.Server.Implementations.Trickplay.TrickplayManager: Creating trickplay files at 320 width, for "/media/movies/Rocky II.mkv" [ID: f9e5d17d-553c-5364-6f5d-88bf7374cf8a]
[2026-09-02 03:00:01.903 +00:00] [INF] [19] MediaBrowser.MediaEncoding.Encoder.MediaEncoder: Trickplay generation: "/usr/lib/jellyfin-ffmpeg/ffmpeg -loglevel error -skip_frame nokey -init_hw_device rkmpp=rk -hwaccel rkmpp -hwaccel_output_format drm_prime -noautorotate -afbc rga -i file:\"/media/movies/Rocky II.mkv\" -noautoscale -an -sn -vf \"fps=0.10000000149011612,setparams=color_primaries=bt709:color_trc=bt709:colorspace=bt709,vpp_rkrga=format=bgra:afbc=1,vpp_rkrga=w=320:h=176:format=nv12\" -threads 1 -c:v mjpeg_rkmpp -qp_init:v 90 -fps_mode passthrough -f image2 \"/tmp/jellyfin/049daad36c87421d87a6da65ef4c87ee/%08d.jpg\""
[2026-09-02 03:00:01.952 +00:00] [ERR] [44] Jellyfin.Server.Implementations.Trickplay.TrickplayManager: Error creating trickplay images.
System.ArgumentException: Can't create trickplay from 0 images.
   at Jellyfin.Server.Implementations.Trickplay.TrickplayManager.CreateTiles(IReadOnlyList`1 images, Int32 width, TrickplayOptions options, String outputDir)
   at Jellyfin.Server.Implementations.Trickplay.TrickplayManager.RefreshTrickplayDataInternal(Video video, Boolean replace, Int32 width, TrickplayOptions options, LibraryOptions libraryOptions, CancellationToken cancellationToken)
[2026-09-02 03:00:01.954 +00:00] [INF] [44] Jellyfin.Server.Implementations.Trickplay.TrickplayManager: Creating trickplay files at 320 width, for "/media/movies/Top Gun (1986).mkv" [ID: 83532620-fcbe-78df-4552-696d5e3992c6]
[2026-09-02 03:00:01.954 +00:00] [INF] [44] MediaBrowser.MediaEncoding.Encoder.MediaEncoder: Trickplay generation: "/usr/lib/jellyfin-ffmpeg/ffmpeg -loglevel error -skip_frame nokey -init_hw_device rkmpp=rk -hwaccel rkmpp -hwaccel_output_format drm_prime -noautorotate -afbc rga -i file:\"/media/movies/Top Gun (1986).mkv\" -noautoscale -an -sn -vf \"fps=0.10000000149011612,setparams=color_primaries=bt709:color_trc=bt709:colorspace=bt709,vpp_rkrga=format=bgra:afbc=1,vpp_rkrga=w=320:h=132:format=nv12\" -threads 1 -c:v mjpeg_rkmpp -qp_init:v 90 -fps_mode passthrough -f image2 \"/tmp/jellyfin/78eeb5981aee4e7eb104d2846ee72e4d/%08d.jpg\""
[2026-09-02 03:00:01.987 +00:00] [ERR] [19] Jellyfin.Server.Implementations.Trickplay.TrickplayManager: Error creating trickplay images.
System.ArgumentException: Can't create trickplay from 0 images.
   at Jellyfin.Server.Implementations.Trickplay.TrickplayManager.CreateTiles(IReadOnlyList`1 images, Int32 width, TrickplayOptions options, String outputDir)
   at Jellyfin.Server.Implementations.Trickplay.TrickplayManager.RefreshTrickplayDataInternal(Video video, Boolean replace, Int32 width, TrickplayOptions options, LibraryOptions libraryOptions, CancellationToken cancellationToken)
[2026-09-02 03:00:01.992 +00:00] [INF] [19] Jellyfin.Server.Implementations.Trickplay.TrickplayManager: Creating trickplay files at 320 width, for "/media/movies/Terminator 4 Salvation.mkv" [ID: c333d21d-4909-c90e-b12a-44cac34ea18f]
[2026-09-02 03:00:01.993 +00:00] [INF] [19] MediaBrowser.MediaEncoding.Encoder.MediaEncoder: Trickplay generation: "/usr/lib/jellyfin-ffmpeg/ffmpeg -loglevel error -skip_frame nokey -init_hw_device rkmpp=rk -hwaccel rkmpp -hwaccel_output_format drm_prime -noautorotate -afbc rga -i file:\"/media/movies/Terminator 4 Salvation.mkv\" -noautoscale -an -sn -vf \"fps=0.10000000149011612,setparams=color_primaries=bt709:color_trc=bt709:colorspace=bt709,vpp_rkrga=format=bgra:afbc=1,vpp_rkrga=w=320:h=136:format=nv12\" -threads 1 -c:v mjpeg_rkmpp -qp_init:v 90 -fps_mode passthrough -f image2 \"/tmp/jellyfin/eb7e4723b68541f28d8ece3953f251ac/%08d.jpg\""
[2026-09-02 03:00:02.042 +00:00] [ERR] [35] Jellyfin.Server.Implementations.Trickplay.TrickplayManager: Error creating trickplay images.
System.ArgumentException: Can't create trickplay from 0 images.
   at Jellyfin.Server.Implementations.Trickplay.TrickplayManager.CreateTiles(IReadOnlyList`1 images, Int32 width, TrickplayOptions options, String outputDir)
   at Jellyfin.Server.Implementations.Trickplay.TrickplayManager.RefreshTrickplayDataInternal(Video video, Boolean replace, Int32 width, TrickplayOptions options, LibraryOptions libraryOptions, CancellationToken cancellationToken)
[2026-09-02 03:00:02.045 +00:00] [INF] [35] Jellyfin.Server.Implementations.Trickplay.TrickplayManager: Creating trickplay files at 320 width, for "/media/movies/Big Bus.mkv" [ID: c1375bcb-a52c-1804-4b66-964a283b59b5]
[2026-09-02 03:00:02.046 +00:00] [INF] [35] MediaBrowser.MediaEncoding.Encoder.MediaEncoder: Trickplay generation: "/usr/lib/jellyfin-ffmpeg/ffmpeg -loglevel error -skip_frame nokey -init_hw_device rkmpp=rk -hwaccel rkmpp -hwaccel_output_format drm_prime -noautorotate -afbc rga -i file:\"/media/movies/Big Bus.mkv\" -noautoscale -an -sn -vf \"fps=0.10000000149011612,setparams=color_primaries=bt709:color_trc=bt709:colorspace=bt709,vpp_rkrga=format=bgra:afbc=1,vpp_rkrga=w=320:h=138:format=nv12\" -threads 1 -c:v mjpeg_rkmpp -qp_init:v 90 -fps_mode passthrough -f image2 \"/tmp/jellyfin/15d2844066c34f02ad55056a7a4bf8b0/%08d.jpg\""
[2026-09-02 03:00:02.077 +00:00] [ERR] [35] Jellyfin.Server.Implementations.Trickplay.TrickplayManager: Error creating trickplay images.
System.ArgumentException: Can't create trickplay from 0 images.
   at Jellyfin.Server.Implementations.Trickplay.TrickplayManager.CreateTiles(IReadOnlyList`1 images, Int32 width, TrickplayOptions options, String outputDir)
   at Jellyfin.Server.Implementations.Trickplay.TrickplayManager.RefreshTrickplayDataInternal(Video video, Boolean replace, Int32 width, TrickplayOptions options, LibraryOptions libraryOptions, CancellationToken cancellationToken)
[2026-09-02 03:00:02.082 +00:00] [INF] [35] Jellyfin.Server.Implementations.Trickplay.TrickplayManager: Creating trickplay files at 320 width, for "/media/movies/Omega man.mkv" [ID: 499ec86b-12e0-a2a1-af33-e8d90cead4d2]
[2026-09-02 03:00:02.083 +00:00] [INF] [35] MediaBrowser.MediaEncoding.Encoder.MediaEncoder: Trickplay generation: "/usr/lib/jellyfin-ffmpeg/ffmpeg -loglevel error -skip_frame nokey -init_hw_device rkmpp=rk -hwaccel rkmpp -hwaccel_output_format drm_prime -noautorotate -afbc rga -i file:\"/media/movies/Omega man.mkv\" -noautoscale -an -sn -vf \"fps=0.10000000149011612,setparams=color_primaries=bt709:color_trc=bt709:colorspace=bt709,vpp_rkrga=format=bgra:afbc=1,vpp_rkrga=w=320:h=136:format=nv12\" -threads 1 -c:v mjpeg_rkmpp -qp_init:v 90 -fps_mode passthrough -f image2 \"/tmp/jellyfin/6f48c87225e348108e8782c6b6f1a7eb/%08d.jpg\""
[2026-09-02 03:00:02.128 +00:00] [ERR] [19] Jellyfin.Server.Implementations.Trickplay.TrickplayManager: Error creating trickplay images.
System.ArgumentException: Can't create trickplay from 0 images.
   at Jellyfin.Server.Implementations.Trickplay.TrickplayManager.CreateTiles(IReadOnlyList`1 images, Int32 width, TrickplayOptions options, String outputDir)
   at Jellyfin.Server.Implementations.Trickplay.TrickplayManager.RefreshTrickplayDataInternal(Video video, Boolean replace, Int32 width, TrickplayOptions options, LibraryOptions libraryOptions, CancellationToken cancellationToken)
[2026-09-02 03:00:02.136 +00:00] [INF] [19] Jellyfin.Server.Implementations.Trickplay.TrickplayManager: Creating trickplay files at 320 width, for "/media/movies/Shawshank Redemption.mkv" [ID: 2b2d36ff-49a2-9c70-99fb-71a647ffdb29]
[2026-09-02 03:00:02.137 +00:00] [INF] [19] MediaBrowser.MediaEncoding.Encoder.MediaEncoder: Trickplay generation: "/usr/lib/jellyfin-ffmpeg/ffmpeg -loglevel error -skip_frame nokey -init_hw_device rkmpp=rk -hwaccel rkmpp -hwaccel_output_format drm_prime -noautorotate -afbc rga -i file:\"/media/movies/Shawshank Redemption.mkv\" -noautoscale -an -sn -vf \"fps=0.10000000149011612,setparams=color_primaries=bt709:color_trc=bt709:colorspace=bt709,vpp_rkrga=format=bgra:afbc=1,vpp_rkrga=w=320:h=180:format=nv12\" -threads 1 -c:v mjpeg_rkmpp -qp_init:v 90 -fps_mode passthrough -f image2 \"/tmp/jellyfin/9633348341884d228bf5c95c13215621/%08d.jpg\""
[2026-09-02 03:00:02.168 +00:00] [ERR] [19] Jellyfin.Server.Implementations.Trickplay.TrickplayManager: Error creating trickplay images.
System.ArgumentException: Can't create trickplay from 0 images.
   at Jellyfin.Server.Implementations.Trickplay.TrickplayManager.CreateTiles(IReadOnlyList`1 images, Int32 width, TrickplayOptions options, String outputDir)
   at Jellyfin.Server.Implementations.Trickplay.TrickplayManager.RefreshTrickplayDataInternal(Video video, Boolean replace, Int32 width, TrickplayOptions options, LibraryOptions libraryOptions, CancellationToken cancellationToken)
[2026-09-02 03:00:02.171 +00:00] [INF] [19] Jellyfin.Server.Implementations.Trickplay.TrickplayManager: Creating trickplay files at 320 width, for "/media/movies/Invictus.mkv" [ID: 5aa367c0-4ff1-9371-78d5-a961b9dbd62a]
[2026-09-02 03:00:02.172 +00:00] [INF] [19] MediaBrowser.MediaEncoding.Encoder.MediaEncoder: Trickplay generation: "/usr/lib/jellyfin-ffmpeg/ffmpeg -loglevel error -skip_frame nokey -init_hw_device rkmpp=rk -hwaccel rkmpp -hwaccel_output_format drm_prime -noautorotate -afbc rga -i file:\"/media/movies/Invictus.mkv\" -noautoscale -an -sn -vf \"fps=0.10000000149011612,setparams=color_primaries=bt709:color_trc=bt709:colorspace=bt709,vpp_rkrga=format=bgra:afbc=1,vpp_rkrga=w=320:h=132:format=nv12\" -threads 1 -c:v mjpeg_rkmpp -qp_init:v 90 -fps_mode passthrough -f image2 \"/tmp/jellyfin/974846b613fd46c3916eb609b8cb5185/%08d.jpg\""
[2026-09-02 03:00:02.207 +00:00] [ERR] [35] Jellyfin.Server.Implementations.Trickplay.TrickplayManager: Error creating trickplay images.
System.ArgumentException: Can't create trickplay from 0 images.
   at Jellyfin.Server.Implementations.Trickplay.TrickplayManager.CreateTiles(IReadOnlyList`1 images, Int32 width, TrickplayOptions options, String outputDir)
   at Jellyfin.Server.Implementations.Trickplay.TrickplayManager.RefreshTrickplayDataInternal(Video video, Boolean replace, Int32 width, TrickplayOptions options, LibraryOptions libraryOptions, CancellationToken cancellationToken)
[2026-09-02 03:00:02.209 +00:00] [INF] [35] Jellyfin.Server.Implementations.Trickplay.TrickplayManager: Creating trickplay files at 320 width, for "/media/movies/Rocky.mkv" [ID: 1e54ab36-4116-a936-6356-87f967a84cd4]
[2026-09-02 03:00:02.209 +00:00] [INF] [35] MediaBrowser.MediaEncoding.Encoder.MediaEncoder: Trickplay generation: "/usr/lib/jellyfin-ffmpeg/ffmpeg -loglevel error -skip_frame nokey -init_hw_device rkmpp=rk -hwaccel rkmpp -hwaccel_output_format drm_prime -noautorotate -afbc rga -i file:\"/media/movies/Rocky.mkv\" -noautoscale -an -sn -vf \"fps=0.10000000149011612,setparams=color_primaries=bt709:color_trc=bt709:colorspace=bt709,vpp_rkrga=format=bgra:afbc=1,vpp_rkrga=w=320:h=174:format=nv12\" -threads 1 -c:v mjpeg_rkmpp -qp_init:v 90 -fps_mode passthrough -f image2 \"/tmp/jellyfin/0b952739e086407a9d431f5a3dc0208f/%08d.jpg\""
[2026-09-02 03:00:02.257 +00:00] [ERR] [19] Jellyfin.Server.Implementations.Trickplay.TrickplayManager: Error creating trickplay images.
System.ArgumentException: Can't create trickplay from 0 images.
   at Jellyfin.Server.Implementations.Trickplay.TrickplayManager.CreateTiles(IReadOnlyList`1 images, Int32 width, TrickplayOptions options, String outputDir)
   at Jellyfin.Server.Implementations.Trickplay.TrickplayManager.RefreshTrickplayDataInternal(Video video, Boolean replace, Int32 width, TrickplayOptions options, LibraryOptions libraryOptions, CancellationToken cancellationToken)
[2026-09-02 03:00:02.262 +00:00] [INF] [19] Jellyfin.Server.Implementations.Trickplay.TrickplayManager: Creating trickplay files at 320 width, for "/media/movies/Terminator 5 Genisys.mkv" [ID: 764bb679-e227-4924-3d37-a6d484160758]
[2026-09-02 03:00:02.263 +00:00] [INF] [19] MediaBrowser.MediaEncoding.Encoder.MediaEncoder: Trickplay generation: "/usr/lib/jellyfin-ffmpeg/ffmpeg -loglevel error -skip_frame nokey -init_hw_device rkmpp=rk -hwaccel rkmpp -hwaccel_output_format drm_prime -noautorotate -afbc rga -i file:\"/media/movies/Terminator 5 Genisys.mkv\" -noautoscale -an -sn -vf \"fps=0.10000000149011612,setparams=color_primaries=bt709:color_trc=bt709:colorspace=bt709,vpp_rkrga=format=bgra:afbc=1,vpp_rkrga=w=320:h=136:format=nv12\" -threads 1 -c:v mjpeg_rkmpp -qp_init:v 90 -fps_mode passthrough -f image2 \"/tmp/jellyfin/dc85e0ca825544cdbd8b374f9046f83a/%08d.jpg\""
[2026-09-02 03:00:02.313 +00:00] [ERR] [19] Jellyfin.Server.Implementations.Trickplay.TrickplayManager: Error creating trickplay images.
System.ArgumentException: Can't create trickplay from 0 images.
   at Jellyfin.Server.Implementations.Trickplay.TrickplayManager.CreateTiles(IReadOnlyList`1 images, Int32 width, TrickplayOptions options, String outputDir)
   at Jellyfin.Server.Implementations.Trickplay.TrickplayManager.RefreshTrickplayDataInternal(Video video, Boolean replace, Int32 width, TrickplayOptions options, LibraryOptions libraryOptions, CancellationToken cancellationToken)
[2026-09-02 03:00:02.316 +00:00] [INF] [19] Jellyfin.Server.Implementations.Trickplay.TrickplayManager: Creating trickplay files at 320 width, for "/media/movies/Rocky III.mkv" [ID: 3148180d-3993-e1c0-143d-e91386b473c7]
[2026-09-02 03:00:02.316 +00:00] [INF] [19] MediaBrowser.MediaEncoding.Encoder.MediaEncoder: Trickplay generation: "/usr/lib/jellyfin-ffmpeg/ffmpeg -loglevel error -skip_frame nokey -init_hw_device rkmpp=rk -hwaccel rkmpp -hwaccel_output_format drm_prime -noautorotate -afbc rga -i file:\"/media/movies/Rocky III.mkv\" -noautoscale -an -sn -vf \"fps=0.10000000149011612,setparams=color_primaries=bt709:color_trc=bt709:colorspace=bt709,vpp_rkrga=format=bgra:afbc=1,vpp_rkrga=w=320:h=180:format=nv12\" -threads 1 -c:v mjpeg_rkmpp -qp_init:v 90 -fps_mode passthrough -f image2 \"/tmp/jellyfin/9de69e264de64312a1a09c498d9aebe1/%08d.jpg\""
[2026-09-02 03:00:02.347 +00:00] [ERR] [35] Jellyfin.Server.Implementations.Trickplay.TrickplayManager: Error creating trickplay images.
System.ArgumentException: Can't create trickplay from 0 images.
   at Jellyfin.Server.Implementations.Trickplay.TrickplayManager.CreateTiles(IReadOnlyList`1 images, Int32 width, TrickplayOptions options, String outputDir)
   at Jellyfin.Server.Implementations.Trickplay.TrickplayManager.RefreshTrickplayDataInternal(Video video, Boolean replace, Int32 width, TrickplayOptions options, LibraryOptions libraryOptions, CancellationToken cancellationToken)
[2026-09-02 03:00:02.352 +00:00] [INF] [35] Jellyfin.Server.Implementations.Trickplay.TrickplayManager: Creating trickplay files at 320 width, for "/media/movies/Gravity.mkv" [ID: 0c1360b2-acdb-8f0f-879f-2dae4b50b009]
[2026-09-02 03:00:02.353 +00:00] [INF] [35] MediaBrowser.MediaEncoding.Encoder.MediaEncoder: Trickplay generation: "/usr/lib/jellyfin-ffmpeg/ffmpeg -loglevel error -skip_frame nokey -init_hw_device rkmpp=rk -hwaccel rkmpp -hwaccel_output_format drm_prime -noautorotate -afbc rga -i file:\"/media/movies/Gravity.mkv\" -noautoscale -an -sn -vf \"fps=0.10000000149011612,setparams=color_primaries=bt709:color_trc=bt709:colorspace=bt709,vpp_rkrga=format=bgra:afbc=1,vpp_rkrga=w=320:h=136:format=nv12\" -threads 1 -c:v mjpeg_rkmpp -qp_init:v 90 -fps_mode passthrough -f image2 \"/tmp/jellyfin/fae524ad4db14acb9daa4369857df747/%08d.jpg\""
[2026-09-02 03:00:02.408 +00:00] [ERR] [19] Jellyfin.Server.Implementations.Trickplay.TrickplayManager: Error creating trickplay images.
System.ArgumentException: Can't create trickplay from 0 images.
   at Jellyfin.Server.Implementations.Trickplay.TrickplayManager.CreateTiles(IReadOnlyList`1 images, Int32 width, TrickplayOptions options, String outputDir)
   at Jellyfin.Server.Implementations.Trickplay.TrickplayManager.RefreshTrickplayDataInternal(Video video, Boolean replace, Int32 width, TrickplayOptions options, LibraryOptions libraryOptions, CancellationToken cancellationToken)
[2026-09-02 03:00:02.410 +00:00] [INF] [19] Jellyfin.Server.Implementations.Trickplay.TrickplayManager: Creating trickplay files at 320 width, for "/media/movies/darkman.mkv" [ID: 99c4157c-922f-00b9-775e-2535823bdacc]
[2026-09-02 03:00:02.410 +00:00] [INF] [19] MediaBrowser.MediaEncoding.Encoder.MediaEncoder: Trickplay generation: "/usr/lib/jellyfin-ffmpeg/ffmpeg -loglevel error -skip_frame nokey -init_hw_device rkmpp=rk -hwaccel rkmpp -hwaccel_output_format drm_prime -noautorotate -afbc rga -i file:\"/media/movies/darkman.mkv\" -noautoscale -an -sn -vf \"fps=0.10000000149011612,setparams=color_primaries=bt709:color_trc=bt709:colorspace=bt709,vpp_rkrga=format=bgra:afbc=1,vpp_rkrga=w=320:h=172:format=nv12\" -threads 1 -c:v mjpeg_rkmpp -qp_init:v 90 -fps_mode passthrough -f image2 \"/tmp/jellyfin/b89b564682ad436b8551808cfce52928/%08d.jpg\""
[2026-09-02 03:00:02.454 +00:00] [ERR] [35] Jellyfin.Server.Implementations.Trickplay.TrickplayManager: Error creating trickplay images.
System.ArgumentException: Can't create trickplay from 0 images.
   at Jellyfin.Server.Implementations.Trickplay.TrickplayManager.CreateTiles(IReadOnlyList`1 images, Int32 width, TrickplayOptions options, String outputDir)
   at Jellyfin.Server.Implementations.Trickplay.TrickplayManager.RefreshTrickplayDataInternal(Video video, Boolean replace, Int32 width, TrickplayOptions options, LibraryOptions libraryOptions, CancellationToken cancellationToken)
[2026-09-02 03:00:02.456 +00:00] [INF] [35] Jellyfin.Server.Implementations.Trickplay.TrickplayManager: Creating trickplay files at 320 width, for "/media/movies/Clear and Present Danger.mkv" [ID: 11cadcaa-96c3-0ce7-ead9-e45e62e3af01]
[2026-09-02 03:00:02.457 +00:00] [INF] [35] MediaBrowser.MediaEncoding.Encoder.MediaEncoder: Trickplay generation: "/usr/lib/jellyfin-ffmpeg/ffmpeg -loglevel error -skip_frame nokey -init_hw_device rkmpp=rk -hwaccel rkmpp -hwaccel_output_format drm_prime -noautorotate -afbc rga -i file:\"/media/movies/Clear and Present Danger.mkv\" -noautoscale -an -sn -vf \"fps=0.10000000149011612,setparams=color_primaries=bt709:color_trc=bt709:colorspace=bt709,vpp_rkrga=format=bgra:afbc=1,vpp_rkrga=w=320:h=144:format=nv12\" -threads 1 -c:v mjpeg_rkmpp -qp_init:v 90 -fps_mode passthrough -f image2 \"/tmp/jellyfin/ab20a05a1ba747ed863c7b06d2765a92/%08d.jpg\""
[2026-09-02 03:00:02.489 +00:00] [ERR] [35] Jellyfin.Server.Implementations.Trickplay.TrickplayManager: Error creating trickplay images.
System.ArgumentException: Can't create trickplay from 0 images.
   at Jellyfin.Server.Implementations.Trickplay.TrickplayManager.CreateTiles(IReadOnlyList`1 images, Int32 width, TrickplayOptions options, String outputDir)
   at Jellyfin.Server.Implementations.Trickplay.TrickplayManager.RefreshTrickplayDataInternal(Video video, Boolean replace, Int32 width, TrickplayOptions options, LibraryOptions libraryOptions, CancellationToken cancellationToken)
[2026-09-02 03:00:02.493 +00:00] [INF] [35] Jellyfin.Server.Implementations.Trickplay.TrickplayManager: Creating trickplay files at 320 width, for "/media/movies/trading places/Extras/Dressing the Part.mkv" [ID: 404d5c61-987a-b56d-4a05-d920bdfaf2ab]
[2026-09-02 03:00:02.493 +00:00] [INF] [35] MediaBrowser.MediaEncoding.Encoder.MediaEncoder: Trickplay generation: "/usr/lib/jellyfin-ffmpeg/ffmpeg -loglevel error -skip_frame nokey -init_hw_device rkmpp=rk -hwaccel rkmpp -hwaccel_output_format drm_prime -noautorotate -afbc rga -i file:\"/media/movies/trading places/Extras/Dressing the Part.mkv\" -noautoscale -an -sn -vf \"fps=0.10000000149011612,setparams=color_primaries=bt709:color_trc=bt709:colorspace=bt709,vpp_rkrga=format=bgra:afbc=1,vpp_rkrga=w=320:h=240:format=nv12\" -threads 1 -c:v mjpeg_rkmpp -qp_init:v 90 -fps_mode passthrough -f image2 \"/tmp/jellyfin/33ef681860c5482b851c9b74ee997398/%08d.jpg\""
[2026-09-02 03:00:02.541 +00:00] [ERR] [35] Jellyfin.Server.Implementations.Trickplay.TrickplayManager: Error creating trickplay images.
System.ArgumentException: Can't create trickplay from 0 images.
   at Jellyfin.Server.Implementations.Trickplay.TrickplayManager.CreateTiles(IReadOnlyList`1 images, Int32 width, TrickplayOptions options, String outputDir)
   at Jellyfin.Server.Implementations.Trickplay.TrickplayManager.RefreshTrickplayDataInternal(Video video, Boolean replace, Int32 width, TrickplayOptions options, LibraryOptions libraryOptions, CancellationToken cancellationToken)
[2026-09-02 03:00:02.544 +00:00] [INF] [35] Jellyfin.Server.Implementations.Trickplay.TrickplayManager: Creating trickplay files at 320 width, for "/media/movies/trading places/Extras/Insider Trading.mkv" [ID: d76607bb-5142-4636-627a-b908b86a7709]
[2026-09-02 03:00:02.544 +00:00] [INF] [35] MediaBrowser.MediaEncoding.Encoder.MediaEncoder: Trickplay generation: "/usr/lib/jellyfin-ffmpeg/ffmpeg -loglevel error -skip_frame nokey -init_hw_device rkmpp=rk -hwaccel rkmpp -hwaccel_output_format drm_prime -noautorotate -afbc rga -i file:\"/media/movies/trading places/Extras/Insider Trading.mkv\" -noautoscale -an -sn -vf \"fps=0.10000000149011612,setparams=color_primaries=bt709:color_trc=bt709:colorspace=bt709,vpp_rkrga=format=bgra:afbc=1,vpp_rkrga=w=320:h=240:format=nv12\" -threads 1 -c:v mjpeg_rkmpp -qp_init:v 90 -fps_mode passthrough -f image2 \"/tmp/jellyfin/5c6a212761834490854130e9fb6888a7/%08d.jpg\""
[2026-09-02 03:00:02.583 +00:00] [ERR] [44] Jellyfin.Server.Implementations.Trickplay.TrickplayManager: Error creating trickplay images.
System.ArgumentException: Can't create trickplay from 0 images.
   at Jellyfin.Server.Implementations.Trickplay.TrickplayManager.CreateTiles(IReadOnlyList`1 images, Int32 width, TrickplayOptions options, String outputDir)
   at Jellyfin.Server.Implementations.Trickplay.TrickplayManager.RefreshTrickplayDataInternal(Video video, Boolean replace, Int32 width, TrickplayOptions options, LibraryOptions libraryOptions, CancellationToken cancellationToken)
[2026-09-02 03:00:02.585 +00:00] [INF] [44] Jellyfin.Server.Implementations.Trickplay.TrickplayManager: Creating trickplay files at 320 width, for "/media/movies/Terminator 2/Extras/james cameron.mkv" [ID: dc5b95f3-df43-a883-23a0-6d68deadb352]
[2026-09-02 03:00:02.585 +00:00] [INF] [44] MediaBrowser.MediaEncoding.Encoder.MediaEncoder: Trickplay generation: "/usr/lib/jellyfin-ffmpeg/ffmpeg -loglevel error -skip_frame nokey -init_hw_device rkmpp=rk -hwaccel rkmpp -hwaccel_output_format drm_prime -noautorotate -afbc rga -i file:\"/media/movies/Terminator 2/Extras/james cameron.mkv\" -noautoscale -an -sn -vf \"fps=0.10000000149011612,setparams=color_primaries=bt709:color_trc=bt709:colorspace=bt709,vpp_rkrga=format=bgra:afbc=1,vpp_rkrga=w=320:h=240:format=nv12\" -threads 1 -c:v mjpeg_rkmpp -qp_init:v 90 -fps_mode passthrough -f image2 \"/tmp/jellyfin/375b335632e649ab8cfd35d58872ad5d/%08d.jpg\""
[2026-09-02 03:00:02.632 +00:00] [ERR] [35] Jellyfin.Server.Implementations.Trickplay.TrickplayManager: Error creating trickplay images.
System.ArgumentException: Can't create trickplay from 0 images.
   at Jellyfin.Server.Implementations.Trickplay.TrickplayManager.CreateTiles(IReadOnlyList`1 images, Int32 width, TrickplayOptions options, String outputDir)
   at Jellyfin.Server.Implementations.Trickplay.TrickplayManager.RefreshTrickplayDataInternal(Video video, Boolean replace, Int32 width, TrickplayOptions options, LibraryOptions libraryOptions, CancellationToken cancellationToken)
[2026-09-02 03:00:02.637 +00:00] [INF] [35] Jellyfin.Server.Implementations.Trickplay.TrickplayManager: Creating trickplay files at 320 width, for "/media/movies/trading places/Extras/industry promotion.mkv" [ID: e71a1b9c-ca7f-1972-af7f-8094ac605785]
[2026-09-02 03:00:02.638 +00:00] [INF] [35] MediaBrowser.MediaEncoding.Encoder.MediaEncoder: Trickplay generation: "/usr/lib/jellyfin-ffmpeg/ffmpeg -loglevel error -skip_frame nokey -init_hw_device rkmpp=rk -hwaccel rkmpp -hwaccel_output_format drm_prime -noautorotate -afbc rga -i file:\"/media/movies/trading places/Extras/industry promotion.mkv\" -noautoscale -an -sn -vf \"fps=0.10000000149011612,setparams=color_primaries=bt709:color_trc=bt709:colorspace=bt709,vpp_rkrga=format=bgra:afbc=1,vpp_rkrga=w=320:h=240:format=nv12\" -threads 1 -c:v mjpeg_rkmpp -qp_init:v 90 -fps_mode passthrough -f image2 \"/tmp/jellyfin/a6869be16f584c12b5f1cdde32126af7/%08d.jpg\""
[2026-09-02 03:00:02.687 +00:00] [ERR] [19] Jellyfin.Server.Implementations.Trickplay.TrickplayManager: Error creating trickplay images.
System.ArgumentException: Can't create trickplay from 0 images.
   at Jellyfin.Server.Implementations.Trickplay.TrickplayManager.CreateTiles(IReadOnlyList`1 images, Int32 width, TrickplayOptions options, String outputDir)
   at Jellyfin.Server.Implementations.Trickplay.TrickplayManager.RefreshTrickplayDataInternal(Video video, Boolean replace, Int32 width, TrickplayOptions options, LibraryOptions libraryOptions, CancellationToken cancellationToken)
[2026-09-02 03:00:02.689 +00:00] [INF] [19] Jellyfin.Server.Implementations.Trickplay.TrickplayManager: Creating trickplay files at 320 width, for "/media/movies/trading places/Extras/the Trade.mkv" [ID: fe362105-0243-307e-4f4d-89990c0f4115]
[2026-09-02 03:00:02.690 +00:00] [INF] [19] MediaBrowser.MediaEncoding.Encoder.MediaEncoder: Trickplay generation: "/usr/lib/jellyfin-ffmpeg/ffmpeg -loglevel error -skip_frame nokey -init_hw_device rkmpp=rk -hwaccel rkmpp -hwaccel_output_format drm_prime -noautorotate -afbc rga -i file:\"/media/movies/trading places/Extras/the Trade.mkv\" -noautoscale -an -sn -vf \"fps=0.10000000149011612,setparams=color_primaries=bt709:color_trc=bt709:colorspace=bt709,vpp_rkrga=format=bgra:afbc=1,vpp_rkrga=w=320:h=180:format=nv12\" -threads 1 -c:v mjpeg_rkmpp -qp_init:v 90 -fps_mode passthrough -f image2 \"/tmp/jellyfin/b573e5d2e63146e0a91d2bcad680e299/%08d.jpg\""
[2026-09-02 03:00:02.735 +00:00] [ERR] [43] Jellyfin.Server.Implementations.Trickplay.TrickplayManager: Error creating trickplay images.
System.ArgumentException: Can't create trickplay from 0 images.
   at Jellyfin.Server.Implementations.Trickplay.TrickplayManager.CreateTiles(IReadOnlyList`1 images, Int32 width, TrickplayOptions options, String outputDir)
   at Jellyfin.Server.Implementations.Trickplay.TrickplayManager.RefreshTrickplayDataInternal(Video video, Boolean replace, Int32 width, TrickplayOptions options, LibraryOptions libraryOptions, CancellationToken cancellationToken)
[2026-09-02 03:00:02.737 +00:00] [INF] [43] Jellyfin.Server.Implementations.Trickplay.TrickplayManager: Creating trickplay files at 320 width, for "/media/movies/Terminator 2/Extras/Extra-3.mkv" [ID: 5670f246-6586-045c-f00f-9aadb2725f4b]
[2026-09-02 03:00:02.737 +00:00] [INF] [43] MediaBrowser.MediaEncoding.Encoder.MediaEncoder: Trickplay generation: "/usr/lib/jellyfin-ffmpeg/ffmpeg -loglevel error -skip_frame nokey -init_hw_device rkmpp=rk -hwaccel rkmpp -hwaccel_output_format drm_prime -noautorotate -afbc rga -i file:\"/media/movies/Terminator 2/Extras/Extra-3.mkv\" -noautoscale -an -sn -vf \"fps=0.10000000149011612,setparams=color_primaries=bt709:color_trc=bt709:colorspace=bt709,vpp_rkrga=format=bgra:afbc=1,vpp_rkrga=w=320:h=206:format=nv12\" -threads 1 -c:v mjpeg_rkmpp -qp_init:v 90 -fps_mode passthrough -f image2 \"/tmp/jellyfin/cb5e91db20f14ec591ea200b1fdb19d1/%08d.jpg\""
[2026-09-02 03:00:02.769 +00:00] [ERR] [19] Jellyfin.Server.Implementations.Trickplay.TrickplayManager: Error creating trickplay images.
System.ArgumentException: Can't create trickplay from 0 images.
   at Jellyfin.Server.Implementations.Trickplay.TrickplayManager.CreateTiles(IReadOnlyList`1 images, Int32 width, TrickplayOptions options, String outputDir)
   at Jellyfin.Server.Implementations.Trickplay.TrickplayManager.RefreshTrickplayDataInternal(Video video, Boolean replace, Int32 width, TrickplayOptions options, LibraryOptions libraryOptions, CancellationToken cancellationToken)
[2026-09-02 03:00:02.774 +00:00] [INF] [19] Jellyfin.Server.Implementations.Trickplay.TrickplayManager: Creating trickplay files at 320 width, for "/media/movies/Terminator 2/Extras/Extra-2.mkv" [ID: becca55f-6629-3043-bf1b-ceacbceb5058]
[2026-09-02 03:00:02.775 +00:00] [INF] [19] MediaBrowser.MediaEncoding.Encoder.MediaEncoder: Trickplay generation: "/usr/lib/jellyfin-ffmpeg/ffmpeg -loglevel error -skip_frame nokey -init_hw_device rkmpp=rk -hwaccel rkmpp -hwaccel_output_format drm_prime -noautorotate -afbc rga -i file:\"/media/movies/Terminator 2/Extras/Extra-2.mkv\" -noautoscale -an -sn -vf \"fps=0.10000000149011612,setparams=color_primaries=bt709:color_trc=bt709:colorspace=bt709,vpp_rkrga=format=bgra:afbc=1,vpp_rkrga=w=320:h=206:format=nv12\" -threads 1 -c:v mjpeg_rkmpp -qp_init:v 90 -fps_mode passthrough -f image2 \"/tmp/jellyfin/59273416aa9c45dea6a05bc7d8ba41e5/%08d.jpg\""
[2026-09-02 03:00:02.823 +00:00] [ERR] [43] Jellyfin.Server.Implementations.Trickplay.TrickplayManager: Error creating trickplay images.
System.ArgumentException: Can't create trickplay from 0 images.
   at Jellyfin.Server.Implementations.Trickplay.TrickplayManager.CreateTiles(IReadOnlyList`1 images, Int32 width, TrickplayOptions options, String outputDir)
   at Jellyfin.Server.Implementations.Trickplay.TrickplayManager.RefreshTrickplayDataInternal(Video video, Boolean replace, Int32 width, TrickplayOptions options, LibraryOptions libraryOptions, CancellationToken cancellationToken)
[2026-09-02 03:00:02.825 +00:00] [INF] [43] Jellyfin.Server.Implementations.Trickplay.TrickplayManager: Creating trickplay files at 320 width, for "/media/movies/trading places/Extras/producer.mkv" [ID: dc84086d-3819-5e89-d43d-392a8a7a60ea]
[2026-09-02 03:00:02.825 +00:00] [INF] [43] MediaBrowser.MediaEncoding.Encoder.MediaEncoder: Trickplay generation: "/usr/lib/jellyfin-ffmpeg/ffmpeg -loglevel error -skip_frame nokey -init_hw_device rkmpp=rk -hwaccel rkmpp -hwaccel_output_format drm_prime -noautorotate -afbc rga -i file:\"/media/movies/trading places/Extras/producer.mkv\" -noautoscale -an -sn -vf \"fps=0.10000000149011612,setparams=color_primaries=bt709:color_trc=bt709:colorspace=bt709,vpp_rkrga=format=bgra:afbc=1,vpp_rkrga=w=320:h=240:format=nv12\" -threads 1 -c:v mjpeg_rkmpp -qp_init:v 90 -fps_mode passthrough -f image2 \"/tmp/jellyfin/503c469aca08457ebf60ac704615335b/%08d.jpg\""
[2026-09-02 03:00:02.862 +00:00] [ERR] [19] Jellyfin.Server.Implementations.Trickplay.TrickplayManager: Error creating trickplay images.
System.ArgumentException: Can't create trickplay from 0 images.
   at Jellyfin.Server.Implementations.Trickplay.TrickplayManager.CreateTiles(IReadOnlyList`1 images, Int32 width, TrickplayOptions options, String outputDir)
   at Jellyfin.Server.Implementations.Trickplay.TrickplayManager.RefreshTrickplayDataInternal(Video video, Boolean replace, Int32 width, TrickplayOptions options, LibraryOptions libraryOptions, CancellationToken cancellationToken)
[2026-09-02 03:00:02.865 +00:00] [INF] [19] Jellyfin.Server.Implementations.Trickplay.TrickplayManager: Creating trickplay files at 320 width, for "/media/movies/trading places/Extras/james cameron.mkv" [ID: d71d3c1b-ba5e-b706-28fd-5562c27ad3e8]
[2026-09-02 03:00:02.865 +00:00] [INF] [19] MediaBrowser.MediaEncoding.Encoder.MediaEncoder: Trickplay generation: "/usr/lib/jellyfin-ffmpeg/ffmpeg -loglevel error -skip_frame nokey -init_hw_device rkmpp=rk -hwaccel rkmpp -hwaccel_output_format drm_prime -noautorotate -afbc rga -i file:\"/media/movies/trading places/Extras/james cameron.mkv\" -noautoscale -an -sn -vf \"fps=0.10000000149011612,setparams=color_primaries=bt709:color_trc=bt709:colorspace=bt709,vpp_rkrga=format=bgra:afbc=1,vpp_rkrga=w=320:h=240:format=nv12\" -threads 1 -c:v mjpeg_rkmpp -qp_init:v 90 -fps_mode passthrough -f image2 \"/tmp/jellyfin/717605de9bb44839a60c09a81542fd3d/%08d.jpg\""
[2026-09-02 03:00:02.911 +00:00] [ERR] [43] Jellyfin.Server.Implementations.Trickplay.TrickplayManager: Error creating trickplay images.
System.ArgumentException: Can't create trickplay from 0 images.
   at Jellyfin.Server.Implementations.Trickplay.TrickplayManager.CreateTiles(IReadOnlyList`1 images, Int32 width, TrickplayOptions options, String outputDir)
   at Jellyfin.Server.Implementations.Trickplay.TrickplayManager.RefreshTrickplayDataInternal(Video video, Boolean replace, Int32 width, TrickplayOptions options, LibraryOptions libraryOptions, CancellationToken cancellationToken)
[2026-09-02 03:00:02.916 +00:00] [INF] [43] Jellyfin.Server.Implementations.Trickplay.TrickplayManager: Creating trickplay files at 320 width, for "/media/movies/trading places/Extras/interviews.mkv" [ID: f842d055-2b89-b226-10a8-0583f908c0d7]
[2026-09-02 03:00:02.917 +00:00] [INF] [43] MediaBrowser.MediaEncoding.Encoder.MediaEncoder: Trickplay generation: "/usr/lib/jellyfin-ffmpeg/ffmpeg -loglevel error -skip_frame nokey -init_hw_device rkmpp=rk -hwaccel rkmpp -hwaccel_output_format drm_prime -noautorotate -afbc rga -i file:\"/media/movies/trading places/Extras/interviews.mkv\" -noautoscale -an -sn -vf \"fps=0.10000000149011612,setparams=color_primaries=bt709:color_trc=bt709:colorspace=bt709,vpp_rkrga=format=bgra:afbc=1,vpp_rkrga=w=320:h=240:format=nv12\" -threads 1 -c:v mjpeg_rkmpp -qp_init:v 90 -fps_mode passthrough -f image2 \"/tmp/jellyfin/e830a5d8f324495488ba7b474497de0f/%08d.jpg\""
[2026-09-02 03:00:02.948 +00:00] [ERR] [19] Jellyfin.Server.Implementations.Trickplay.TrickplayManager: Error creating trickplay images.
System.ArgumentException: Can't create trickplay from 0 images.
   at Jellyfin.Server.Implementations.Trickplay.TrickplayManager.CreateTiles(IReadOnlyList`1 images, Int32 width, TrickplayOptions options, String outputDir)
   at Jellyfin.Server.Implementations.Trickplay.TrickplayManager.RefreshTrickplayDataInternal(Video video, Boolean replace, Int32 width, TrickplayOptions options, LibraryOptions libraryOptions, CancellationToken cancellationToken)
[2026-09-02 03:00:02.950 +00:00] [INF] [19] Jellyfin.Server.Implementations.Trickplay.TrickplayManager: Creating trickplay files at 320 width, for "/media/movies/trading places/Extras/mechanical alien.mkv" [ID: 257efaf6-19a9-3f2c-9c1e-fbfb8862795c]
[2026-09-02 03:00:02.950 +00:00] [INF] [19] MediaBrowser.MediaEncoding.Encoder.MediaEncoder: Trickplay generation: "/usr/lib/jellyfin-ffmpeg/ffmpeg -loglevel error -skip_frame nokey -init_hw_device rkmpp=rk -hwaccel rkmpp -hwaccel_output_format drm_prime -noautorotate -afbc rga -i file:\"/media/movies/trading places/Extras/mechanical alien.mkv\" -noautoscale -an -sn -vf \"fps=0.10000000149011612,setparams=color_primaries=bt709:color_trc=bt709:colorspace=bt709,vpp_rkrga=format=bgra:afbc=1,vpp_rkrga=w=320:h=240:format=nv12\" -threads 1 -c:v mjpeg_rkmpp -qp_init:v 90 -fps_mode passthrough -f image2 \"/tmp/jellyfin/056de211374641a8b83487f52c0554a4/%08d.jpg\""
[2026-09-02 03:00:02.980 +00:00] [ERR] [43] Jellyfin.Server.Implementations.Trickplay.TrickplayManager: Error creating trickplay images.
System.ArgumentException: Can't create trickplay from 0 images.
   at Jellyfin.Server.Implementations.Trickplay.TrickplayManager.CreateTiles(IReadOnlyList`1 images, Int32 width, TrickplayOptions options, String outputDir)
   at Jellyfin.Server.Implementations.Trickplay.TrickplayManager.RefreshTrickplayDataInternal(Video video, Boolean replace, Int32 width, TrickplayOptions options, LibraryOptions libraryOptions, CancellationToken cancellationToken)
[2026-09-02 03:00:02.982 +00:00] [INF] [43] Jellyfin.Server.Implementations.Trickplay.TrickplayManager: Creating trickplay files at 320 width, for "/media/movies/Under Siege.mkv" [ID: 09700b7d-926c-99b4-ae4d-f45846e35968]
[2026-09-02 03:00:02.985 +00:00] [INF] [43] MediaBrowser.MediaEncoding.Encoder.MediaEncoder: Trickplay generation: "/usr/lib/jellyfin-ffmpeg/ffmpeg -loglevel error -skip_frame nokey -init_hw_device rkmpp=rk -hwaccel rkmpp -hwaccel_output_format drm_prime -noautorotate -afbc rga -i file:\"/media/movies/Under Siege.mkv\" -noautoscale -an -sn -vf \"fps=0.10000000149011612,setparams=color_primaries=bt709:color_trc=bt709:colorspace=bt709,vpp_rkrga=format=bgra:afbc=1,vpp_rkrga=w=320:h=180:format=nv12\" -threads 1 -c:v mjpeg_rkmpp -qp_init:v 90 -fps_mode passthrough -f image2 \"/tmp/jellyfin/530802ba791040f3826f22bdb70e1c91/%08d.jpg\""
[2026-09-02 03:00:03.017 +00:00] [ERR] [19] Jellyfin.Server.Implementations.Trickplay.TrickplayManager: Error creating trickplay images.
System.ArgumentException: Can't create trickplay from 0 images.
   at Jellyfin.Server.Implementations.Trickplay.TrickplayManager.CreateTiles(IReadOnlyList`1 images, Int32 width, TrickplayOptions options, String outputDir)
   at Jellyfin.Server.Implementations.Trickplay.TrickplayManager.RefreshTrickplayDataInternal(Video video, Boolean replace, Int32 width, TrickplayOptions options, LibraryOptions libraryOptions, CancellationToken cancellationToken)
[2026-09-02 03:00:03.021 +00:00] [INF] [19] Jellyfin.Server.Implementations.Trickplay.TrickplayManager: Creating trickplay files at 320 width, for "/media/movies/trading places/Extras/vault scene.mkv" [ID: 278888db-0adf-168b-625e-e91e5f4fb8b1]
[2026-09-02 03:00:03.021 +00:00] [INF] [19] MediaBrowser.MediaEncoding.Encoder.MediaEncoder: Trickplay generation: "/usr/lib/jellyfin-ffmpeg/ffmpeg -loglevel error -skip_frame nokey -init_hw_device rkmpp=rk -hwaccel rkmpp -hwaccel_output_format drm_prime -noautorotate -afbc rga -i file:\"/media/movies/trading places/Extras/vault scene.mkv\" -noautoscale -an -sn -vf \"fps=0.10000000149011612,setparams=color_primaries=bt709:color_trc=bt709:colorspace=bt709,vpp_rkrga=format=bgra:afbc=1,vpp_rkrga=w=320:h=240:format=nv12\" -threads 1 -c:v mjpeg_rkmpp -qp_init:v 90 -fps_mode passthrough -f image2 \"/tmp/jellyfin/152d0837d2da4aaaa58688731c8aeba4/%08d.jpg\""
[2026-09-02 03:00:03.070 +00:00] [ERR] [43] Jellyfin.Server.Implementations.Trickplay.TrickplayManager: Error creating trickplay images.
System.ArgumentException: Can't create trickplay from 0 images.
   at Jellyfin.Server.Implementations.Trickplay.TrickplayManager.CreateTiles(IReadOnlyList`1 images, Int32 width, TrickplayOptions options, String outputDir)
   at Jellyfin.Server.Implementations.Trickplay.TrickplayManager.RefreshTrickplayDataInternal(Video video, Boolean replace, Int32 width, TrickplayOptions options, LibraryOptions libraryOptions, CancellationToken cancellationToken)
[2026-09-02 03:00:03.072 +00:00] [INF] [43] Jellyfin.Server.Implementations.Trickplay.TrickplayManager: Creating trickplay files at 320 width, for "/media/movies/Terminator 2/Extras/Extra-1.mkv" [ID: 64a1b141-0549-50e3-4281-1df37fe5294f]
[2026-09-02 03:00:03.072 +00:00] [INF] [43] MediaBrowser.MediaEncoding.Encoder.MediaEncoder: Trickplay generation: "/usr/lib/jellyfin-ffmpeg/ffmpeg -loglevel error -skip_frame nokey -init_hw_device rkmpp=rk -hwaccel rkmpp -hwaccel_output_format drm_prime -noautorotate -afbc rga -i file:\"/media/movies/Terminator 2/Extras/Extra-1.mkv\" -noautoscale -an -sn -vf \"fps=0.10000000149011612,setparams=color_primaries=bt709:color_trc=bt709:colorspace=bt709,vpp_rkrga=format=bgra:afbc=1,vpp_rkrga=w=320:h=206:format=nv12\" -threads 1 -c:v mjpeg_rkmpp -qp_init:v 90 -fps_mode passthrough -f image2 \"/tmp/jellyfin/b389e596666d4cb6a8bd8a0a031e40ff/%08d.jpg\""
[2026-09-02 03:00:03.119 +00:00] [ERR] [43] Jellyfin.Server.Implementations.Trickplay.TrickplayManager: Error creating trickplay images.
System.ArgumentException: Can't create trickplay from 0 images.
   at Jellyfin.Server.Implementations.Trickplay.TrickplayManager.CreateTiles(IReadOnlyList`1 images, Int32 width, TrickplayOptions options, String outputDir)
   at Jellyfin.Server.Implementations.Trickplay.TrickplayManager.RefreshTrickplayDataInternal(Video video, Boolean replace, Int32 width, TrickplayOptions options, LibraryOptions libraryOptions, CancellationToken cancellationToken)
[2026-09-02 03:00:03.121 +00:00] [INF] [43] Jellyfin.Server.Implementations.Trickplay.TrickplayManager: Creating trickplay files at 320 width, for "/media/movies/Terminator 2/Extras/mechanical alien.mkv" [ID: 1d7ead78-5f8d-177f-78f3-0c47f7d72eb9]
[2026-09-02 03:00:03.121 +00:00] [INF] [43] MediaBrowser.MediaEncoding.Encoder.MediaEncoder: Trickplay generation: "/usr/lib/jellyfin-ffmpeg/ffmpeg -loglevel error -skip_frame nokey -init_hw_device rkmpp=rk -hwaccel rkmpp -hwaccel_output_format drm_prime -noautorotate -afbc rga -i file:\"/media/movies/Terminator 2/Extras/mechanical alien.mkv\" -noautoscale -an -sn -vf \"fps=0.10000000149011612,setparams=color_primaries=bt709:color_trc=bt709:colorspace=bt709,vpp_rkrga=format=bgra:afbc=1,vpp_rkrga=w=320:h=240:format=nv12\" -threads 1 -c:v mjpeg_rkmpp -qp_init:v 90 -fps_mode passthrough -f image2 \"/tmp/jellyfin/9a8ef7ed84b7420a88b3b0e0dee10872/%08d.jpg\""
[2026-09-02 03:00:03.152 +00:00] [ERR] [35] Jellyfin.Server.Implementations.Trickplay.TrickplayManager: Error creating trickplay images.
System.ArgumentException: Can't create trickplay from 0 images.
   at Jellyfin.Server.Implementations.Trickplay.TrickplayManager.CreateTiles(IReadOnlyList`1 images, Int32 width, TrickplayOptions options, String outputDir)
   at Jellyfin.Server.Implementations.Trickplay.TrickplayManager.RefreshTrickplayDataInternal(Video video, Boolean replace, Int32 width, TrickplayOptions options, LibraryOptions libraryOptions, CancellationToken cancellationToken)
[2026-09-02 03:00:03.156 +00:00] [INF] [35] Jellyfin.Server.Implementations.Trickplay.TrickplayManager: Creating trickplay files at 320 width, for "/media/movies/Minority Report.mkv" [ID: d82d2ab5-e4bf-f8ac-52f2-1c984a0168e6]
[2026-09-02 03:00:03.156 +00:00] [INF] [35] MediaBrowser.MediaEncoding.Encoder.MediaEncoder: Trickplay generation: "/usr/lib/jellyfin-ffmpeg/ffmpeg -loglevel error -skip_frame nokey -init_hw_device rkmpp=rk -hwaccel rkmpp -hwaccel_output_format drm_prime -noautorotate -afbc rga -i file:\"/media/movies/Minority Report.mkv\" -noautoscale -an -sn -vf \"fps=0.10000000149011612,setparams=color_primaries=bt709:color_trc=bt709:colorspace=bt709,vpp_rkrga=format=bgra:afbc=1,vpp_rkrga=w=320:h=132:format=nv12\" -threads 1 -c:v mjpeg_rkmpp -qp_init:v 90 -fps_mode passthrough -f image2 \"/tmp/jellyfin/c043df143c854f7bbb57235e994078ad/%08d.jpg\""
[2026-09-02 03:00:03.201 +00:00] [ERR] [43] Jellyfin.Server.Implementations.Trickplay.TrickplayManager: Error creating trickplay images.
System.ArgumentException: Can't create trickplay from 0 images.
   at Jellyfin.Server.Implementations.Trickplay.TrickplayManager.CreateTiles(IReadOnlyList`1 images, Int32 width, TrickplayOptions options, String outputDir)
   at Jellyfin.Server.Implementations.Trickplay.TrickplayManager.RefreshTrickplayDataInternal(Video video, Boolean replace, Int32 width, TrickplayOptions options, LibraryOptions libraryOptions, CancellationToken cancellationToken)
[2026-09-02 03:00:03.204 +00:00] [INF] [43] Jellyfin.Server.Implementations.Trickplay.TrickplayManager: Creating trickplay files at 320 width, for "/media/movies/the Imitation Game/Extras/james cameron.mkv" [ID: 1237607f-5599-ae63-2310-55ce75f96e36]
[2026-09-02 03:00:03.205 +00:00] [INF] [43] MediaBrowser.MediaEncoding.Encoder.MediaEncoder: Trickplay generation: "/usr/lib/jellyfin-ffmpeg/ffmpeg -loglevel error -skip_frame nokey -init_hw_device rkmpp=rk -hwaccel rkmpp -hwaccel_output_format drm_prime -noautorotate -afbc rga -i file:\"/media/movies/the Imitation Game/Extras/james cameron.mkv\" -noautoscale -an -sn -vf \"fps=0.10000000149011612,setparams=color_primaries=bt709:color_trc=bt709:colorspace=bt709,vpp_rkrga=format=bgra:afbc=1,vpp_rkrga=w=320:h=240:format=nv12\" -threads 1 -c:v mjpeg_rkmpp -qp_init:v 90 -fps_mode passthrough -f image2 \"/tmp/jellyfin/c110b015fa954c6e8c5536e919a5398f/%08d.jpg\""
[2026-09-02 03:00:03.235 +00:00] [ERR] [35] Jellyfin.Server.Implementations.Trickplay.TrickplayManager: Error creating trickplay images.
System.ArgumentException: Can't create trickplay from 0 images.
   at Jellyfin.Server.Implementations.Trickplay.TrickplayManager.CreateTiles(IReadOnlyList`1 images, Int32 width, TrickplayOptions options, String outputDir)
   at Jellyfin.Server.Implementations.Trickplay.TrickplayManager.RefreshTrickplayDataInternal(Video video, Boolean replace, Int32 width, TrickplayOptions options, LibraryOptions libraryOptions, CancellationToken cancellationToken)
[2026-09-02 03:00:03.237 +00:00] [INF] [35] Jellyfin.Server.Implementations.Trickplay.TrickplayManager: Creating trickplay files at 320 width, for "/media/movies/Aliens/Extras/mechanical alien.mkv" [ID: a1a7a931-0100-655f-862f-824ac2a10570]
[2026-09-02 03:00:03.238 +00:00] [INF] [35] MediaBrowser.MediaEncoding.Encoder.MediaEncoder: Trickplay generation: "/usr/lib/jellyfin-ffmpeg/ffmpeg -loglevel error -skip_frame nokey -init_hw_device rkmpp=rk -hwaccel rkmpp -hwaccel_output_format drm_prime -noautorotate -afbc rga -i file:\"/media/movies/Aliens/Extras/mechanical alien.mkv\" -noautoscale -an -sn -vf \"fps=0.10000000149011612,setparams=color_primaries=bt709:color_trc=bt709:colorspace=bt709,vpp_rkrga=format=bgra:afbc=1,vpp_rkrga=w=320:h=240:format=nv12\" -threads 1 -c:v mjpeg_rkmpp -qp_init:v 90 -fps_mode passthrough -f image2 \"/tmp/jellyfin/cf78af210fd044b492d5d647671dfbbc/%08d.jpg\""
[2026-09-02 03:00:03.281 +00:00] [ERR] [43] Jellyfin.Server.Implementations.Trickplay.TrickplayManager: Error creating trickplay images.
System.ArgumentException: Can't create trickplay from 0 images.
   at Jellyfin.Server.Implementations.Trickplay.TrickplayManager.CreateTiles(IReadOnlyList`1 images, Int32 width, TrickplayOptions options, String outputDir)
   at Jellyfin.Server.Implementations.Trickplay.TrickplayManager.RefreshTrickplayDataInternal(Video video, Boolean replace, Int32 width, TrickplayOptions options, LibraryOptions libraryOptions, CancellationToken cancellationToken)
[2026-09-02 03:00:03.282 +00:00] [INF] [43] Jellyfin.Server.Implementations.Trickplay.TrickplayManager: Creating trickplay files at 320 width, for "/media/movies/Aliens/Extras/james cameron.mkv" [ID: da25a01a-d674-1593-65dc-45038d1b4d54]
[2026-09-02 03:00:03.283 +00:00] [INF] [43] MediaBrowser.MediaEncoding.Encoder.MediaEncoder: Trickplay generation: "/usr/lib/jellyfin-ffmpeg/ffmpeg -loglevel error -skip_frame nokey -init_hw_device rkmpp=rk -hwaccel rkmpp -hwaccel_output_format drm_prime -noautorotate -afbc rga -i file:\"/media/movies/Aliens/Extras/james cameron.mkv\" -noautoscale -an -sn -vf \"fps=0.10000000149011612,setparams=color_primaries=bt709:color_trc=bt709:colorspace=bt709,vpp_rkrga=format=bgra:afbc=1,vpp_rkrga=w=320:h=240:format=nv12\" -threads 1 -c:v mjpeg_rkmpp -qp_init:v 90 -fps_mode passthrough -f image2 \"/tmp/jellyfin/31a8c7471c314c7fa03a2e1c2d6e71ed/%08d.jpg\""
[2026-09-02 03:00:03.329 +00:00] [ERR] [19] Jellyfin.Server.Implementations.Trickplay.TrickplayManager: Error creating trickplay images.
System.ArgumentException: Can't create trickplay from 0 images.
   at Jellyfin.Server.Implementations.Trickplay.TrickplayManager.CreateTiles(IReadOnlyList`1 images, Int32 width, TrickplayOptions options, String outputDir)
   at Jellyfin.Server.Implementations.Trickplay.TrickplayManager.RefreshTrickplayDataInternal(Video video, Boolean replace, Int32 width, TrickplayOptions options, LibraryOptions libraryOptions, CancellationToken cancellationToken)
[2026-09-02 03:00:03.333 +00:00] [INF] [19] Jellyfin.Server.Implementations.Trickplay.TrickplayManager: Creating trickplay files at 320 width, for "/media/movies/the Imitation Game/Extras/mechanical alien.mkv" [ID: 5312bf31-e48a-7a65-483b-4ea7c9dda4e7]
[2026-09-02 03:00:03.334 +00:00] [INF] [19] MediaBrowser.MediaEncoding.Encoder.MediaEncoder: Trickplay generation: "/usr/lib/jellyfin-ffmpeg/ffmpeg -loglevel error -skip_frame nokey -init_hw_device rkmpp=rk -hwaccel rkmpp -hwaccel_output_format drm_prime -noautorotate -afbc rga -i file:\"/media/movies/the Imitation Game/Extras/mechanical alien.mkv\" -noautoscale -an -sn -vf \"fps=0.10000000149011612,setparams=color_primaries=bt709:color_trc=bt709:colorspace=bt709,vpp_rkrga=format=bgra:afbc=1,vpp_rkrga=w=320:h=240:format=nv12\" -threads 1 -c:v mjpeg_rkmpp -qp_init:v 90 -fps_mode passthrough -f image2 \"/tmp/jellyfin/b254b855a284476ab9ff25747a9200c9/%08d.jpg\""
[2026-09-02 03:00:03.362 +00:00] [ERR] [43] Jellyfin.Server.Implementations.Trickplay.TrickplayManager: Error creating trickplay images.
System.ArgumentException: Can't create trickplay from 0 images.
   at Jellyfin.Server.Implementations.Trickplay.TrickplayManager.CreateTiles(IReadOnlyList`1 images, Int32 width, TrickplayOptions options, String outputDir)
   at Jellyfin.Server.Implementations.Trickplay.TrickplayManager.RefreshTrickplayDataInternal(Video video, Boolean replace, Int32 width, TrickplayOptions options, LibraryOptions libraryOptions, CancellationToken cancellationToken)
[2026-09-02 03:00:03.366 +00:00] [INF] [43] Jellyfin.Server.Implementations.Trickplay.TrickplayManager: Creating trickplay files at 320 width, for "/media/movies/the Imitation Game/Extras/Alan Turing.mkv" [ID: e34845b4-ab73-4ad9-02e8-59d967b10052]
[2026-09-02 03:00:03.366 +00:00] [INF] [43] MediaBrowser.MediaEncoding.Encoder.MediaEncoder: Trickplay generation: "/usr/lib/jellyfin-ffmpeg/ffmpeg -loglevel error -skip_frame nokey -init_hw_device rkmpp=rk -hwaccel rkmpp -hwaccel_output_format drm_prime -noautorotate -afbc rga -i file:\"/media/movies/the Imitation Game/Extras/Alan Turing.mkv\" -noautoscale -an -sn -vf \"fps=0.10000000149011612,setparams=color_primaries=bt709:color_trc=bt709:colorspace=bt709,vpp_rkrga=format=bgra:afbc=1,vpp_rkrga=w=320:h=180:format=nv12\" -threads 1 -c:v mjpeg_rkmpp -qp_init:v 90 -fps_mode passthrough -f image2 \"/tmp/jellyfin/28bd8959e2f1478994d87d2497380ea3/%08d.jpg\""
[2026-09-02 03:00:03.403 +00:00] [ERR] [19] Jellyfin.Server.Implementations.Trickplay.TrickplayManager: Error creating trickplay images.
System.ArgumentException: Can't create trickplay from 0 images.
   at Jellyfin.Server.Implementations.Trickplay.TrickplayManager.CreateTiles(IReadOnlyList`1 images, Int32 width, TrickplayOptions options, String outputDir)
   at Jellyfin.Server.Implementations.Trickplay.TrickplayManager.RefreshTrickplayDataInternal(Video video, Boolean replace, Int32 width, TrickplayOptions options, LibraryOptions libraryOptions, CancellationToken cancellationToken)
[2026-09-02 03:00:03.407 +00:00] [INF] [19] Jellyfin.Server.Implementations.Trickplay.TrickplayManager: Creating trickplay files at 320 width, for "/media/movies/rudy/Extras/james cameron.mkv" [ID: c0256890-e1e6-4c5a-eb3a-10b977d30bc3]
[2026-09-02 03:00:03.408 +00:00] [INF] [19] MediaBrowser.MediaEncoding.Encoder.MediaEncoder: Trickplay generation: "/usr/lib/jellyfin-ffmpeg/ffmpeg -loglevel error -skip_frame nokey -init_hw_device rkmpp=rk -hwaccel rkmpp -hwaccel_output_format drm_prime -noautorotate -afbc rga -i file:\"/media/movies/rudy/Extras/james cameron.mkv\" -noautoscale -an -sn -vf \"fps=0.10000000149011612,setparams=color_primaries=bt709:color_trc=bt709:colorspace=bt709,vpp_rkrga=format=bgra:afbc=1,vpp_rkrga=w=320:h=240:format=nv12\" -threads 1 -c:v mjpeg_rkmpp -qp_init:v 90 -fps_mode passthrough -f image2 \"/tmp/jellyfin/640e253ae82b4675b62dd636a936690c/%08d.jpg\""
[2026-09-02 03:00:03.440 +00:00] [ERR] [43] Jellyfin.Server.Implementations.Trickplay.TrickplayManager: Error creating trickplay images.
System.ArgumentException: Can't create trickplay from 0 images.
   at Jellyfin.Server.Implementations.Trickplay.TrickplayManager.CreateTiles(IReadOnlyList`1 images, Int32 width, TrickplayOptions options, String outputDir)
   at Jellyfin.Server.Implementations.Trickplay.TrickplayManager.RefreshTrickplayDataInternal(Video video, Boolean replace, Int32 width, TrickplayOptions options, LibraryOptions libraryOptions, CancellationToken cancellationToken)
[2026-09-02 03:00:03.444 +00:00] [INF] [43] Jellyfin.Server.Implementations.Trickplay.TrickplayManager: Creating trickplay files at 320 width, for "/media/movies/rudy/Extras/rudy extra 1.mkv" [ID: 181d5f5e-6e2e-319f-e6d5-374cde12ccc4]
[2026-09-02 03:00:03.445 +00:00] [INF] [43] MediaBrowser.MediaEncoding.Encoder.MediaEncoder: Trickplay generation: "/usr/lib/jellyfin-ffmpeg/ffmpeg -loglevel error -skip_frame nokey -init_hw_device rkmpp=rk -hwaccel rkmpp -hwaccel_output_format drm_prime -noautorotate -afbc rga -i file:\"/media/movies/rudy/Extras/rudy extra 1.mkv\" -noautoscale -an -sn -vf \"fps=0.10000000149011612,setparams=color_primaries=bt709:color_trc=bt709:colorspace=bt709,vpp_rkrga=format=bgra:afbc=1,vpp_rkrga=w=320:h=240:format=nv12\" -threads 1 -c:v mjpeg_rkmpp -qp_init:v 90 -fps_mode passthrough -f image2 \"/tmp/jellyfin/9355901bfe3b445dafa81a09c73bf58f/%08d.jpg\""
[2026-09-02 03:00:03.480 +00:00] [ERR] [19] Jellyfin.Server.Implementations.Trickplay.TrickplayManager: Error creating trickplay images.
System.ArgumentException: Can't create trickplay from 0 images.
   at Jellyfin.Server.Implementations.Trickplay.TrickplayManager.CreateTiles(IReadOnlyList`1 images, Int32 width, TrickplayOptions options, String outputDir)
   at Jellyfin.Server.Implementations.Trickplay.TrickplayManager.RefreshTrickplayDataInternal(Video video, Boolean replace, Int32 width, TrickplayOptions options, LibraryOptions libraryOptions, CancellationToken cancellationToken)
[2026-09-02 03:00:03.482 +00:00] [INF] [19] Jellyfin.Server.Implementations.Trickplay.TrickplayManager: Creating trickplay files at 320 width, for "/media/movies/rudy/Extras/mechanical alien.mkv" [ID: a445281c-0c5d-cca2-8f6f-232e9c4f3e3d]
[2026-09-02 03:00:03.483 +00:00] [INF] [19] MediaBrowser.MediaEncoding.Encoder.MediaEncoder: Trickplay generation: "/usr/lib/jellyfin-ffmpeg/ffmpeg -loglevel error -skip_frame nokey -init_hw_device rkmpp=rk -hwaccel rkmpp -hwaccel_output_format drm_prime -noautorotate -afbc rga -i file:\"/media/movies/rudy/Extras/mechanical alien.mkv\" -noautoscale -an -sn -vf \"fps=0.10000000149011612,setparams=color_primaries=bt709:color_trc=bt709:colorspace=bt709,vpp_rkrga=format=bgra:afbc=1,vpp_rkrga=w=320:h=240:format=nv12\" -threads 1 -c:v mjpeg_rkmpp -qp_init:v 90 -fps_mode passthrough -f image2 \"/tmp/jellyfin/fb9e1a3b2dd142a88022bfd388a299c0/%08d.jpg\""
[2026-09-02 03:00:03.525 +00:00] [ERR] [19] Jellyfin.Server.Implementations.Trickplay.TrickplayManager: Error creating trickplay images.
System.ArgumentException: Can't create trickplay from 0 images.
   at Jellyfin.Server.Implementations.Trickplay.TrickplayManager.CreateTiles(IReadOnlyList`1 images, Int32 width, TrickplayOptions options, String outputDir)
   at Jellyfin.Server.Implementations.Trickplay.TrickplayManager.RefreshTrickplayDataInternal(Video video, Boolean replace, Int32 width, TrickplayOptions options, LibraryOptions libraryOptions, CancellationToken cancellationToken)
[2026-09-02 03:00:03.527 +00:00] [INF] [19] Jellyfin.Server.Implementations.Trickplay.TrickplayManager: Creating trickplay files at 320 width, for "/media/movies/Westworld/Extras/westworld-extra.mkv" [ID: d685daf3-8c9e-cd23-7367-31f4f2bdbdb2]
[2026-09-02 03:00:03.527 +00:00] [INF] [19] MediaBrowser.MediaEncoding.Encoder.MediaEncoder: Trickplay generation: "/usr/lib/jellyfin-ffmpeg/ffmpeg -loglevel error -skip_frame nokey -init_hw_device rkmpp=rk -hwaccel rkmpp -hwaccel_output_format drm_prime -noautorotate -afbc rga -i file:\"/media/movies/Westworld/Extras/westworld-extra.mkv\" -noautoscale -an -sn -vf \"fps=0.10000000149011612,setparams=color_primaries=bt709:color_trc=bt709:colorspace=bt709,vpp_rkrga=format=bgra:afbc=1,vpp_rkrga=w=320:h=180:format=nv12\" -threads 1 -c:v mjpeg_rkmpp -qp_init:v 90 -fps_mode passthrough -f image2 \"/tmp/jellyfin/3c6265befd84459cbfe96507546da8e9/%08d.jpg\""
[2026-09-02 03:00:03.572 +00:00] [ERR] [43] Jellyfin.Server.Implementations.Trickplay.TrickplayManager: Error creating trickplay images.
System.ArgumentException: Can't create trickplay from 0 images.
   at Jellyfin.Server.Implementations.Trickplay.TrickplayManager.CreateTiles(IReadOnlyList`1 images, Int32 width, TrickplayOptions options, String outputDir)
   at Jellyfin.Server.Implementations.Trickplay.TrickplayManager.RefreshTrickplayDataInternal(Video video, Boolean replace, Int32 width, TrickplayOptions options, LibraryOptions libraryOptions, CancellationToken cancellationToken)
[2026-09-02 03:00:03.575 +00:00] [INF] [43] Jellyfin.Server.Implementations.Trickplay.TrickplayManager: Creating trickplay files at 320 width, for "/media/movies/Westworld/Extras/james cameron.mkv" [ID: 0e35700d-ba0e-8dba-d5b0-124378514e4d]
[2026-09-02 03:00:03.575 +00:00] [INF] [43] MediaBrowser.MediaEncoding.Encoder.MediaEncoder: Trickplay generation: "/usr/lib/jellyfin-ffmpeg/ffmpeg -loglevel error -skip_frame nokey -init_hw_device rkmpp=rk -hwaccel rkmpp -hwaccel_output_format drm_prime -noautorotate -afbc rga -i file:\"/media/movies/Westworld/Extras/james cameron.mkv\" -noautoscale -an -sn -vf \"fps=0.10000000149011612,setparams=color_primaries=bt709:color_trc=bt709:colorspace=bt709,vpp_rkrga=format=bgra:afbc=1,vpp_rkrga=w=320:h=240:format=nv12\" -threads 1 -c:v mjpeg_rkmpp -qp_init:v 90 -fps_mode passthrough -f image2 \"/tmp/jellyfin/7457d184175847ff911ea1bab44ca6b4/%08d.jpg\""
[2026-09-02 03:00:03.610 +00:00] [ERR] [19] Jellyfin.Server.Implementations.Trickplay.TrickplayManager: Error creating trickplay images.
System.ArgumentException: Can't create trickplay from 0 images.
   at Jellyfin.Server.Implementations.Trickplay.TrickplayManager.CreateTiles(IReadOnlyList`1 images, Int32 width, TrickplayOptions options, String outputDir)
   at Jellyfin.Server.Implementations.Trickplay.TrickplayManager.RefreshTrickplayDataInternal(Video video, Boolean replace, Int32 width, TrickplayOptions options, LibraryOptions libraryOptions, CancellationToken cancellationToken)
[2026-09-02 03:00:03.612 +00:00] [INF] [19] Jellyfin.Server.Implementations.Trickplay.TrickplayManager: Creating trickplay files at 320 width, for "/media/movies/Westworld/Extras/mechanical alien.mkv" [ID: 634f612e-08d5-6de3-eb29-70586583c222]
[2026-09-02 03:00:03.612 +00:00] [INF] [19] MediaBrowser.MediaEncoding.Encoder.MediaEncoder: Trickplay generation: "/usr/lib/jellyfin-ffmpeg/ffmpeg -loglevel error -skip_frame nokey -init_hw_device rkmpp=rk -hwaccel rkmpp -hwaccel_output_format drm_prime -noautorotate -afbc rga -i file:\"/media/movies/Westworld/Extras/mechanical alien.mkv\" -noautoscale -an -sn -vf \"fps=0.10000000149011612,setparams=color_primaries=bt709:color_trc=bt709:colorspace=bt709,vpp_rkrga=format=bgra:afbc=1,vpp_rkrga=w=320:h=240:format=nv12\" -threads 1 -c:v mjpeg_rkmpp -qp_init:v 90 -fps_mode passthrough -f image2 \"/tmp/jellyfin/0e47a52b65614acfb0f7fd0fed375079/%08d.jpg\""
[2026-09-02 03:00:03.641 +00:00] [ERR] [43] Jellyfin.Server.Implementations.Trickplay.TrickplayManager: Error creating trickplay images.
System.ArgumentException: Can't create trickplay from 0 images.
   at Jellyfin.Server.Implementations.Trickplay.TrickplayManager.CreateTiles(IReadOnlyList`1 images, Int32 width, TrickplayOptions options, String outputDir)
   at Jellyfin.Server.Implementations.Trickplay.TrickplayManager.RefreshTrickplayDataInternal(Video video, Boolean replace, Int32 width, TrickplayOptions options, LibraryOptions libraryOptions, CancellationToken cancellationToken)
[2026-09-02 03:00:03.650 +00:00] [INF] [43] Jellyfin.Server.Implementations.Trickplay.TrickplayManager: Creating trickplay files at 320 width, for "/media/movies/trading places/Trading Places.mkv" [ID: dfa46efe-9d31-a8d9-96c1-8761d459da38]
[2026-09-02 03:00:03.650 +00:00] [INF] [43] MediaBrowser.MediaEncoding.Encoder.MediaEncoder: Trickplay generation: "/usr/lib/jellyfin-ffmpeg/ffmpeg -loglevel error -skip_frame nokey -init_hw_device rkmpp=rk -hwaccel rkmpp -hwaccel_output_format drm_prime -noautorotate -afbc rga -i file:\"/media/movies/trading places/Trading Places.mkv\" -noautoscale -an -sn -vf \"fps=0.10000000149011612,setparams=color_primaries=bt709:color_trc=bt709:colorspace=bt709,vpp_rkrga=format=bgra:afbc=1,vpp_rkrga=w=320:h=180:format=nv12\" -threads 1 -c:v mjpeg_rkmpp -qp_init:v 90 -fps_mode passthrough -f image2 \"/tmp/jellyfin/dce5f6ad870b495b82be1e3c0e417144/%08d.jpg\""
[2026-09-02 03:00:03.685 +00:00] [ERR] [43] Jellyfin.Server.Implementations.Trickplay.TrickplayManager: Error creating trickplay images.
System.ArgumentException: Can't create trickplay from 0 images.
   at Jellyfin.Server.Implementations.Trickplay.TrickplayManager.CreateTiles(IReadOnlyList`1 images, Int32 width, TrickplayOptions options, String outputDir)
   at Jellyfin.Server.Implementations.Trickplay.TrickplayManager.RefreshTrickplayDataInternal(Video video, Boolean replace, Int32 width, TrickplayOptions options, LibraryOptions libraryOptions, CancellationToken cancellationToken)
[2026-09-02 03:00:03.687 +00:00] [INF] [43] Jellyfin.Server.Implementations.Trickplay.TrickplayManager: Creating trickplay files at 320 width, for "/media/movies/Oppenheimer/Extras/james cameron.mkv" [ID: 09bc35ef-1a06-a07e-23eb-5b7e7b6361fd]
[2026-09-02 03:00:03.687 +00:00] [INF] [43] MediaBrowser.MediaEncoding.Encoder.MediaEncoder: Trickplay generation: "/usr/lib/jellyfin-ffmpeg/ffmpeg -loglevel error -skip_frame nokey -init_hw_device rkmpp=rk -hwaccel rkmpp -hwaccel_output_format drm_prime -noautorotate -afbc rga -i file:\"/media/movies/Oppenheimer/Extras/james cameron.mkv\" -noautoscale -an -sn -vf \"fps=0.10000000149011612,setparams=color_primaries=bt709:color_trc=bt709:colorspace=bt709,vpp_rkrga=format=bgra:afbc=1,vpp_rkrga=w=320:h=240:format=nv12\" -threads 1 -c:v mjpeg_rkmpp -qp_init:v 90 -fps_mode passthrough -f image2 \"/tmp/jellyfin/07191de080e64bdabce6b76993d5a684/%08d.jpg\""
[2026-09-02 03:00:03.716 +00:00] [ERR] [44] Jellyfin.Server.Implementations.Trickplay.TrickplayManager: Error creating trickplay images.
System.ArgumentException: Can't create trickplay from 0 images.
   at Jellyfin.Server.Implementations.Trickplay.TrickplayManager.CreateTiles(IReadOnlyList`1 images, Int32 width, TrickplayOptions options, String outputDir)
   at Jellyfin.Server.Implementations.Trickplay.TrickplayManager.RefreshTrickplayDataInternal(Video video, Boolean replace, Int32 width, TrickplayOptions options, LibraryOptions libraryOptions, CancellationToken cancellationToken)
[2026-09-02 03:00:03.719 +00:00] [INF] [44] Jellyfin.Server.Implementations.Trickplay.TrickplayManager: Creating trickplay files at 320 width, for "/media/movies/Oppenheimer/Extras/mechanical alien.mkv" [ID: f6cf1603-b573-1726-ac74-ea8e9ae3cf92]
[2026-09-02 03:00:03.719 +00:00] [INF] [44] MediaBrowser.MediaEncoding.Encoder.MediaEncoder: Trickplay generation: "/usr/lib/jellyfin-ffmpeg/ffmpeg -loglevel error -skip_frame nokey -init_hw_device rkmpp=rk -hwaccel rkmpp -hwaccel_output_format drm_prime -noautorotate -afbc rga -i file:\"/media/movies/Oppenheimer/Extras/mechanical alien.mkv\" -noautoscale -an -sn -vf \"fps=0.10000000149011612,setparams=color_primaries=bt709:color_trc=bt709:colorspace=bt709,vpp_rkrga=format=bgra:afbc=1,vpp_rkrga=w=320:h=240:format=nv12\" -threads 1 -c:v mjpeg_rkmpp -qp_init:v 90 -fps_mode passthrough -f image2 \"/tmp/jellyfin/dc4b864fd81a4408bdcf314752a1d43b/%08d.jpg\""
[2026-09-02 03:00:03.763 +00:00] [ERR] [19] Jellyfin.Server.Implementations.Trickplay.TrickplayManager: Error creating trickplay images.
System.ArgumentException: Can't create trickplay from 0 images.
   at Jellyfin.Server.Implementations.Trickplay.TrickplayManager.CreateTiles(IReadOnlyList`1 images, Int32 width, TrickplayOptions options, String outputDir)
   at Jellyfin.Server.Implementations.Trickplay.TrickplayManager.RefreshTrickplayDataInternal(Video video, Boolean replace, Int32 width, TrickplayOptions options, LibraryOptions libraryOptions, CancellationToken cancellationToken)
[2026-09-02 03:00:03.765 +00:00] [INF] [19] Jellyfin.Server.Implementations.Trickplay.TrickplayManager: Creating trickplay files at 320 width, for "/media/movies/Rocky Balaboa/Extras/Making of Rocky Balboa.mkv" [ID: 6ea129b9-8e20-9020-f4b7-de5707b824c4]
[2026-09-02 03:00:03.765 +00:00] [INF] [19] MediaBrowser.MediaEncoding.Encoder.MediaEncoder: Trickplay generation: "/usr/lib/jellyfin-ffmpeg/ffmpeg -loglevel error -skip_frame nokey -init_hw_device rkmpp=rk -hwaccel rkmpp -hwaccel_output_format drm_prime -noautorotate -afbc rga -i file:\"/media/movies/Rocky Balaboa/Extras/Making of Rocky Balboa.mkv\" -noautoscale -an -sn -vf \"fps=0.10000000149011612,setparams=color_primaries=bt709:color_trc=bt709:colorspace=bt709,vpp_rkrga=format=bgra:afbc=1,vpp_rkrga=w=320:h=180:format=nv12\" -threads 1 -c:v mjpeg_rkmpp -qp_init:v 90 -fps_mode passthrough -f image2 \"/tmp/jellyfin/ca1ef171728a4ba389844a8858c5832f/%08d.jpg\""
[2026-09-02 03:00:03.816 +00:00] [ERR] [19] Jellyfin.Server.Implementations.Trickplay.TrickplayManager: Error creating trickplay images.
System.ArgumentException: Can't create trickplay from 0 images.
   at Jellyfin.Server.Implementations.Trickplay.TrickplayManager.CreateTiles(IReadOnlyList`1 images, Int32 width, TrickplayOptions options, String outputDir)
   at Jellyfin.Server.Implementations.Trickplay.TrickplayManager.RefreshTrickplayDataInternal(Video video, Boolean replace, Int32 width, TrickplayOptions options, LibraryOptions libraryOptions, CancellationToken cancellationToken)
[2026-09-02 03:00:03.819 +00:00] [INF] [19] Jellyfin.Server.Implementations.Trickplay.TrickplayManager: Creating trickplay files at 320 width, for "/media/movies/Rocky Balaboa/Extras/mechanical alien.mkv" [ID: f65ca177-490a-160b-8552-ec0b8135ac98]
[2026-09-02 03:00:03.819 +00:00] [INF] [19] MediaBrowser.MediaEncoding.Encoder.MediaEncoder: Trickplay generation: "/usr/lib/jellyfin-ffmpeg/ffmpeg -loglevel error -skip_frame nokey -init_hw_device rkmpp=rk -hwaccel rkmpp -hwaccel_output_format drm_prime -noautorotate -afbc rga -i file:\"/media/movies/Rocky Balaboa/Extras/mechanical alien.mkv\" -noautoscale -an -sn -vf \"fps=0.10000000149011612,setparams=color_primaries=bt709:color_trc=bt709:colorspace=bt709,vpp_rkrga=format=bgra:afbc=1,vpp_rkrga=w=320:h=240:format=nv12\" -threads 1 -c:v mjpeg_rkmpp -qp_init:v 90 -fps_mode passthrough -f image2 \"/tmp/jellyfin/ca6946d5b76c4e5fa36cc2fb4f9ec4e7/%08d.jpg\""
[2026-09-02 03:00:03.849 +00:00] [ERR] [19] Jellyfin.Server.Implementations.Trickplay.TrickplayManager: Error creating trickplay images.
System.ArgumentException: Can't create trickplay from 0 images.
   at Jellyfin.Server.Implementations.Trickplay.TrickplayManager.CreateTiles(IReadOnlyList`1 images, Int32 width, TrickplayOptions options, String outputDir)
   at Jellyfin.Server.Implementations.Trickplay.TrickplayManager.RefreshTrickplayDataInternal(Video video, Boolean replace, Int32 width, TrickplayOptions options, LibraryOptions libraryOptions, CancellationToken cancellationToken)
[2026-09-02 03:00:03.851 +00:00] [INF] [19] Jellyfin.Server.Implementations.Trickplay.TrickplayManager: Creating trickplay files at 320 width, for "/media/movies/Oppenheimer/Extras/oppenheimer extra.mkv" [ID: 7d970543-4f8c-e934-59d1-c29e9d0b8195]
[2026-09-02 03:00:03.851 +00:00] [INF] [19] MediaBrowser.MediaEncoding.Encoder.MediaEncoder: Trickplay generation: "/usr/lib/jellyfin-ffmpeg/ffmpeg -loglevel error -skip_frame nokey -init_hw_device rkmpp=rk -hwaccel rkmpp -hwaccel_output_format drm_prime -noautorotate -afbc rga -i file:\"/media/movies/Oppenheimer/Extras/oppenheimer extra.mkv\" -noautoscale -an -sn -vf \"fps=0.10000000149011612,setparams=color_primaries=bt709:color_trc=bt709:colorspace=bt709,vpp_rkrga=format=bgra:afbc=1,vpp_rkrga=w=320:h=180:format=nv12\" -threads 1 -c:v mjpeg_rkmpp -qp_init:v 90 -fps_mode passthrough -f image2 \"/tmp/jellyfin/645ef31d718e4b29ac74aa4132c7bf3c/%08d.jpg\""
[2026-09-02 03:00:03.900 +00:00] [ERR] [19] Jellyfin.Server.Implementations.Trickplay.TrickplayManager: Error creating trickplay images.
System.ArgumentException: Can't create trickplay from 0 images.
   at Jellyfin.Server.Implementations.Trickplay.TrickplayManager.CreateTiles(IReadOnlyList`1 images, Int32 width, TrickplayOptions options, String outputDir)
   at Jellyfin.Server.Implementations.Trickplay.TrickplayManager.RefreshTrickplayDataInternal(Video video, Boolean replace, Int32 width, TrickplayOptions options, LibraryOptions libraryOptions, CancellationToken cancellationToken)
[2026-09-02 03:00:03.902 +00:00] [INF] [19] Jellyfin.Server.Implementations.Trickplay.TrickplayManager: Creating trickplay files at 320 width, for "/media/movies/Rocky Balaboa/Extras/filming the final fight.mkv" [ID: 6f0d52b9-fdc4-aee3-9839-28f9356d2001]
[2026-09-02 03:00:03.903 +00:00] [INF] [19] MediaBrowser.MediaEncoding.Encoder.MediaEncoder: Trickplay generation: "/usr/lib/jellyfin-ffmpeg/ffmpeg -loglevel error -skip_frame nokey -init_hw_device rkmpp=rk -hwaccel rkmpp -hwaccel_output_format drm_prime -noautorotate -afbc rga -i file:\"/media/movies/Rocky Balaboa/Extras/filming the final fight.mkv\" -noautoscale -an -sn -vf \"fps=0.10000000149011612,setparams=color_primaries=bt709:color_trc=bt709:colorspace=bt709,vpp_rkrga=format=bgra:afbc=1,vpp_rkrga=w=320:h=180:format=nv12\" -threads 1 -c:v mjpeg_rkmpp -qp_init:v 90 -fps_mode passthrough -f image2 \"/tmp/jellyfin/f65a7fa939f24682ad434944dc3cb4d0/%08d.jpg\""
[2026-09-02 03:00:03.962 +00:00] [ERR] [19] Jellyfin.Server.Implementations.Trickplay.TrickplayManager: Error creating trickplay images.
System.ArgumentException: Can't create trickplay from 0 images.
   at Jellyfin.Server.Implementations.Trickplay.TrickplayManager.CreateTiles(IReadOnlyList`1 images, Int32 width, TrickplayOptions options, String outputDir)
   at Jellyfin.Server.Implementations.Trickplay.TrickplayManager.RefreshTrickplayDataInternal(Video video, Boolean replace, Int32 width, TrickplayOptions options, LibraryOptions libraryOptions, CancellationToken cancellationToken)
[2026-09-02 03:00:03.964 +00:00] [INF] [19] Jellyfin.Server.Implementations.Trickplay.TrickplayManager: Creating trickplay files at 320 width, for "/media/movies/Rocky Balaboa/Extras/james cameron.mkv" [ID: 9997b66a-916f-3410-8103-2894a0130923]
[2026-09-02 03:00:03.964 +00:00] [INF] [19] MediaBrowser.MediaEncoding.Encoder.MediaEncoder: Trickplay generation: "/usr/lib/jellyfin-ffmpeg/ffmpeg -loglevel error -skip_frame nokey -init_hw_device rkmpp=rk -hwaccel rkmpp -hwaccel_output_format drm_prime -noautorotate -afbc rga -i file:\"/media/movies/Rocky Balaboa/Extras/james cameron.mkv\" -noautoscale -an -sn -vf \"fps=0.10000000149011612,setparams=color_primaries=bt709:color_trc=bt709:colorspace=bt709,vpp_rkrga=format=bgra:afbc=1,vpp_rkrga=w=320:h=240:format=nv12\" -threads 1 -c:v mjpeg_rkmpp -qp_init:v 90 -fps_mode passthrough -f image2 \"/tmp/jellyfin/df481da5f7384448b5770dd8636a2e59/%08d.jpg\""
[2026-09-02 03:00:04.001 +00:00] [ERR] [19] Jellyfin.Server.Implementations.Trickplay.TrickplayManager: Error creating trickplay images.
System.ArgumentException: Can't create trickplay from 0 images.
   at Jellyfin.Server.Implementations.Trickplay.TrickplayManager.CreateTiles(IReadOnlyList`1 images, Int32 width, TrickplayOptions options, String outputDir)
   at Jellyfin.Server.Implementations.Trickplay.TrickplayManager.RefreshTrickplayDataInternal(Video video, Boolean replace, Int32 width, TrickplayOptions options, LibraryOptions libraryOptions, CancellationToken cancellationToken)
[2026-09-02 03:00:04.005 +00:00] [INF] [19] Jellyfin.Server.Implementations.Trickplay.TrickplayManager: Creating trickplay files at 320 width, for "/media/movies/Rocky Balaboa/Extras/Virtual Champion.mkv" [ID: acd2d202-084d-540e-93f9-ec19e321de80]
[2026-09-02 03:00:04.005 +00:00] [INF] [19] MediaBrowser.MediaEncoding.Encoder.MediaEncoder: Trickplay generation: "/usr/lib/jellyfin-ffmpeg/ffmpeg -loglevel error -skip_frame nokey -init_hw_device rkmpp=rk -hwaccel rkmpp -hwaccel_output_format drm_prime -noautorotate -afbc rga -i file:\"/media/movies/Rocky Balaboa/Extras/Virtual Champion.mkv\" -noautoscale -an -sn -vf \"fps=0.10000000149011612,setparams=color_primaries=bt709:color_trc=bt709:colorspace=bt709,vpp_rkrga=format=bgra:afbc=1,vpp_rkrga=w=320:h=180:format=nv12\" -threads 1 -c:v mjpeg_rkmpp -qp_init:v 90 -fps_mode passthrough -f image2 \"/tmp/jellyfin/053741018eb04bd7b793df15eba56de1/%08d.jpg\""
[2026-09-02 03:00:04.048 +00:00] [ERR] [19] Jellyfin.Server.Implementations.Trickplay.TrickplayManager: Error creating trickplay images.
System.ArgumentException: Can't create trickplay from 0 images.
   at Jellyfin.Server.Implementations.Trickplay.TrickplayManager.CreateTiles(IReadOnlyList`1 images, Int32 width, TrickplayOptions options, String outputDir)
   at Jellyfin.Server.Implementations.Trickplay.TrickplayManager.RefreshTrickplayDataInternal(Video video, Boolean replace, Int32 width, TrickplayOptions options, LibraryOptions libraryOptions, CancellationToken cancellationToken)
[2026-09-02 03:00:04.053 +00:00] [INF] [19] Jellyfin.Server.Implementations.Trickplay.TrickplayManager: Creating trickplay files at 320 width, for "/media/movies/Westworld/Westworld.mkv" [ID: 500a4562-1fb0-297e-1102-c23155624e54]
[2026-09-02 03:00:04.054 +00:00] [INF] [19] MediaBrowser.MediaEncoding.Encoder.MediaEncoder: Trickplay generation: "/usr/lib/jellyfin-ffmpeg/ffmpeg -loglevel error -skip_frame nokey -init_hw_device rkmpp=rk -hwaccel rkmpp -hwaccel_output_format drm_prime -noautorotate -afbc rga -i file:\"/media/movies/Westworld/Westworld.mkv\" -noautoscale -an -sn -vf \"fps=0.10000000149011612,setparams=color_primaries=bt709:color_trc=bt709:colorspace=bt709,vpp_rkrga=format=bgra:afbc=1,vpp_rkrga=w=320:h=136:format=nv12\" -threads 1 -c:v mjpeg_rkmpp -qp_init:v 90 -fps_mode passthrough -f image2 \"/tmp/jellyfin/6c057c3198094b4795d4a6816be178b9/%08d.jpg\""
[2026-09-02 03:00:04.104 +00:00] [ERR] [44] Jellyfin.Server.Implementations.Trickplay.TrickplayManager: Error creating trickplay images.
System.ArgumentException: Can't create trickplay from 0 images.
   at Jellyfin.Server.Implementations.Trickplay.TrickplayManager.CreateTiles(IReadOnlyList`1 images, Int32 width, TrickplayOptions options, String outputDir)
   at Jellyfin.Server.Implementations.Trickplay.TrickplayManager.RefreshTrickplayDataInternal(Video video, Boolean replace, Int32 width, TrickplayOptions options, LibraryOptions libraryOptions, CancellationToken cancellationToken)
[2026-09-02 03:00:04.109 +00:00] [INF] [44] Jellyfin.Server.Implementations.Trickplay.TrickplayManager: Creating trickplay files at 320 width, for "/media/movies/Rocky Balaboa/Extras/fight makeup.mkv" [ID: 0ad3ec6f-a795-e7e9-f078-3d29f1d1435c]
[2026-09-02 03:00:04.109 +00:00] [INF] [44] MediaBrowser.MediaEncoding.Encoder.MediaEncoder: Trickplay generation: "/usr/lib/jellyfin-ffmpeg/ffmpeg -loglevel error -skip_frame nokey -init_hw_device rkmpp=rk -hwaccel rkmpp -hwaccel_output_format drm_prime -noautorotate -afbc rga -i file:\"/media/movies/Rocky Balaboa/Extras/fight makeup.mkv\" -noautoscale -an -sn -vf \"fps=0.10000000149011612,setparams=color_primaries=bt709:color_trc=bt709:colorspace=bt709,vpp_rkrga=format=bgra:afbc=1,vpp_rkrga=w=320:h=180:format=nv12\" -threads 1 -c:v mjpeg_rkmpp -qp_init:v 90 -fps_mode passthrough -f image2 \"/tmp/jellyfin/75737e9707c54732980ce82a750b8019/%08d.jpg\""
[2026-09-02 03:00:04.141 +00:00] [ERR] [19] Jellyfin.Server.Implementations.Trickplay.TrickplayManager: Error creating trickplay images.
System.ArgumentException: Can't create trickplay from 0 images.
   at Jellyfin.Server.Implementations.Trickplay.TrickplayManager.CreateTiles(IReadOnlyList`1 images, Int32 width, TrickplayOptions options, String outputDir)
   at Jellyfin.Server.Implementations.Trickplay.TrickplayManager.RefreshTrickplayDataInternal(Video video, Boolean replace, Int32 width, TrickplayOptions options, LibraryOptions libraryOptions, CancellationToken cancellationToken)
[2026-09-02 03:00:04.143 +00:00] [INF] [19] Jellyfin.Server.Implementations.Trickplay.TrickplayManager: Creating trickplay files at 320 width, for "/media/movies/rudy/Rudy.mkv" [ID: 4e2b719f-0336-48ee-a738-414e4ab6aa1d]
[2026-09-02 03:00:04.143 +00:00] [INF] [19] MediaBrowser.MediaEncoding.Encoder.MediaEncoder: Trickplay generation: "/usr/lib/jellyfin-ffmpeg/ffmpeg -loglevel error -skip_frame nokey -init_hw_device rkmpp=rk -hwaccel rkmpp -hwaccel_output_format drm_prime -noautorotate -afbc rga -i file:\"/media/movies/rudy/Rudy.mkv\" -noautoscale -an -sn -vf \"fps=0.10000000149011612,setparams=color_primaries=bt709:color_trc=bt709:colorspace=bt709,vpp_rkrga=format=bgra:afbc=1,vpp_rkrga=w=320:h=176:format=nv12\" -threads 1 -c:v mjpeg_rkmpp -qp_init:v 90 -fps_mode passthrough -f image2 \"/tmp/jellyfin/19192cb0c54c42d8ac8ccb3c9a26b4c6/%08d.jpg\""
[2026-09-02 03:00:04.188 +00:00] [ERR] [44] Jellyfin.Server.Implementations.Trickplay.TrickplayManager: Error creating trickplay images.
System.ArgumentException: Can't create trickplay from 0 images.
   at Jellyfin.Server.Implementations.Trickplay.TrickplayManager.CreateTiles(IReadOnlyList`1 images, Int32 width, TrickplayOptions options, String outputDir)
   at Jellyfin.Server.Implementations.Trickplay.TrickplayManager.RefreshTrickplayDataInternal(Video video, Boolean replace, Int32 width, TrickplayOptions options, LibraryOptions libraryOptions, CancellationToken cancellationToken)
[2026-09-02 03:00:04.190 +00:00] [INF] [44] Jellyfin.Server.Implementations.Trickplay.TrickplayManager: Creating trickplay files at 320 width, for "/media/movies/Scavenger Hunt/Extras/play to win.mkv" [ID: a6160368-5179-2bac-cd92-1a5e8513a5a4]
[2026-09-02 03:00:04.190 +00:00] [INF] [44] MediaBrowser.MediaEncoding.Encoder.MediaEncoder: Trickplay generation: "/usr/lib/jellyfin-ffmpeg/ffmpeg -loglevel error -skip_frame nokey -init_hw_device rkmpp=rk -hwaccel rkmpp -hwaccel_output_format drm_prime -noautorotate -afbc rga -i file:\"/media/movies/Scavenger Hunt/Extras/play to win.mkv\" -noautoscale -an -sn -vf \"fps=0.10000000149011612,setparams=color_primaries=bt709:color_trc=bt709:colorspace=bt709,vpp_rkrga=format=bgra:afbc=1,vpp_rkrga=w=320:h=172:format=nv12\" -threads 1 -c:v mjpeg_rkmpp -qp_init:v 90 -fps_mode passthrough -f image2 \"/tmp/jellyfin/8f50ab6ea80d48dbaa07b74781e5f191/%08d.jpg\""
[2026-09-02 03:00:04.233 +00:00] [ERR] [19] Jellyfin.Server.Implementations.Trickplay.TrickplayManager: Error creating trickplay images.
System.ArgumentException: Can't create trickplay from 0 images.
   at Jellyfin.Server.Implementations.Trickplay.TrickplayManager.CreateTiles(IReadOnlyList`1 images, Int32 width, TrickplayOptions options, String outputDir)
   at Jellyfin.Server.Implementations.Trickplay.TrickplayManager.RefreshTrickplayDataInternal(Video video, Boolean replace, Int32 width, TrickplayOptions options, LibraryOptions libraryOptions, CancellationToken cancellationToken)
[2026-09-02 03:00:04.235 +00:00] [INF] [19] Jellyfin.Server.Implementations.Trickplay.TrickplayManager: Creating trickplay files at 320 width, for "/media/movies/Scavenger Hunt/Extras/winner take all.mkv" [ID: 92009a5a-93d0-1c56-ee51-ea4c3cc485c2]
[2026-09-02 03:00:04.236 +00:00] [INF] [19] MediaBrowser.MediaEncoding.Encoder.MediaEncoder: Trickplay generation: "/usr/lib/jellyfin-ffmpeg/ffmpeg -loglevel error -skip_frame nokey -init_hw_device rkmpp=rk -hwaccel rkmpp -hwaccel_output_format drm_prime -noautorotate -afbc rga -i file:\"/media/movies/Scavenger Hunt/Extras/winner take all.mkv\" -noautoscale -an -sn -vf \"fps=0.10000000149011612,setparams=color_primaries=bt709:color_trc=bt709:colorspace=bt709,vpp_rkrga=format=bgra:afbc=1,vpp_rkrga=w=320:h=180:format=nv12\" -threads 1 -c:v mjpeg_rkmpp -qp_init:v 90 -fps_mode passthrough -f image2 \"/tmp/jellyfin/7965eee064ea43f18e73f832e0a25e02/%08d.jpg\""
[2026-09-02 03:00:04.281 +00:00] [ERR] [44] Jellyfin.Server.Implementations.Trickplay.TrickplayManager: Error creating trickplay images.
System.ArgumentException: Can't create trickplay from 0 images.
   at Jellyfin.Server.Implementations.Trickplay.TrickplayManager.CreateTiles(IReadOnlyList`1 images, Int32 width, TrickplayOptions options, String outputDir)
   at Jellyfin.Server.Implementations.Trickplay.TrickplayManager.RefreshTrickplayDataInternal(Video video, Boolean replace, Int32 width, TrickplayOptions options, LibraryOptions libraryOptions, CancellationToken cancellationToken)
[2026-09-02 03:00:04.282 +00:00] [INF] [44] Jellyfin.Server.Implementations.Trickplay.TrickplayManager: Creating trickplay files at 320 width, for "/media/movies/Lincoln/Extras/james cameron.mkv" [ID: 67f5ca02-d371-0003-e084-816f5b57bbc2]
[2026-09-02 03:00:04.283 +00:00] [INF] [44] MediaBrowser.MediaEncoding.Encoder.MediaEncoder: Trickplay generation: "/usr/lib/jellyfin-ffmpeg/ffmpeg -loglevel error -skip_frame nokey -init_hw_device rkmpp=rk -hwaccel rkmpp -hwaccel_output_format drm_prime -noautorotate -afbc rga -i file:\"/media/movies/Lincoln/Extras/james cameron.mkv\" -noautoscale -an -sn -vf \"fps=0.10000000149011612,setparams=color_primaries=bt709:color_trc=bt709:colorspace=bt709,vpp_rkrga=format=bgra:afbc=1,vpp_rkrga=w=320:h=240:format=nv12\" -threads 1 -c:v mjpeg_rkmpp -qp_init:v 90 -fps_mode passthrough -f image2 \"/tmp/jellyfin/b61d0eb6d6f54daf90efc1de159ed9f8/%08d.jpg\""
[2026-09-02 03:00:04.313 +00:00] [ERR] [19] Jellyfin.Server.Implementations.Trickplay.TrickplayManager: Error creating trickplay images.
System.ArgumentException: Can't create trickplay from 0 images.
   at Jellyfin.Server.Implementations.Trickplay.TrickplayManager.CreateTiles(IReadOnlyList`1 images, Int32 width, TrickplayOptions options, String outputDir)
   at Jellyfin.Server.Implementations.Trickplay.TrickplayManager.RefreshTrickplayDataInternal(Video video, Boolean replace, Int32 width, TrickplayOptions options, LibraryOptions libraryOptions, CancellationToken cancellationToken)
[2026-09-02 03:00:04.315 +00:00] [INF] [19] Jellyfin.Server.Implementations.Trickplay.TrickplayManager: Creating trickplay files at 320 width, for "/media/movies/Lincoln/Extras/Journy to Lincoln.mkv" [ID: 280f61b6-fc1c-09e2-1f01-47f7eb9bc679]
[2026-09-02 03:00:04.315 +00:00] [INF] [19] MediaBrowser.MediaEncoding.Encoder.MediaEncoder: Trickplay generation: "/usr/lib/jellyfin-ffmpeg/ffmpeg -loglevel error -skip_frame nokey -init_hw_device rkmpp=rk -hwaccel rkmpp -hwaccel_output_format drm_prime -noautorotate -afbc rga -i file:\"/media/movies/Lincoln/Extras/Journy to Lincoln.mkv\" -noautoscale -an -sn -vf \"fps=0.10000000149011612,setparams=color_primaries=bt709:color_trc=bt709:colorspace=bt709,vpp_rkrga=format=bgra:afbc=1,vpp_rkrga=w=320:h=180:format=nv12\" -threads 1 -c:v mjpeg_rkmpp -qp_init:v 90 -fps_mode passthrough -f image2 \"/tmp/jellyfin/905fd636569d409fb32767c23d1451b3/%08d.jpg\""
[2026-09-02 03:00:04.367 +00:00] [ERR] [19] Jellyfin.Server.Implementations.Trickplay.TrickplayManager: Error creating trickplay images.
System.ArgumentException: Can't create trickplay from 0 images.
   at Jellyfin.Server.Implementations.Trickplay.TrickplayManager.CreateTiles(IReadOnlyList`1 images, Int32 width, TrickplayOptions options, String outputDir)
   at Jellyfin.Server.Implementations.Trickplay.TrickplayManager.RefreshTrickplayDataInternal(Video video, Boolean replace, Int32 width, TrickplayOptions options, LibraryOptions libraryOptions, CancellationToken cancellationToken)
[2026-09-02 03:00:04.369 +00:00] [INF] [19] Jellyfin.Server.Implementations.Trickplay.TrickplayManager: Creating trickplay files at 320 width, for "/media/movies/Lincoln/Extras/mechanical alien.mkv" [ID: b3c02141-c3ab-d62b-614d-8b8ad1bfe6e1]
[2026-09-02 03:00:04.369 +00:00] [INF] [19] MediaBrowser.MediaEncoding.Encoder.MediaEncoder: Trickplay generation: "/usr/lib/jellyfin-ffmpeg/ffmpeg -loglevel error -skip_frame nokey -init_hw_device rkmpp=rk -hwaccel rkmpp -hwaccel_output_format drm_prime -noautorotate -afbc rga -i file:\"/media/movies/Lincoln/Extras/mechanical alien.mkv\" -noautoscale -an -sn -vf \"fps=0.10000000149011612,setparams=color_primaries=bt709:color_trc=bt709:colorspace=bt709,vpp_rkrga=format=bgra:afbc=1,vpp_rkrga=w=320:h=240:format=nv12\" -threads 1 -c:v mjpeg_rkmpp -qp_init:v 90 -fps_mode passthrough -f image2 \"/tmp/jellyfin/f1cb7b6de15e4126860c78dcdd036120/%08d.jpg\""
[2026-09-02 03:00:04.416 +00:00] [ERR] [43] Jellyfin.Server.Implementations.Trickplay.TrickplayManager: Error creating trickplay images.
System.ArgumentException: Can't create trickplay from 0 images.
   at Jellyfin.Server.Implementations.Trickplay.TrickplayManager.CreateTiles(IReadOnlyList`1 images, Int32 width, TrickplayOptions options, String outputDir)
   at Jellyfin.Server.Implementations.Trickplay.TrickplayManager.RefreshTrickplayDataInternal(Video video, Boolean replace, Int32 width, TrickplayOptions options, LibraryOptions libraryOptions, CancellationToken cancellationToken)
[2026-09-02 03:00:04.417 +00:00] [INF] [43] Jellyfin.Server.Implementations.Trickplay.TrickplayManager: Creating trickplay files at 320 width, for "/media/movies/the Imitation Game/the Imitation Game.mkv" [ID: ee6c17ef-1a9f-9f0c-8f54-299ff7e3ad67]
[2026-09-02 03:00:04.418 +00:00] [INF] [43] MediaBrowser.MediaEncoding.Encoder.MediaEncoder: Trickplay generation: "/usr/lib/jellyfin-ffmpeg/ffmpeg -loglevel error -skip_frame nokey -init_hw_device rkmpp=rk -hwaccel rkmpp -hwaccel_output_format drm_prime -noautorotate -afbc rga -i file:\"/media/movies/the Imitation Game/the Imitation Game.mkv\" -noautoscale -an -sn -vf \"fps=0.10000000149011612,setparams=color_primaries=bt709:color_trc=bt709:colorspace=bt709,vpp_rkrga=format=bgra:afbc=1,vpp_rkrga=w=320:h=136:format=nv12\" -threads 1 -c:v mjpeg_rkmpp -qp_init:v 90 -fps_mode passthrough -f image2 \"/tmp/jellyfin/7df7de09b383495ab9a4b4b96468ad7e/%08d.jpg\""
[2026-09-02 03:00:04.484 +00:00] [ERR] [19] Jellyfin.Server.Implementations.Trickplay.TrickplayManager: Error creating trickplay images.
System.ArgumentException: Can't create trickplay from 0 images.
   at Jellyfin.Server.Implementations.Trickplay.TrickplayManager.CreateTiles(IReadOnlyList`1 images, Int32 width, TrickplayOptions options, String outputDir)
   at Jellyfin.Server.Implementations.Trickplay.TrickplayManager.RefreshTrickplayDataInternal(Video video, Boolean replace, Int32 width, TrickplayOptions options, LibraryOptions libraryOptions, CancellationToken cancellationToken)
[2026-09-02 03:00:04.489 +00:00] [INF] [19] Jellyfin.Server.Implementations.Trickplay.TrickplayManager: Creating trickplay files at 320 width, for "/media/movies/Terminator 2/Terminator 2.mkv" [ID: f43c439d-25e8-7846-d345-8e84fdecd8d6]
[2026-09-02 03:00:04.490 +00:00] [INF] [19] MediaBrowser.MediaEncoding.Encoder.MediaEncoder: Trickplay generation: "/usr/lib/jellyfin-ffmpeg/ffmpeg -loglevel error -skip_frame nokey -init_hw_device rkmpp=rk -hwaccel rkmpp -hwaccel_output_format drm_prime -noautorotate -afbc rga -i file:\"/media/movies/Terminator 2/Terminator 2.mkv\" -noautoscale -an -sn -vf \"fps=0.10000000149011612,setparams=color_primaries=bt709:color_trc=bt709:colorspace=bt709,vpp_rkrga=format=bgra:afbc=1,vpp_rkrga=w=320:h=136:format=nv12\" -threads 1 -c:v mjpeg_rkmpp -qp_init:v 90 -fps_mode passthrough -f image2 \"/tmp/jellyfin/68e20a61a87642d3823f52eab400f91b/%08d.jpg\""
[2026-09-02 03:00:04.541 +00:00] [ERR] [19] Jellyfin.Server.Implementations.Trickplay.TrickplayManager: Error creating trickplay images.
System.ArgumentException: Can't create trickplay from 0 images.
   at Jellyfin.Server.Implementations.Trickplay.TrickplayManager.CreateTiles(IReadOnlyList`1 images, Int32 width, TrickplayOptions options, String outputDir)
   at Jellyfin.Server.Implementations.Trickplay.TrickplayManager.RefreshTrickplayDataInternal(Video video, Boolean replace, Int32 width, TrickplayOptions options, LibraryOptions libraryOptions, CancellationToken cancellationToken)
[2026-09-02 03:00:04.546 +00:00] [INF] [19] Jellyfin.Server.Implementations.Trickplay.TrickplayManager: Creating trickplay files at 320 width, for "/media/movies/Aliens/Aliens.mkv" [ID: 1926c303-d463-78f6-f1e2-8a97132c87c1]
[2026-09-02 03:00:04.547 +00:00] [INF] [19] MediaBrowser.MediaEncoding.Encoder.MediaEncoder: Trickplay generation: "/usr/lib/jellyfin-ffmpeg/ffmpeg -loglevel error -skip_frame nokey -init_hw_device rkmpp=rk -hwaccel rkmpp -hwaccel_output_format drm_prime -noautorotate -afbc rga -i file:\"/media/movies/Aliens/Aliens.mkv\" -noautoscale -an -sn -vf \"fps=0.10000000149011612,setparams=color_primaries=bt709:color_trc=bt709:colorspace=bt709,vpp_rkrga=format=bgra:afbc=1,vpp_rkrga=w=320:h=172:format=nv12\" -threads 1 -c:v mjpeg_rkmpp -qp_init:v 90 -fps_mode passthrough -f image2 \"/tmp/jellyfin/3943f7d46c524d19802dc04e75029bf9/%08d.jpg\""
[2026-09-02 03:00:04.588 +00:00] [ERR] [19] Jellyfin.Server.Implementations.Trickplay.TrickplayManager: Error creating trickplay images.
System.ArgumentException: Can't create trickplay from 0 images.
   at Jellyfin.Server.Implementations.Trickplay.TrickplayManager.CreateTiles(IReadOnlyList`1 images, Int32 width, TrickplayOptions options, String outputDir)
   at Jellyfin.Server.Implementations.Trickplay.TrickplayManager.RefreshTrickplayDataInternal(Video video, Boolean replace, Int32 width, TrickplayOptions options, LibraryOptions libraryOptions, CancellationToken cancellationToken)
[2026-09-02 03:00:04.590 +00:00] [INF] [19] Jellyfin.Server.Implementations.Trickplay.TrickplayManager: Creating trickplay files at 320 width, for "/media/movies/being there/Extras/Extra-2.mkv" [ID: bc4b7676-7456-2f00-aa84-3cfcef93e032]
[2026-09-02 03:00:04.590 +00:00] [INF] [19] MediaBrowser.MediaEncoding.Encoder.MediaEncoder: Trickplay generation: "/usr/lib/jellyfin-ffmpeg/ffmpeg -loglevel error -skip_frame nokey -init_hw_device rkmpp=rk -hwaccel rkmpp -hwaccel_output_format drm_prime -noautorotate -afbc rga -i file:\"/media/movies/being there/Extras/Extra-2.mkv\" -noautoscale -an -sn -vf \"fps=0.10000000149011612,setparams=color_primaries=bt709:color_trc=bt709:colorspace=bt709,vpp_rkrga=format=bgra:afbc=1,vpp_rkrga=w=320:h=240:format=nv12\" -threads 1 -c:v mjpeg_rkmpp -qp_init:v 90 -fps_mode passthrough -f image2 \"/tmp/jellyfin/7105bd8d4657430e9219da5c8286f4fb/%08d.jpg\""
[2026-09-02 03:00:04.620 +00:00] [ERR] [19] Jellyfin.Server.Implementations.Trickplay.TrickplayManager: Error creating trickplay images.
System.ArgumentException: Can't create trickplay from 0 images.
   at Jellyfin.Server.Implementations.Trickplay.TrickplayManager.CreateTiles(IReadOnlyList`1 images, Int32 width, TrickplayOptions options, String outputDir)
   at Jellyfin.Server.Implementations.Trickplay.TrickplayManager.RefreshTrickplayDataInternal(Video video, Boolean replace, Int32 width, TrickplayOptions options, LibraryOptions libraryOptions, CancellationToken cancellationToken)
[2026-09-02 03:00:04.621 +00:00] [INF] [19] Jellyfin.Server.Implementations.Trickplay.TrickplayManager: Creating trickplay files at 320 width, for "/media/movies/being there/Extras/Extra-4.mkv" [ID: 4bd83c8a-d714-e37d-f744-dcc0becc2505]
[2026-09-02 03:00:04.622 +00:00] [INF] [19] MediaBrowser.MediaEncoding.Encoder.MediaEncoder: Trickplay generation: "/usr/lib/jellyfin-ffmpeg/ffmpeg -loglevel error -skip_frame nokey -init_hw_device rkmpp=rk -hwaccel rkmpp -hwaccel_output_format drm_prime -noautorotate -afbc rga -i file:\"/media/movies/being there/Extras/Extra-4.mkv\" -noautoscale -an -sn -vf \"fps=0.10000000149011612,setparams=color_primaries=bt709:color_trc=bt709:colorspace=bt709,vpp_rkrga=format=bgra:afbc=1,vpp_rkrga=w=320:h=240:format=nv12\" -threads 1 -c:v mjpeg_rkmpp -qp_init:v 90 -fps_mode passthrough -f image2 \"/tmp/jellyfin/13eec549b962477eb0b5e11099039fd1/%08d.jpg\""
[2026-09-02 03:00:04.670 +00:00] [ERR] [43] Jellyfin.Server.Implementations.Trickplay.TrickplayManager: Error creating trickplay images.
System.ArgumentException: Can't create trickplay from 0 images.
   at Jellyfin.Server.Implementations.Trickplay.TrickplayManager.CreateTiles(IReadOnlyList`1 images, Int32 width, TrickplayOptions options, String outputDir)
   at Jellyfin.Server.Implementations.Trickplay.TrickplayManager.RefreshTrickplayDataInternal(Video video, Boolean replace, Int32 width, TrickplayOptions options, LibraryOptions libraryOptions, CancellationToken cancellationToken)
[2026-09-02 03:00:04.672 +00:00] [INF] [43] Jellyfin.Server.Implementations.Trickplay.TrickplayManager: Creating trickplay files at 320 width, for "/media/movies/being there/Extras/Extra-5.mkv" [ID: 2d41c7f4-3403-ff1c-d427-0b3cab0d315b]
[2026-09-02 03:00:04.673 +00:00] [INF] [43] MediaBrowser.MediaEncoding.Encoder.MediaEncoder: Trickplay generation: "/usr/lib/jellyfin-ffmpeg/ffmpeg -loglevel error -skip_frame nokey -init_hw_device rkmpp=rk -hwaccel rkmpp -hwaccel_output_format drm_prime -noautorotate -afbc rga -i file:\"/media/movies/being there/Extras/Extra-5.mkv\" -noautoscale -an -sn -vf \"fps=0.10000000149011612,setparams=color_primaries=bt709:color_trc=bt709:colorspace=bt709,vpp_rkrga=format=bgra:afbc=1,vpp_rkrga=w=320:h=180:format=nv12\" -threads 1 -c:v mjpeg_rkmpp -qp_init:v 90 -fps_mode passthrough -f image2 \"/tmp/jellyfin/ed7c9b2596204b9a8c079ac0c94d2c06/%08d.jpg\""
[2026-09-02 03:00:04.705 +00:00] [ERR] [19] Jellyfin.Server.Implementations.Trickplay.TrickplayManager: Error creating trickplay images.
System.ArgumentException: Can't create trickplay from 0 images.
   at Jellyfin.Server.Implementations.Trickplay.TrickplayManager.CreateTiles(IReadOnlyList`1 images, Int32 width, TrickplayOptions options, String outputDir)
   at Jellyfin.Server.Implementations.Trickplay.TrickplayManager.RefreshTrickplayDataInternal(Video video, Boolean replace, Int32 width, TrickplayOptions options, LibraryOptions libraryOptions, CancellationToken cancellationToken)
[2026-09-02 03:00:04.709 +00:00] [INF] [19] Jellyfin.Server.Implementations.Trickplay.TrickplayManager: Creating trickplay files at 320 width, for "/media/movies/being there/Extras/james cameron.mkv" [ID: 6c00b8f5-e822-28fb-dc55-e271b2da68bd]
[2026-09-02 03:00:04.710 +00:00] [INF] [19] MediaBrowser.MediaEncoding.Encoder.MediaEncoder: Trickplay generation: "/usr/lib/jellyfin-ffmpeg/ffmpeg -loglevel error -skip_frame nokey -init_hw_device rkmpp=rk -hwaccel rkmpp -hwaccel_output_format drm_prime -noautorotate -afbc rga -i file:\"/media/movies/being there/Extras/james cameron.mkv\" -noautoscale -an -sn -vf \"fps=0.10000000149011612,setparams=color_primaries=bt709:color_trc=bt709:colorspace=bt709,vpp_rkrga=format=bgra:afbc=1,vpp_rkrga=w=320:h=240:format=nv12\" -threads 1 -c:v mjpeg_rkmpp -qp_init:v 90 -fps_mode passthrough -f image2 \"/tmp/jellyfin/325405c027ef48ff864d9d33af9804ff/%08d.jpg\""
[2026-09-02 03:00:04.772 +00:00] [ERR] [43] Jellyfin.Server.Implementations.Trickplay.TrickplayManager: Error creating trickplay images.
System.ArgumentException: Can't create trickplay from 0 images.
   at Jellyfin.Server.Implementations.Trickplay.TrickplayManager.CreateTiles(IReadOnlyList`1 images, Int32 width, TrickplayOptions options, String outputDir)
   at Jellyfin.Server.Implementations.Trickplay.TrickplayManager.RefreshTrickplayDataInternal(Video video, Boolean replace, Int32 width, TrickplayOptions options, LibraryOptions libraryOptions, CancellationToken cancellationToken)
[2026-09-02 03:00:04.776 +00:00] [INF] [43] Jellyfin.Server.Implementations.Trickplay.TrickplayManager: Creating trickplay files at 320 width, for "/media/movies/being there/Extras/mechanical alien.mkv" [ID: 5dde1132-58fe-52b2-287b-43e1ff9ed8b5]
[2026-09-02 03:00:04.777 +00:00] [INF] [43] MediaBrowser.MediaEncoding.Encoder.MediaEncoder: Trickplay generation: "/usr/lib/jellyfin-ffmpeg/ffmpeg -loglevel error -skip_frame nokey -init_hw_device rkmpp=rk -hwaccel rkmpp -hwaccel_output_format drm_prime -noautorotate -afbc rga -i file:\"/media/movies/being there/Extras/mechanical alien.mkv\" -noautoscale -an -sn -vf \"fps=0.10000000149011612,setparams=color_primaries=bt709:color_trc=bt709:colorspace=bt709,vpp_rkrga=format=bgra:afbc=1,vpp_rkrga=w=320:h=240:format=nv12\" -threads 1 -c:v mjpeg_rkmpp -qp_init:v 90 -fps_mode passthrough -f image2 \"/tmp/jellyfin/fc2fc85086a946dbb1ee6c32f362f014/%08d.jpg\""
[2026-09-02 03:00:04.825 +00:00] [ERR] [43] Jellyfin.Server.Implementations.Trickplay.TrickplayManager: Error creating trickplay images.
System.ArgumentException: Can't create trickplay from 0 images.
   at Jellyfin.Server.Implementations.Trickplay.TrickplayManager.CreateTiles(IReadOnlyList`1 images, Int32 width, TrickplayOptions options, String outputDir)
   at Jellyfin.Server.Implementations.Trickplay.TrickplayManager.RefreshTrickplayDataInternal(Video video, Boolean replace, Int32 width, TrickplayOptions options, LibraryOptions libraryOptions, CancellationToken cancellationToken)
[2026-09-02 03:00:04.826 +00:00] [INF] [43] Jellyfin.Server.Implementations.Trickplay.TrickplayManager: Creating trickplay files at 320 width, for "/media/movies/being there/Extras/Extra-7.mkv" [ID: 7d68a657-aadc-c659-67f9-cbdcce27c6e2]
[2026-09-02 03:00:04.827 +00:00] [INF] [43] MediaBrowser.MediaEncoding.Encoder.MediaEncoder: Trickplay generation: "/usr/lib/jellyfin-ffmpeg/ffmpeg -loglevel error -skip_frame nokey -init_hw_device rkmpp=rk -hwaccel rkmpp -hwaccel_output_format drm_prime -noautorotate -afbc rga -i file:\"/media/movies/being there/Extras/Extra-7.mkv\" -noautoscale -an -sn -vf \"fps=0.10000000149011612,setparams=color_primaries=bt709:color_trc=bt709:colorspace=bt709,vpp_rkrga=format=bgra:afbc=1,vpp_rkrga=w=320:h=180:format=nv12\" -threads 1 -c:v mjpeg_rkmpp -qp_init:v 90 -fps_mode passthrough -f image2 \"/tmp/jellyfin/a45eedd692db408494e7fbeed125b2f9/%08d.jpg\""
[2026-09-02 03:00:04.874 +00:00] [ERR] [19] Jellyfin.Server.Implementations.Trickplay.TrickplayManager: Error creating trickplay images.
System.ArgumentException: Can't create trickplay from 0 images.
   at Jellyfin.Server.Implementations.Trickplay.TrickplayManager.CreateTiles(IReadOnlyList`1 images, Int32 width, TrickplayOptions options, String outputDir)
   at Jellyfin.Server.Implementations.Trickplay.TrickplayManager.RefreshTrickplayDataInternal(Video video, Boolean replace, Int32 width, TrickplayOptions options, LibraryOptions libraryOptions, CancellationToken cancellationToken)
[2026-09-02 03:00:04.878 +00:00] [INF] [19] Jellyfin.Server.Implementations.Trickplay.TrickplayManager: Creating trickplay files at 320 width, for "/media/movies/being there/Extras/Extra-6.mkv" [ID: b7e3fd04-cc34-9847-ecdc-7a392e00c002]
[2026-09-02 03:00:04.879 +00:00] [INF] [19] MediaBrowser.MediaEncoding.Encoder.MediaEncoder: Trickplay generation: "/usr/lib/jellyfin-ffmpeg/ffmpeg -loglevel error -skip_frame nokey -init_hw_device rkmpp=rk -hwaccel rkmpp -hwaccel_output_format drm_prime -noautorotate -afbc rga -i file:\"/media/movies/being there/Extras/Extra-6.mkv\" -noautoscale -an -sn -vf \"fps=0.10000000149011612,setparams=color_primaries=bt709:color_trc=bt709:colorspace=bt709,vpp_rkrga=format=bgra:afbc=1,vpp_rkrga=w=320:h=180:format=nv12\" -threads 1 -c:v mjpeg_rkmpp -qp_init:v 90 -fps_mode passthrough -f image2 \"/tmp/jellyfin/9473ab8b912142dcb0081595266f8e84/%08d.jpg\""
[2026-09-02 03:00:04.911 +00:00] [ERR] [43] Jellyfin.Server.Implementations.Trickplay.TrickplayManager: Error creating trickplay images.
System.ArgumentException: Can't create trickplay from 0 images.
   at Jellyfin.Server.Implementations.Trickplay.TrickplayManager.CreateTiles(IReadOnlyList`1 images, Int32 width, TrickplayOptions options, String outputDir)
   at Jellyfin.Server.Implementations.Trickplay.TrickplayManager.RefreshTrickplayDataInternal(Video video, Boolean replace, Int32 width, TrickplayOptions options, LibraryOptions libraryOptions, CancellationToken cancellationToken)
[2026-09-02 03:00:04.913 +00:00] [INF] [43] Jellyfin.Server.Implementations.Trickplay.TrickplayManager: Creating trickplay files at 320 width, for "/media/movies/being there/Extras/Extra-1.mkv" [ID: e23ec30d-4619-57a1-a304-58b021bf86ee]
[2026-09-02 03:00:04.913 +00:00] [INF] [43] MediaBrowser.MediaEncoding.Encoder.MediaEncoder: Trickplay generation: "/usr/lib/jellyfin-ffmpeg/ffmpeg -loglevel error -skip_frame nokey -init_hw_device rkmpp=rk -hwaccel rkmpp -hwaccel_output_format drm_prime -noautorotate -afbc rga -i file:\"/media/movies/being there/Extras/Extra-1.mkv\" -noautoscale -an -sn -vf \"fps=0.10000000149011612,setparams=color_primaries=bt709:color_trc=bt709:colorspace=bt709,vpp_rkrga=format=bgra:afbc=1,vpp_rkrga=w=320:h=180:format=nv12\" -threads 1 -c:v mjpeg_rkmpp -qp_init:v 90 -fps_mode passthrough -f image2 \"/tmp/jellyfin/b2118cf0a2ea4a9d822c0b983b9c31bd/%08d.jpg\""
[2026-09-02 03:00:04.961 +00:00] [ERR] [19] Jellyfin.Server.Implementations.Trickplay.TrickplayManager: Error creating trickplay images.
System.ArgumentException: Can't create trickplay from 0 images.
   at Jellyfin.Server.Implementations.Trickplay.TrickplayManager.CreateTiles(IReadOnlyList`1 images, Int32 width, TrickplayOptions options, String outputDir)
   at Jellyfin.Server.Implementations.Trickplay.TrickplayManager.RefreshTrickplayDataInternal(Video video, Boolean replace, Int32 width, TrickplayOptions options, LibraryOptions libraryOptions, CancellationToken cancellationToken)
[2026-09-02 03:00:04.965 +00:00] [INF] [19] Jellyfin.Server.Implementations.Trickplay.TrickplayManager: Creating trickplay files at 320 width, for "/media/movies/being there/Extras/Extra-3.mkv" [ID: e48e715f-0c82-e2d7-0b4f-2106e169cc58]
[2026-09-02 03:00:04.965 +00:00] [INF] [19] MediaBrowser.MediaEncoding.Encoder.MediaEncoder: Trickplay generation: "/usr/lib/jellyfin-ffmpeg/ffmpeg -loglevel error -skip_frame nokey -init_hw_device rkmpp=rk -hwaccel rkmpp -hwaccel_output_format drm_prime -noautorotate -afbc rga -i file:\"/media/movies/being there/Extras/Extra-3.mkv\" -noautoscale -an -sn -vf \"fps=0.10000000149011612,setparams=color_primaries=bt709:color_trc=bt709:colorspace=bt709,vpp_rkrga=format=bgra:afbc=1,vpp_rkrga=w=320:h=240:format=nv12\" -threads 1 -c:v mjpeg_rkmpp -qp_init:v 90 -fps_mode passthrough -f image2 \"/tmp/jellyfin/27b38d91a5604d259d47a6e0bcc9045b/%08d.jpg\""
[2026-09-02 03:00:05.011 +00:00] [ERR] [43] Jellyfin.Server.Implementations.Trickplay.TrickplayManager: Error creating trickplay images.
System.ArgumentException: Can't create trickplay from 0 images.
   at Jellyfin.Server.Implementations.Trickplay.TrickplayManager.CreateTiles(IReadOnlyList`1 images, Int32 width, TrickplayOptions options, String outputDir)
   at Jellyfin.Server.Implementations.Trickplay.TrickplayManager.RefreshTrickplayDataInternal(Video video, Boolean replace, Int32 width, TrickplayOptions options, LibraryOptions libraryOptions, CancellationToken cancellationToken)
[2026-09-02 03:00:05.013 +00:00] [INF] [43] Jellyfin.Server.Implementations.Trickplay.TrickplayManager: Creating trickplay files at 320 width, for "/media/movies/Scavenger Hunt/scavenger hunt.mkv" [ID: 003112db-79dd-a161-7fc8-7ea8f92fc060]
[2026-09-02 03:00:05.014 +00:00] [INF] [43] MediaBrowser.MediaEncoding.Encoder.MediaEncoder: Trickplay generation: "/usr/lib/jellyfin-ffmpeg/ffmpeg -loglevel error -skip_frame nokey -init_hw_device rkmpp=rk -hwaccel rkmpp -hwaccel_output_format drm_prime -noautorotate -afbc rga -i file:\"/media/movies/Scavenger Hunt/scavenger hunt.mkv\" -noautoscale -an -sn -vf \"fps=0.10000000149011612,setparams=color_primaries=bt709:color_trc=bt709:colorspace=bt709,vpp_rkrga=format=bgra:afbc=1,vpp_rkrga=w=320:h=172:format=nv12\" -threads 1 -c:v mjpeg_rkmpp -qp_init:v 90 -fps_mode passthrough -f image2 \"/tmp/jellyfin/420dae226d714830a92779456d4c9951/%08d.jpg\""
[2026-09-02 03:00:05.104 +00:00] [ERR] [43] Jellyfin.Server.Implementations.Trickplay.TrickplayManager: Error creating trickplay images.
System.ArgumentException: Can't create trickplay from 0 images.
   at Jellyfin.Server.Implementations.Trickplay.TrickplayManager.CreateTiles(IReadOnlyList`1 images, Int32 width, TrickplayOptions options, String outputDir)
   at Jellyfin.Server.Implementations.Trickplay.TrickplayManager.RefreshTrickplayDataInternal(Video video, Boolean replace, Int32 width, TrickplayOptions options, LibraryOptions libraryOptions, CancellationToken cancellationToken)
[2026-09-02 03:00:05.110 +00:00] [INF] [43] Jellyfin.Server.Implementations.Trickplay.TrickplayManager: Creating trickplay files at 320 width, for "/media/movies/Rocky Balaboa/Rocky Balboa.mkv" [ID: 6db0264e-7261-bf7d-e27f-accc713853b7]
[2026-09-02 03:00:05.114 +00:00] [INF] [43] MediaBrowser.MediaEncoding.Encoder.MediaEncoder: Trickplay generation: "/usr/lib/jellyfin-ffmpeg/ffmpeg -loglevel error -skip_frame nokey -init_hw_device rkmpp=rk -hwaccel rkmpp -hwaccel_output_format drm_prime -noautorotate -afbc rga -i file:\"/media/movies/Rocky Balaboa/Rocky Balboa.mkv\" -noautoscale -an -sn -vf \"fps=0.10000000149011612,setparams=color_primaries=bt709:color_trc=bt709:colorspace=bt709,vpp_rkrga=format=bgra:afbc=1,vpp_rkrga=w=320:h=172:format=nv12\" -threads 1 -c:v mjpeg_rkmpp -qp_init:v 90 -fps_mode passthrough -f image2 \"/tmp/jellyfin/b30217f64d454e5783d61fdafd117afc/%08d.jpg\""
[2026-09-02 03:00:05.150 +00:00] [ERR] [19] Jellyfin.Server.Implementations.Trickplay.TrickplayManager: Error creating trickplay images.
System.ArgumentException: Can't create trickplay from 0 images.
   at Jellyfin.Server.Implementations.Trickplay.TrickplayManager.CreateTiles(IReadOnlyList`1 images, Int32 width, TrickplayOptions options, String outputDir)
   at Jellyfin.Server.Implementations.Trickplay.TrickplayManager.RefreshTrickplayDataInternal(Video video, Boolean replace, Int32 width, TrickplayOptions options, LibraryOptions libraryOptions, CancellationToken cancellationToken)
[2026-09-02 03:00:05.157 +00:00] [INF] [19] Jellyfin.Server.Implementations.Trickplay.TrickplayManager: Creating trickplay files at 320 width, for "/media/movies/Oppenheimer/Oppenheimer.mkv" [ID: 456c2813-8fd7-4d18-a14c-ca162bb8f1c1]
[2026-09-02 03:00:05.158 +00:00] [INF] [19] MediaBrowser.MediaEncoding.Encoder.MediaEncoder: Trickplay generation: "/usr/lib/jellyfin-ffmpeg/ffmpeg -loglevel error -skip_frame nokey -init_hw_device rkmpp=rk -hwaccel rkmpp -hwaccel_output_format drm_prime -noautorotate -afbc rga -i file:\"/media/movies/Oppenheimer/Oppenheimer.mkv\" -noautoscale -an -sn -vf \"fps=0.10000000149011612,setparams=color_primaries=bt709:color_trc=bt709:colorspace=bt709,vpp_rkrga=format=bgra:afbc=1,vpp_rkrga=w=320:h=144:format=nv12\" -threads 1 -c:v mjpeg_rkmpp -qp_init:v 90 -fps_mode passthrough -f image2 \"/tmp/jellyfin/18a2d00fd4c249f69e58a8d44484b309/%08d.jpg\""
[2026-09-02 03:00:05.201 +00:00] [ERR] [43] Jellyfin.Server.Implementations.Trickplay.TrickplayManager: Error creating trickplay images.
System.ArgumentException: Can't create trickplay from 0 images.
   at Jellyfin.Server.Implementations.Trickplay.TrickplayManager.CreateTiles(IReadOnlyList`1 images, Int32 width, TrickplayOptions options, String outputDir)
   at Jellyfin.Server.Implementations.Trickplay.TrickplayManager.RefreshTrickplayDataInternal(Video video, Boolean replace, Int32 width, TrickplayOptions options, LibraryOptions libraryOptions, CancellationToken cancellationToken)
[2026-09-02 03:00:05.203 +00:00] [INF] [43] Jellyfin.Server.Implementations.Trickplay.TrickplayManager: Creating trickplay files at 320 width, for "/media/movies/Lincoln/Lincoln.mkv" [ID: c20d13f3-c5a3-92a0-bc99-2819d4a933bd]
[2026-09-02 03:00:05.203 +00:00] [INF] [43] MediaBrowser.MediaEncoding.Encoder.MediaEncoder: Trickplay generation: "/usr/lib/jellyfin-ffmpeg/ffmpeg -loglevel error -skip_frame nokey -init_hw_device rkmpp=rk -hwaccel rkmpp -hwaccel_output_format drm_prime -noautorotate -afbc rga -i file:\"/media/movies/Lincoln/Lincoln.mkv\" -noautoscale -an -sn -vf \"fps=0.10000000149011612,setparams=color_primaries=bt709:color_trc=bt709:colorspace=bt709,vpp_rkrga=format=bgra:afbc=1,vpp_rkrga=w=320:h=136:format=nv12\" -threads 1 -c:v mjpeg_rkmpp -qp_init:v 90 -fps_mode passthrough -f image2 \"/tmp/jellyfin/7f29ce13191547b0b7274fea848a4736/%08d.jpg\""
[2026-09-02 03:00:05.250 +00:00] [ERR] [43] Jellyfin.Server.Implementations.Trickplay.TrickplayManager: Error creating trickplay images.
System.ArgumentException: Can't create trickplay from 0 images.
   at Jellyfin.Server.Implementations.Trickplay.TrickplayManager.CreateTiles(IReadOnlyList`1 images, Int32 width, TrickplayOptions options, String outputDir)
   at Jellyfin.Server.Implementations.Trickplay.TrickplayManager.RefreshTrickplayDataInternal(Video video, Boolean replace, Int32 width, TrickplayOptions options, LibraryOptions libraryOptions, CancellationToken cancellationToken)
[2026-09-02 03:00:05.252 +00:00] [INF] [43] Jellyfin.Server.Implementations.Trickplay.TrickplayManager: Creating trickplay files at 320 width, for "/media/movies/being there/Being There.mkv" [ID: d7d00764-a50d-bf84-9aea-c58266d4e38e]
[2026-09-02 03:00:05.252 +00:00] [INF] [43] MediaBrowser.MediaEncoding.Encoder.MediaEncoder: Trickplay generation: "/usr/lib/jellyfin-ffmpeg/ffmpeg -loglevel error -skip_frame nokey -init_hw_device rkmpp=rk -hwaccel rkmpp -hwaccel_output_format drm_prime -noautorotate -afbc rga -i file:\"/media/movies/being there/Being There.mkv\" -noautoscale -an -sn -vf \"fps=0.10000000149011612,setparams=color_primaries=bt709:color_trc=bt709:colorspace=bt709,vpp_rkrga=format=bgra:afbc=1,vpp_rkrga=w=320:h=176:format=nv12\" -threads 1 -c:v mjpeg_rkmpp -qp_init:v 90 -fps_mode passthrough -f image2 \"/tmp/jellyfin/132792bc7ae741ed9d43a1b079133164/%08d.jpg\""
[2026-09-02 03:00:05.300 +00:00] [ERR] [19] Jellyfin.Server.Implementations.Trickplay.TrickplayManager: Error creating trickplay images.
System.ArgumentException: Can't create trickplay from 0 images.
   at Jellyfin.Server.Implementations.Trickplay.TrickplayManager.CreateTiles(IReadOnlyList`1 images, Int32 width, TrickplayOptions options, String outputDir)
   at Jellyfin.Server.Implementations.Trickplay.TrickplayManager.RefreshTrickplayDataInternal(Video video, Boolean replace, Int32 width, TrickplayOptions options, LibraryOptions libraryOptions, CancellationToken cancellationToken)
[2026-09-02 03:00:05.302 +00:00] [INF] [19] Jellyfin.Server.Implementations.Trickplay.TrickplayManager: Creating trickplay files at 320 width, for "/media/movies/red.mkv" [ID: 37117c99-8b7f-8786-fa6c-f39d3c563168]
[2026-09-02 03:00:05.303 +00:00] [INF] [19] MediaBrowser.MediaEncoding.Encoder.MediaEncoder: Trickplay generation: "/usr/lib/jellyfin-ffmpeg/ffmpeg -loglevel error -skip_frame nokey -init_hw_device rkmpp=rk -hwaccel rkmpp -hwaccel_output_format drm_prime -noautorotate -afbc rga -i file:\"/media/movies/red.mkv\" -noautoscale -an -sn -vf \"fps=0.10000000149011612,setparams=color_primaries=bt709:color_trc=bt709:colorspace=bt709,vpp_rkrga=format=bgra:afbc=1,vpp_rkrga=w=320:h=136:format=nv12\" -threads 1 -c:v mjpeg_rkmpp -qp_init:v 90 -fps_mode passthrough -f image2 \"/tmp/jellyfin/12fca6ccf5bc4359a3a7bea23aabecbf/%08d.jpg\""
[2026-09-02 03:00:05.339 +00:00] [ERR] [19] Jellyfin.Server.Implementations.Trickplay.TrickplayManager: Error creating trickplay images.
System.ArgumentException: Can't create trickplay from 0 images.
   at Jellyfin.Server.Implementations.Trickplay.TrickplayManager.CreateTiles(IReadOnlyList`1 images, Int32 width, TrickplayOptions options, String outputDir)
   at Jellyfin.Server.Implementations.Trickplay.TrickplayManager.RefreshTrickplayDataInternal(Video video, Boolean replace, Int32 width, TrickplayOptions options, LibraryOptions libraryOptions, CancellationToken cancellationToken)
[2026-09-02 03:00:05.346 +00:00] [INF] [19] Jellyfin.Server.Implementations.Trickplay.TrickplayManager: Creating trickplay files at 320 width, for "/media/movies/A Few Good Men (1992).mp4" [ID: 9a56c930-4cef-7a22-d668-a0b45fe51e20]
[2026-09-02 03:00:05.348 +00:00] [INF] [19] MediaBrowser.MediaEncoding.Encoder.MediaEncoder: Trickplay generation: "/usr/lib/jellyfin-ffmpeg/ffmpeg -loglevel error -skip_frame nokey -init_hw_device rkmpp=rk -hwaccel rkmpp -hwaccel_output_format drm_prime -noautorotate -afbc rga -i file:\"/media/movies/A Few Good Men (1992).mp4\" -noautoscale -an -sn -vf \"fps=0.10000000149011612,setparams=color_primaries=bt709:color_trc=bt709:colorspace=bt709,vpp_rkrga=format=bgra:afbc=1,vpp_rkrga=w=320:h=180:format=nv12\" -threads 1 -c:v mjpeg_rkmpp -qp_init:v 90 -fps_mode passthrough -f image2 \"/tmp/jellyfin/e16417409471419ebe3478249aa183bf/%08d.jpg\""
[2026-09-02 03:00:12.241 +00:00] [INF] [44] Jellyfin.Server.Implementations.Trickplay.TrickplayManager: Finished creation of trickplay files for "/media/movies/A Few Good Men (1992).mp4"
[2026-09-02 03:00:12.274 +00:00] [INF] [44] Jellyfin.Server.Implementations.Trickplay.TrickplayManager: Creating trickplay files at 320 width, for "/media/movies/blackberry.mkv" [ID: 90502053-17d5-8be7-b9b1-a0aa8e4f6235]
[2026-09-02 03:00:12.274 +00:00] [INF] [44] MediaBrowser.MediaEncoding.Encoder.MediaEncoder: Trickplay generation: "/usr/lib/jellyfin-ffmpeg/ffmpeg -loglevel error -skip_frame nokey -init_hw_device rkmpp=rk -hwaccel rkmpp -hwaccel_output_format drm_prime -noautorotate -afbc rga -i file:\"/media/movies/blackberry.mkv\" -noautoscale -an -sn -vf \"fps=0.10000000149011612,setparams=color_primaries=bt709:color_trc=bt709:colorspace=bt709,vpp_rkrga=format=bgra:afbc=1,vpp_rkrga=w=320:h=162:format=nv12\" -threads 1 -c:v mjpeg_rkmpp -qp_init:v 90 -fps_mode passthrough -f image2 \"/tmp/jellyfin/65ffc220e8dc454287d104e472fd7798/%08d.jpg\""
[2026-09-02 03:00:12.314 +00:00] [ERR] [41] Jellyfin.Server.Implementations.Trickplay.TrickplayManager: Error creating trickplay images.
System.ArgumentException: Can't create trickplay from 0 images.
   at Jellyfin.Server.Implementations.Trickplay.TrickplayManager.CreateTiles(IReadOnlyList`1 images, Int32 width, TrickplayOptions options, String outputDir)
   at Jellyfin.Server.Implementations.Trickplay.TrickplayManager.RefreshTrickplayDataInternal(Video video, Boolean replace, Int32 width, TrickplayOptions options, LibraryOptions libraryOptions, CancellationToken cancellationToken)
[2026-09-02 03:00:12.315 +00:00] [INF] [41] Emby.Server.Implementations.ScheduledTasks.TaskManager: "Generate Trickplay Images" Completed after 0 minute(s) and 12 seconds
[2026-09-02 03:58:04.628 +00:00] [ERR] [101] Jellyfin.Plugin.LDAP_Auth.LdapAuthenticationProviderPlugin: Failed to Connect or Bind to server as user "CN=BindUser,DC=contoso,DC=com"
LdapException: Unable to connect to server ldap-server.contoso.com:389 (91) Connect Error
System.Net.Sockets.SocketException (00000005, 0xFFFDFFFF): Name or service not known
   at System.Net.Dns.GetHostEntryOrAddressesCore(String hostName, Boolean justAddresses, AddressFamily addressFamily, Nullable`1 startingTimestamp)
   at System.Net.Dns.<>c.<GetHostEntryOrAddressesCoreAsync>b__33_0(Object s, Int64 startingTimestamp)
   at System.Net.Dns.<>c__DisplayClass39_0`1.<RunAsync>b__0(Task <p0>, Object <p1>)
   at System.Threading.Tasks.ContinuationResultTaskFromTask`1.InnerInvoke()
   at System.Threading.ExecutionContext.RunInternal(ExecutionContext executionContext, ContextCallback callback, Object state)
--- End of stack trace from previous location ---
   at System.Threading.ExecutionContext.RunInternal(ExecutionContext executionContext, ContextCallback callback, Object state)
   at System.Threading.Tasks.Task.ExecuteWithThreadLocal(Task& currentTaskSlot, Thread threadPoolThread)
--- End of stack trace from previous location ---
   at Novell.Directory.Ldap.Connection.Connect(String host, Int32 port, Int32 semaphoreId)
[2026-09-02 03:58:04.637 +00:00] [INF] [101] Jellyfin.Server.Implementations.Users.UserManager: Authentication request for "admin" has been denied (IP: "127.0.0.1").
[2026-09-02 03:58:04.638 +00:00] [ERR] [101] Jellyfin.Api.Middleware.ExceptionMiddleware: Error processing request: "Invalid username or password entered". URL "POST" "/Users/authenticatebyname".
[2026-09-02 03:58:13.401 +00:00] [INF] [109] Jellyfin.Server.Implementations.Users.UserManager: Authentication request for "admin2" has succeeded.
[2026-09-02 03:58:13.402 +00:00] [INF] [109] Emby.Server.Implementations.Session.SessionManager: Current/Max sessions for user "admin2": 1/0
[2026-09-02 03:58:13.405 +00:00] [INF] [109] Emby.Server.Implementations.Session.SessionManager: Creating new access token for user 8622faae-841a-48c5-bb17-541857a083c3
[2026-09-02 03:59:01.455 +00:00] [INF] [106] Jellyfin.Api.Helpers.MediaInfoHelper: User policy for "admin2". EnablePlaybackRemuxing: True EnableVideoPlaybackTranscoding: True EnableAudioPlaybackTranscoding: True
[2026-09-02 03:59:01.544 +00:00] [INF] [99] Jellyfin.Plugin.PlaybackReporting.EventMonitorEntryPoint: Adding playback tracker : SmVsbHlmaW5EZXNrdG9wLzIuMC4wLWRldiAoV2lubnQ7IHg4Nl82NCkgQ2hyb21lLzEzMC4wLjAuMHwxNzg4MzIxNDQ0Mjg1-8622faae841a48c5bb17541857a083c3-1926c303d46378f6f1e28a97132c87c1
[2026-09-02 03:59:01.544 +00:00] [INF] [99] Jellyfin.Plugin.PlaybackReporting.Data.PlaybackTracker: PlaybackTracker : Adding Start Event : 09/02/2026 03:59:01
[2026-09-02 03:59:01.544 +00:00] [INF] [99] Jellyfin.Plugin.PlaybackReporting.EventMonitorEntryPoint: Creating StartPlaybackTimer Task
[2026-09-02 03:59:01.545 +00:00] [INF] [98] Jellyfin.Plugin.PlaybackReporting.EventMonitorEntryPoint: StartPlaybackTimer : Entered
[2026-09-02 03:59:02.585 +00:00] [INF] [99] Jellyfin.Plugin.PlaybackReporting.EventMonitorEntryPoint: Processing playback tracker : "SmVsbHlmaW5EZXNrdG9wLzIuMC4wLWRldiAoV2lubnQ7IHg4Nl82NCkgQ2hyb21lLzEzMC4wLjAuMHwxNzg4MzIxNDQ0Mjg1-8622faae841a48c5bb17541857a083c3-1926c303d46378f6f1e28a97132c87c1"
[2026-09-02 03:59:21.546 +00:00] [INF] [98] Jellyfin.Plugin.PlaybackReporting.EventMonitorEntryPoint: session.RemoteEndPoint : "127.0.0.1"
[2026-09-02 03:59:21.547 +00:00] [INF] [98] Jellyfin.Plugin.PlaybackReporting.EventMonitorEntryPoint: StartPlaybackTimer : event_playing_id     = "1926c303d46378f6f1e28a97132c87c1"
[2026-09-02 03:59:21.547 +00:00] [INF] [98] Jellyfin.Plugin.PlaybackReporting.EventMonitorEntryPoint: StartPlaybackTimer : event_user_id        = "8622faae841a48c5bb17541857a083c3"
[2026-09-02 03:59:21.547 +00:00] [INF] [98] Jellyfin.Plugin.PlaybackReporting.EventMonitorEntryPoint: StartPlaybackTimer : event_user_id_int    = 1
[2026-09-02 03:59:21.547 +00:00] [INF] [98] Jellyfin.Plugin.PlaybackReporting.EventMonitorEntryPoint: StartPlaybackTimer : session_playing_id   = "1926c303d46378f6f1e28a97132c87c1"
[2026-09-02 03:59:21.547 +00:00] [INF] [98] Jellyfin.Plugin.PlaybackReporting.EventMonitorEntryPoint: StartPlaybackTimer : session_user_id      = "8622faae841a48c5bb17541857a083c3"
[2026-09-02 03:59:21.547 +00:00] [INF] [98] Jellyfin.Plugin.PlaybackReporting.EventMonitorEntryPoint: StartPlaybackTimer : play_method          = "DirectPlay"
[2026-09-02 03:59:21.547 +00:00] [INF] [98] Jellyfin.Plugin.PlaybackReporting.EventMonitorEntryPoint: StartPlaybackTimer : e.ClientName         = "Jellyfin Desktop"
[2026-09-02 03:59:21.547 +00:00] [INF] [98] Jellyfin.Plugin.PlaybackReporting.EventMonitorEntryPoint: StartPlaybackTimer : e.DeviceName         = "house"
[2026-09-02 03:59:21.547 +00:00] [INF] [98] Jellyfin.Plugin.PlaybackReporting.EventMonitorEntryPoint: StartPlaybackTimer : ItemName             = "Aliens"
[2026-09-02 03:59:21.547 +00:00] [INF] [98] Jellyfin.Plugin.PlaybackReporting.EventMonitorEntryPoint: StartPlaybackTimer : ItemId               = "1926c303d46378f6f1e28a97132c87c1"
[2026-09-02 03:59:21.547 +00:00] [INF] [98] Jellyfin.Plugin.PlaybackReporting.EventMonitorEntryPoint: StartPlaybackTimer : ItemType             = "Movie"
[2026-09-02 03:59:21.547 +00:00] [INF] [98] Jellyfin.Plugin.PlaybackReporting.EventMonitorEntryPoint: StartPlaybackTimer : All matches, playback registered
[2026-09-02 03:59:21.547 +00:00] [INF] [98] Jellyfin.Plugin.PlaybackReporting.EventMonitorEntryPoint: Playback tracker found, adding playback info : "SmVsbHlmaW5EZXNrdG9wLzIuMC4wLWRldiAoV2lubnQ7IHg4Nl82NCkgQ2hyb21lLzEzMC4wLjAuMHwxNzg4MzIxNDQ0Mjg1-8622faae841a48c5bb17541857a083c3-1926c303d46378f6f1e28a97132c87c1"
[2026-09-02 03:59:21.548 +00:00] [INF] [98] Jellyfin.Plugin.PlaybackReporting.EventMonitorEntryPoint: Saving playback tracking activity in DB
[2026-09-02 03:59:21.554 +00:00] [INF] [98] Jellyfin.Plugin.PlaybackReporting.EventMonitorEntryPoint: StartPlaybackTimer : Exited
[2026-09-02 03:59:23.522 +00:00] [INF] [98] Jellyfin.Plugin.PlaybackReporting.EventMonitorEntryPoint: Processing playback tracker : "SmVsbHlmaW5EZXNrdG9wLzIuMC4wLWRldiAoV2lubnQ7IHg4Nl82NCkgQ2hyb21lLzEzMC4wLjAuMHwxNzg4MzIxNDQ0Mjg1-8622faae841a48c5bb17541857a083c3-1926c303d46378f6f1e28a97132c87c1"
[2026-09-02 03:59:44.514 +00:00] [INF] [98] Jellyfin.Plugin.PlaybackReporting.EventMonitorEntryPoint: Processing playback tracker : "SmVsbHlmaW5EZXNrdG9wLzIuMC4wLWRldiAoV2lubnQ7IHg4Nl82NCkgQ2hyb21lLzEzMC4wLjAuMHwxNzg4MzIxNDQ0Mjg1-8622faae841a48c5bb17541857a083c3-1926c303d46378f6f1e28a97132c87c1"
[2026-09-02 04:00:04.530 +00:00] [INF] [99] Jellyfin.Plugin.PlaybackReporting.EventMonitorEntryPoint: Processing playback tracker : "SmVsbHlmaW5EZXNrdG9wLzIuMC4wLWRldiAoV2lubnQ7IHg4Nl82NCkgQ2hyb21lLzEzMC4wLjAuMHwxNzg4MzIxNDQ0Mjg1-8622faae841a48c5bb17541857a083c3-1926c303d46378f6f1e28a97132c87c1"
[2026-09-02 04:00:14.185 +00:00] [INF] [106] Jellyfin.Api.Helpers.MediaInfoHelper: User policy for "admin2". EnablePlaybackRemuxing: True EnableVideoPlaybackTranscoding: True EnableAudioPlaybackTranscoding: True
[2026-09-02 04:00:24.546 +00:00] [INF] [99] Jellyfin.Plugin.PlaybackReporting.EventMonitorEntryPoint: Processing playback tracker : "SmVsbHlmaW5EZXNrdG9wLzIuMC4wLWRldiAoV2lubnQ7IHg4Nl82NCkgQ2hyb21lLzEzMC4wLjAuMHwxNzg4MzIxNDQ0Mjg1-8622faae841a48c5bb17541857a083c3-1926c303d46378f6f1e28a97132c87c1"
[2026-09-02 04:00:45.542 +00:00] [INF] [100] Jellyfin.Plugin.PlaybackReporting.EventMonitorEntryPoint: Processing playback tracker : "SmVsbHlmaW5EZXNrdG9wLzIuMC4wLWRldiAoV2lubnQ7IHg4Nl82NCkgQ2hyb21lLzEzMC4wLjAuMHwxNzg4MzIxNDQ0Mjg1-8622faae841a48c5bb17541857a083c3-1926c303d46378f6f1e28a97132c87c1"
[2026-09-02 04:01:06.532 +00:00] [INF] [99] Jellyfin.Plugin.PlaybackReporting.EventMonitorEntryPoint: Processing playback tracker : "SmVsbHlmaW5EZXNrdG9wLzIuMC4wLWRldiAoV2lubnQ7IHg4Nl82NCkgQ2hyb21lLzEzMC4wLjAuMHwxNzg4MzIxNDQ0Mjg1-8622faae841a48c5bb17541857a083c3-1926c303d46378f6f1e28a97132c87c1"
[2026-09-02 04:01:24.790 +00:00] [INF] [99] Emby.Server.Implementations.Session.SessionManager: Playback stopped reported by app "Jellyfin Desktop" "2.0.0-dev" playing "Aliens". Stopped at "0" ms
[2026-09-02 04:01:24.802 +00:00] [INF] [23] Jellyfin.Plugin.PlaybackReporting.EventMonitorEntryPoint: Playback stop tracker found, processing stop : "SmVsbHlmaW5EZXNrdG9wLzIuMC4wLWRldiAoV2lubnQ7IHg4Nl82NCkgQ2hyb21lLzEzMC4wLjAuMHwxNzg4MzIxNDQ0Mjg1-8622faae841a48c5bb17541857a083c3-1926c303d46378f6f1e28a97132c87c1"
[2026-09-02 04:01:24.802 +00:00] [INF] [23] Jellyfin.Plugin.PlaybackReporting.Data.PlaybackTracker: PlaybackTracker : Adding Stop Event : 09/02/2026 04:01:24
[2026-09-02 04:01:24.802 +00:00] [INF] [23] Jellyfin.Plugin.PlaybackReporting.EventMonitorEntryPoint: Saving playback tracking activity in DB
[2026-09-02 04:28:08.103 +00:00] [INF] [88] Emby.Server.Implementations.Session.SessionManager: Sending shutdown notifications
[2026-09-02 04:28:08.127 +00:00] [INF] [31] Jellyfin.Networking.PortForwardingHost: Stopping NAT discovery
[2026-09-02 04:28:08.151 +00:00] [INF] [97] Main: Running query planner optimizations in the database... This might take a while
[2026-09-02 04:28:08.238 +00:00] [INF] [23] Emby.Server.Implementations.IO.LibraryMonitor: Stopping directory watching for path "/media/movies"
[2026-09-02 04:28:08.266 +00:00] [INF] [97] Emby.Server.Implementations.ApplicationHost: Disposing "CoreAppHost"
[2026-09-02 04:28:08.267 +00:00] [INF] [97] Emby.Server.Implementations.ApplicationHost: Disposing "MusicBrainzArtistProvider"
[2026-09-02 04:28:08.267 +00:00] [INF] [97] Emby.Server.Implementations.ApplicationHost: Disposing "MusicBrainzAlbumProvider"
[2026-09-02 04:28:08.267 +00:00] [INF] [97] Emby.Server.Implementations.ApplicationHost: Disposing "PluginManager"
